protocol_version,benchmark_name,task_id,layout_id,tuple,object,skill,spatial_region,language,bddl_path,bddl_sha256,object_to_slot_json,goal_expression,goal_predicates_json,receiver_region,source_slot_ranges_json,target_region_ranges_json,observation_camera_spec_json
libero_36_proxy_tabletop_draft_v5,libero_registered_object_36_proxy_tabletop,0,0,akita_black_bowl*put_on_top*left,akita_black_bowl,put_on_top,left,Pick up the akita black bowl and place it on the plate in the left region,data/libero_36/bddl/task_000_layout_0_akita_black_bowl_put_on_top_left.bddl,fa6eae616c5d30e749f4918a722dab06cad783c60ce7db108cbe9990b86c9ce7,"{""akita_black_bowl"":0,""alphabet_soup"":2,""cream_cheese"":3,""white_yellow_mug"":1}",(And (On akita_black_bowl_1 plate_1)),"[[""on"",""akita_black_bowl_1"",""plate_1""]]",main_table_target_left_region,"{""0"":[0.04,-0.244,0.11,-0.182],""1"":[0.04,-0.102,0.11,-0.04],""2"":[0.04,0.04,0.11,0.102],""3"":[0.04,0.182,0.11,0.244]}","{""left"":[-0.2,-0.28,-0.04,-0.14],""middle"":[-0.2,-0.07,-0.04,0.07],""right"":[-0.2,0.14,-0.04,0.28]}","{""agentview_camera_name"":""agentview"",""agentview_fovy_deg"":75.0,""agentview_position_m"":[0.6586131746834771,0.0,1.6103500240372424],""agentview_quaternion_wxyz"":[0.6380177736282349,0.3048497438430786,0.30484986305236816,0.6380177736282349],""apply_after_every_reset"":true,""camera_height"":128,""camera_protocol_version"":""libero_36_agentview_v1"",""camera_width"":128,""observation_refresh_after_apply"":true,""raw_reset_agentview_fovy_deg"":45.0}"
libero_36_proxy_tabletop_draft_v5,libero_registered_object_36_proxy_tabletop,0,1,akita_black_bowl*put_on_top*left,akita_black_bowl,put_on_top,left,Pick up the akita black bowl and place it on the plate in the left region,data/libero_36/bddl/task_000_layout_1_akita_black_bowl_put_on_top_left.bddl,2908233f31c329c2719c8a088796d5d375082cf89e7d11e1ae460284bcaa667c,"{""akita_black_bowl"":1,""alphabet_soup"":3,""cream_cheese"":0,""white_yellow_mug"":2}",(And (On akita_black_bowl_1 plate_1)),"[[""on"",""akita_black_bowl_1"",""plate_1""]]",main_table_target_left_region,"{""0"":[0.04,-0.244,0.11,-0.182],""1"":[0.04,-0.102,0.11,-0.04],""2"":[0.04,0.04,0.11,0.102],""3"":[0.04,0.182,0.11,0.244]}","{""left"":[-0.2,-0.28,-0.04,-0.14],""middle"":[-0.2,-0.07,-0.04,0.07],""right"":[-0.2,0.14,-0.04,0.28]}","{""agentview_camera_name"":""agentview"",""agentview_fovy_deg"":75.0,""agentview_position_m"":[0.6586131746834771,0.0,1.6103500240372424],""agentview_quaternion_wxyz"":[0.6380177736282349,0.3048497438430786,0.30484986305236816,0.6380177736282349],""apply_after_every_reset"":true,""camera_height"":128,""camera_protocol_version"":""libero_36_agentview_v1"",""camera_width"":128,""observation_refresh_after_apply"":true,""raw_reset_agentview_fovy_deg"":45.0}"
libero_36_proxy_tabletop_draft_v5,libero_registered_object_36_proxy_tabletop,0,2,akita_black_bowl*put_on_top*left,akita_black_bowl,put_on_top,left,Pick up the akita black bowl and place it on the plate in the left region,data/libero_36/bddl/task_000_layout_2_akita_black_bowl_put_on_top_left.bddl,5267ee4e6e7601ba701adba1064b92cb572813eb8ef6458c09b7d50feef87d5f,"{""akita_black_bowl"":2,""alphabet_soup"":0,""cream_cheese"":1,""white_yellow_mug"":3}",(And (On akita_black_bowl_1 plate_1)),"[[""on"",""akita_black_bowl_1"",""plate_1""]]",main_table_target_left_region,"{""0"":[0.04,-0.244,0.11,-0.182],""1"":[0.04,-0.102,0.11,-0.04],""2"":[0.04,0.04,0.11,0.102],""3"":[0.04,0.182,0.11,0.244]}","{""left"":[-0.2,-0.28,-0.04,-0.14],""middle"":[-0.2,-0.07,-0.04,0.07],""right"":[-0.2,0.14,-0.04,0.28]}","{""agentview_camera_name"":""agentview"",""agentview_fovy_deg"":75.0,""agentview_position_m"":[0.6586131746834771,0.0,1.6103500240372424],""agentview_quaternion_wxyz"":[0.6380177736282349,0.3048497438430786,0.30484986305236816,0.6380177736282349],""apply_after_every_reset"":true,""camera_height"":128,""camera_protocol_version"":""libero_36_agentview_v1"",""camera_width"":128,""observation_refresh_after_apply"":true,""raw_reset_agentview_fovy_deg"":45.0}"
libero_36_proxy_tabletop_draft_v5,libero_registered_object_36_proxy_tabletop,0,3,akita_black_bowl*put_on_top*left,akita_black_bowl,put_on_top,left,Pick up the akita black bowl and place it on the plate in the left region,data/libero_36/bddl/task_000_layout_3_akita_black_bowl_put_on_top_left.bddl,143c2676592b8143c6bff9ecc3ef6e04b0d3b436d4841cecd3eb85bfa8c54c72,"{""akita_black_bowl"":3,""alphabet_soup"":1,""cream_cheese"":2,""white_yellow_mug"":0}",(And (On akita_black_bowl_1 plate_1)),"[[""on"",""akita_black_bowl_1"",""plate_1""]]",main_table_target_left_region,"{""0"":[0.04,-0.244,0.11,-0.182],""1"":[0.04,-0.102,0.11,-0.04],""2"":[0.04,0.04,0.11,0.102],""3"":[0.04,0.182,0.11,0.244]}","{""left"":[-0.2,-0.28,-0.04,-0.14],""middle"":[-0.2,-0.07,-0.04,0.07],""right"":[-0.2,0.14,-0.04,0.28]}","{""agentview_camera_name"":""agentview"",""agentview_fovy_deg"":75.0,""agentview_position_m"":[0.6586131746834771,0.0,1.6103500240372424],""agentview_quaternion_wxyz"":[0.6380177736282349,0.3048497438430786,0.30484986305236816,0.6380177736282349],""apply_after_every_reset"":true,""camera_height"":128,""camera_protocol_version"":""libero_36_agentview_v1"",""camera_width"":128,""observation_refresh_after_apply"":true,""raw_reset_agentview_fovy_deg"":45.0}"
libero_36_proxy_tabletop_draft_v5,libero_registered_object_36_proxy_tabletop,1,0,akita_black_bowl*put_on_top*middle,akita_black_bowl,put_on_top,middle,Pick up the akita black bowl and place it on the plate in the middle region,data/libero_36/bddl/task_001_layout_0_akita_black_bowl_put_on_top_middle.bddl,e64d33ca651587b462fe7a5c042e0e725d4fc78935d89b72e352411e24f0e300,"{""akita_black_bowl"":0,""alphabet_soup"":2,""cream_cheese"":3,""white_yellow_mug"":1}",(And (On akita_black_bowl_1 plate_1)),"[[""on"",""akita_black_bowl_1"",""plate_1""]]",main_table_target_middle_region,"{""0"":[0.04,-0.244,0.11,-0.182],""1"":[0.04,-0.102,0.11,-0.04],""2"":[0.04,0.04,0.11,0.102],""3"":[0.04,0.182,0.11,0.244]}","{""left"":[-0.2,-0.28,-0.04,-0.14],""middle"":[-0.2,-0.07,-0.04,0.07],""right"":[-0.2,0.14,-0.04,0.28]}","{""agentview_camera_name"":""agentview"",""agentview_fovy_deg"":75.0,""agentview_position_m"":[0.6586131746834771,0.0,1.6103500240372424],""agentview_quaternion_wxyz"":[0.6380177736282349,0.3048497438430786,0.30484986305236816,0.6380177736282349],""apply_after_every_reset"":true,""camera_height"":128,""camera_protocol_version"":""libero_36_agentview_v1"",""camera_width"":128,""observation_refresh_after_apply"":true,""raw_reset_agentview_fovy_deg"":45.0}"
libero_36_proxy_tabletop_draft_v5,libero_registered_object_36_proxy_tabletop,1,1,akita_black_bowl*put_on_top*middle,akita_black_bowl,put_on_top,middle,Pick up the akita black bowl and place it on the plate in the middle region,data/libero_36/bddl/task_001_layout_1_akita_black_bowl_put_on_top_middle.bddl,e2dd32645afae8c73d435bec40fc37f6e5854a2c940dc83eccf01cb41a6e7eac,"{""akita_black_bowl"":1,""alphabet_soup"":3,""cream_cheese"":0,""white_yellow_mug"":2}",(And (On akita_black_bowl_1 plate_1)),"[[""on"",""akita_black_bowl_1"",""plate_1""]]",main_table_target_middle_region,"{""0"":[0.04,-0.244,0.11,-0.182],""1"":[0.04,-0.102,0.11,-0.04],""2"":[0.04,0.04,0.11,0.102],""3"":[0.04,0.182,0.11,0.244]}","{""left"":[-0.2,-0.28,-0.04,-0.14],""middle"":[-0.2,-0.07,-0.04,0.07],""right"":[-0.2,0.14,-0.04,0.28]}","{""agentview_camera_name"":""agentview"",""agentview_fovy_deg"":75.0,""agentview_position_m"":[0.6586131746834771,0.0,1.6103500240372424],""agentview_quaternion_wxyz"":[0.6380177736282349,0.3048497438430786,0.30484986305236816,0.6380177736282349],""apply_after_every_reset"":true,""camera_height"":128,""camera_protocol_version"":""libero_36_agentview_v1"",""camera_width"":128,""observation_refresh_after_apply"":true,""raw_reset_agentview_fovy_deg"":45.0}"
libero_36_proxy_tabletop_draft_v5,libero_registered_object_36_proxy_tabletop,1,2,akita_black_bowl*put_on_top*middle,akita_black_bowl,put_on_top,middle,Pick up the akita black bowl and place it on the plate in the middle region,data/libero_36/bddl/task_001_layout_2_akita_black_bowl_put_on_top_middle.bddl,db2a07f45ce422e78db87cd9d065dc6fad51468c286c0047207a35efce3ffe85,"{""akita_black_bowl"":2,""alphabet_soup"":0,""cream_cheese"":1,""white_yellow_mug"":3}",(And (On akita_black_bowl_1 plate_1)),"[[""on"",""akita_black_bowl_1"",""plate_1""]]",main_table_target_middle_region,"{""0"":[0.04,-0.244,0.11,-0.182],""1"":[0.04,-0.102,0.11,-0.04],""2"":[0.04,0.04,0.11,0.102],""3"":[0.04,0.182,0.11,0.244]}","{""left"":[-0.2,-0.28,-0.04,-0.14],""middle"":[-0.2,-0.07,-0.04,0.07],""right"":[-0.2,0.14,-0.04,0.28]}","{""agentview_camera_name"":""agentview"",""agentview_fovy_deg"":75.0,""agentview_position_m"":[0.6586131746834771,0.0,1.6103500240372424],""agentview_quaternion_wxyz"":[0.6380177736282349,0.3048497438430786,0.30484986305236816,0.6380177736282349],""apply_after_every_reset"":true,""camera_height"":128,""camera_protocol_version"":""libero_36_agentview_v1"",""camera_width"":128,""observation_refresh_after_apply"":true,""raw_reset_agentview_fovy_deg"":45.0}"
libero_36_proxy_tabletop_draft_v5,libero_registered_object_36_proxy_tabletop,1,3,akita_black_bowl*put_on_top*middle,akita_black_bowl,put_on_top,middle,Pick up the akita black bowl and place it on the plate in the middle region,data/libero_36/bddl/task_001_layout_3_akita_black_bowl_put_on_top_middle.bddl,0acce07581585c6ef31dee4ede67d2b5cfd49d952d8d7776d480a6b4da4ab593,"{""akita_black_bowl"":3,""alphabet_soup"":1,""cream_cheese"":2,""white_yellow_mug"":0}",(And (On akita_black_bowl_1 plate_1)),"[[""on"",""akita_black_bowl_1"",""plate_1""]]",main_table_target_middle_region,"{""0"":[0.04,-0.244,0.11,-0.182],""1"":[0.04,-0.102,0.11,-0.04],""2"":[0.04,0.04,0.11,0.102],""3"":[0.04,0.182,0.11,0.244]}","{""left"":[-0.2,-0.28,-0.04,-0.14],""middle"":[-0.2,-0.07,-0.04,0.07],""right"":[-0.2,0.14,-0.04,0.28]}","{""agentview_camera_name"":""agentview"",""agentview_fovy_deg"":75.0,""agentview_position_m"":[0.6586131746834771,0.0,1.6103500240372424],""agentview_quaternion_wxyz"":[0.6380177736282349,0.3048497438430786,0.30484986305236816,0.6380177736282349],""apply_after_every_reset"":true,""camera_height"":128,""camera_protocol_version"":""libero_36_agentview_v1"",""camera_width"":128,""observation_refresh_after_apply"":true,""raw_reset_agentview_fovy_deg"":45.0}"
libero_36_proxy_tabletop_draft_v5,libero_registered_object_36_proxy_tabletop,2,0,akita_black_bowl*put_on_top*right,akita_black_bowl,put_on_top,right,Pick up the akita black bowl and place it on the plate in the right region,data/libero_36/bddl/task_002_layout_0_akita_black_bowl_put_on_top_right.bddl,63270faddebec66ae30ecdd19aa8c31ea03654528c8c7277568b231ef7618a0c,"{""akita_black_bowl"":0,""alphabet_soup"":2,""cream_cheese"":3,""white_yellow_mug"":1}",(And (On akita_black_bowl_1 plate_1)),"[[""on"",""akita_black_bowl_1"",""plate_1""]]",main_table_target_right_region,"{""0"":[0.04,-0.244,0.11,-0.182],""1"":[0.04,-0.102,0.11,-0.04],""2"":[0.04,0.04,0.11,0.102],""3"":[0.04,0.182,0.11,0.244]}","{""left"":[-0.2,-0.28,-0.04,-0.14],""middle"":[-0.2,-0.07,-0.04,0.07],""right"":[-0.2,0.14,-0.04,0.28]}","{""agentview_camera_name"":""agentview"",""agentview_fovy_deg"":75.0,""agentview_position_m"":[0.6586131746834771,0.0,1.6103500240372424],""agentview_quaternion_wxyz"":[0.6380177736282349,0.3048497438430786,0.30484986305236816,0.6380177736282349],""apply_after_every_reset"":true,""camera_height"":128,""camera_protocol_version"":""libero_36_agentview_v1"",""camera_width"":128,""observation_refresh_after_apply"":true,""raw_reset_agentview_fovy_deg"":45.0}"
libero_36_proxy_tabletop_draft_v5,libero_registered_object_36_proxy_tabletop,2,1,akita_black_bowl*put_on_top*right,akita_black_bowl,put_on_top,right,Pick up the akita black bowl and place it on the plate in the right region,data/libero_36/bddl/task_002_layout_1_akita_black_bowl_put_on_top_right.bddl,a14cab92406ee788c27559d721860586228d09c8ff87a83a4b81dd0b426b7c33,"{""akita_black_bowl"":1,""alphabet_soup"":3,""cream_cheese"":0,""white_yellow_mug"":2}",(And (On akita_black_bowl_1 plate_1)),"[[""on"",""akita_black_bowl_1"",""plate_1""]]",main_table_target_right_region,"{""0"":[0.04,-0.244,0.11,-0.182],""1"":[0.04,-0.102,0.11,-0.04],""2"":[0.04,0.04,0.11,0.102],""3"":[0.04,0.182,0.11,0.244]}","{""left"":[-0.2,-0.28,-0.04,-0.14],""middle"":[-0.2,-0.07,-0.04,0.07],""right"":[-0.2,0.14,-0.04,0.28]}","{""agentview_camera_name"":""agentview"",""agentview_fovy_deg"":75.0,""agentview_position_m"":[0.6586131746834771,0.0,1.6103500240372424],""agentview_quaternion_wxyz"":[0.6380177736282349,0.3048497438430786,0.30484986305236816,0.6380177736282349],""apply_after_every_reset"":true,""camera_height"":128,""camera_protocol_version"":""libero_36_agentview_v1"",""camera_width"":128,""observation_refresh_after_apply"":true,""raw_reset_agentview_fovy_deg"":45.0}"
libero_36_proxy_tabletop_draft_v5,libero_registered_object_36_proxy_tabletop,2,2,akita_black_bowl*put_on_top*right,akita_black_bowl,put_on_top,right,Pick up the akita black bowl and place it on the plate in the right region,data/libero_36/bddl/task_002_layout_2_akita_black_bowl_put_on_top_right.bddl,39632f3427e091368d7de08edbd697ff7dcc9fe426a4934311ba0e1952a52862,"{""akita_black_bowl"":2,""alphabet_soup"":0,""cream_cheese"":1,""white_yellow_mug"":3}",(And (On akita_black_bowl_1 plate_1)),"[[""on"",""akita_black_bowl_1"",""plate_1""]]",main_table_target_right_region,"{""0"":[0.04,-0.244,0.11,-0.182],""1"":[0.04,-0.102,0.11,-0.04],""2"":[0.04,0.04,0.11,0.102],""3"":[0.04,0.182,0.11,0.244]}","{""left"":[-0.2,-0.28,-0.04,-0.14],""middle"":[-0.2,-0.07,-0.04,0.07],""right"":[-0.2,0.14,-0.04,0.28]}","{""agentview_camera_name"":""agentview"",""agentview_fovy_deg"":75.0,""agentview_position_m"":[0.6586131746834771,0.0,1.6103500240372424],""agentview_quaternion_wxyz"":[0.6380177736282349,0.3048497438430786,0.30484986305236816,0.6380177736282349],""apply_after_every_reset"":true,""camera_height"":128,""camera_protocol_version"":""libero_36_agentview_v1"",""camera_width"":128,""observation_refresh_after_apply"":true,""raw_reset_agentview_fovy_deg"":45.0}"
libero_36_proxy_tabletop_draft_v5,libero_registered_object_36_proxy_tabletop,2,3,akita_black_bowl*put_on_top*right,akita_black_bowl,put_on_top,right,Pick up the akita black bowl and place it on the plate in the right region,data/libero_36/bddl/task_002_layout_3_akita_black_bowl_put_on_top_right.bddl,0e5b7fefd7893395d977d8920c8b3398b763328a242552269e6fb98a7013681b,"{""akita_black_bowl"":3,""alphabet_soup"":1,""cream_cheese"":2,""white_yellow_mug"":0}",(And (On akita_black_bowl_1 plate_1)),"[[""on"",""akita_black_bowl_1"",""plate_1""]]",main_table_target_right_region,"{""0"":[0.04,-0.244,0.11,-0.182],""1"":[0.04,-0.102,0.11,-0.04],""2"":[0.04,0.04,0.11,0.102],""3"":[0.04,0.182,0.11,0.244]}","{""left"":[-0.2,-0.28,-0.04,-0.14],""middle"":[-0.2,-0.07,-0.04,0.07],""right"":[-0.2,0.14,-0.04,0.28]}","{""agentview_camera_name"":""agentview"",""agentview_fovy_deg"":75.0,""agentview_position_m"":[0.6586131746834771,0.0,1.6103500240372424],""agentview_quaternion_wxyz"":[0.6380177736282349,0.3048497438430786,0.30484986305236816,0.6380177736282349],""apply_after_every_reset"":true,""camera_height"":128,""camera_protocol_version"":""libero_36_agentview_v1"",""camera_width"":128,""observation_refresh_after_apply"":true,""raw_reset_agentview_fovy_deg"":45.0}"
libero_36_proxy_tabletop_draft_v5,libero_registered_object_36_proxy_tabletop,3,0,akita_black_bowl*put_inside*left,akita_black_bowl,put_inside,left,Pick up the akita black bowl and place it inside the basket in the left region,data/libero_36/bddl/task_003_layout_0_akita_black_bowl_put_inside_left.bddl,b66127649b8369674f939dd2f90ca17236165c7ba6a9f9b64c9efb9ddb4a281f,"{""akita_black_bowl"":0,""alphabet_soup"":2,""cream_cheese"":3,""white_yellow_mug"":1}",(And (In akita_black_bowl_1 basket_1_contain_region)),"[[""in"",""akita_black_bowl_1"",""basket_1_contain_region""]]",main_table_target_left_region,"{""0"":[0.04,-0.244,0.11,-0.182],""1"":[0.04,-0.102,0.11,-0.04],""2"":[0.04,0.04,0.11,0.102],""3"":[0.04,0.182,0.11,0.244]}","{""left"":[-0.2,-0.28,-0.04,-0.14],""middle"":[-0.2,-0.07,-0.04,0.07],""right"":[-0.2,0.14,-0.04,0.28]}","{""agentview_camera_name"":""agentview"",""agentview_fovy_deg"":75.0,""agentview_position_m"":[0.6586131746834771,0.0,1.6103500240372424],""agentview_quaternion_wxyz"":[0.6380177736282349,0.3048497438430786,0.30484986305236816,0.6380177736282349],""apply_after_every_reset"":true,""camera_height"":128,""camera_protocol_version"":""libero_36_agentview_v1"",""camera_width"":128,""observation_refresh_after_apply"":true,""raw_reset_agentview_fovy_deg"":45.0}"
libero_36_proxy_tabletop_draft_v5,libero_registered_object_36_proxy_tabletop,3,1,akita_black_bowl*put_inside*left,akita_black_bowl,put_inside,left,Pick up the akita black bowl and place it inside the basket in the left region,data/libero_36/bddl/task_003_layout_1_akita_black_bowl_put_inside_left.bddl,ed747b57830cb367016b6056267ba9a55dc73bba9d5aaf2cf3eb8f0a86f36115,"{""akita_black_bowl"":1,""alphabet_soup"":3,""cream_cheese"":0,""white_yellow_mug"":2}",(And (In akita_black_bowl_1 basket_1_contain_region)),"[[""in"",""akita_black_bowl_1"",""basket_1_contain_region""]]",main_table_target_left_region,"{""0"":[0.04,-0.244,0.11,-0.182],""1"":[0.04,-0.102,0.11,-0.04],""2"":[0.04,0.04,0.11,0.102],""3"":[0.04,0.182,0.11,0.244]}","{""left"":[-0.2,-0.28,-0.04,-0.14],""middle"":[-0.2,-0.07,-0.04,0.07],""right"":[-0.2,0.14,-0.04,0.28]}","{""agentview_camera_name"":""agentview"",""agentview_fovy_deg"":75.0,""agentview_position_m"":[0.6586131746834771,0.0,1.6103500240372424],""agentview_quaternion_wxyz"":[0.6380177736282349,0.3048497438430786,0.30484986305236816,0.6380177736282349],""apply_after_every_reset"":true,""camera_height"":128,""camera_protocol_version"":""libero_36_agentview_v1"",""camera_width"":128,""observation_refresh_after_apply"":true,""raw_reset_agentview_fovy_deg"":45.0}"
libero_36_proxy_tabletop_draft_v5,libero_registered_object_36_proxy_tabletop,3,2,akita_black_bowl*put_inside*left,akita_black_bowl,put_inside,left,Pick up the akita black bowl and place it inside the basket in the left region,data/libero_36/bddl/task_003_layout_2_akita_black_bowl_put_inside_left.bddl,00f4bef2002e5a8ec67d346d920224149a307feb009ec87b024dc548fd1482c0,"{""akita_black_bowl"":2,""alphabet_soup"":0,""cream_cheese"":1,""white_yellow_mug"":3}",(And (In akita_black_bowl_1 basket_1_contain_region)),"[[""in"",""akita_black_bowl_1"",""basket_1_contain_region""]]",main_table_target_left_region,"{""0"":[0.04,-0.244,0.11,-0.182],""1"":[0.04,-0.102,0.11,-0.04],""2"":[0.04,0.04,0.11,0.102],""3"":[0.04,0.182,0.11,0.244]}","{""left"":[-0.2,-0.28,-0.04,-0.14],""middle"":[-0.2,-0.07,-0.04,0.07],""right"":[-0.2,0.14,-0.04,0.28]}","{""agentview_camera_name"":""agentview"",""agentview_fovy_deg"":75.0,""agentview_position_m"":[0.6586131746834771,0.0,1.6103500240372424],""agentview_quaternion_wxyz"":[0.6380177736282349,0.3048497438430786,0.30484986305236816,0.6380177736282349],""apply_after_every_reset"":true,""camera_height"":128,""camera_protocol_version"":""libero_36_agentview_v1"",""camera_width"":128,""observation_refresh_after_apply"":true,""raw_reset_agentview_fovy_deg"":45.0}"
libero_36_proxy_tabletop_draft_v5,libero_registered_object_36_proxy_tabletop,3,3,akita_black_bowl*put_inside*left,akita_black_bowl,put_inside,left,Pick up the akita black bowl and place it inside the basket in the left region,data/libero_36/bddl/task_003_layout_3_akita_black_bowl_put_inside_left.bddl,9835b29b65a5c4755f65d6fe2a0b29262e54b59973e0ad5383d3d12a3585e13d,"{""akita_black_bowl"":3,""alphabet_soup"":1,""cream_cheese"":2,""white_yellow_mug"":0}",(And (In akita_black_bowl_1 basket_1_contain_region)),"[[""in"",""akita_black_bowl_1"",""basket_1_contain_region""]]",main_table_target_left_region,"{""0"":[0.04,-0.244,0.11,-0.182],""1"":[0.04,-0.102,0.11,-0.04],""2"":[0.04,0.04,0.11,0.102],""3"":[0.04,0.182,0.11,0.244]}","{""left"":[-0.2,-0.28,-0.04,-0.14],""middle"":[-0.2,-0.07,-0.04,0.07],""right"":[-0.2,0.14,-0.04,0.28]}","{""agentview_camera_name"":""agentview"",""agentview_fovy_deg"":75.0,""agentview_position_m"":[0.6586131746834771,0.0,1.6103500240372424],""agentview_quaternion_wxyz"":[0.6380177736282349,0.3048497438430786,0.30484986305236816,0.6380177736282349],""apply_after_every_reset"":true,""camera_height"":128,""camera_protocol_version"":""libero_36_agentview_v1"",""camera_width"":128,""observation_refresh_after_apply"":true,""raw_reset_agentview_fovy_deg"":45.0}"
libero_36_proxy_tabletop_draft_v5,libero_registered_object_36_proxy_tabletop,4,0,akita_black_bowl*put_inside*middle,akita_black_bowl,put_inside,middle,Pick up the akita black bowl and place it inside the basket in the middle region,data/libero_36/bddl/task_004_layout_0_akita_black_bowl_put_inside_middle.bddl,821996ce8dab2e8892c2d19c518b1cb6c92bbe1c0feadf47fe08af369ee9197e,"{""akita_black_bowl"":0,""alphabet_soup"":2,""cream_cheese"":3,""white_yellow_mug"":1}",(And (In akita_black_bowl_1 basket_1_contain_region)),"[[""in"",""akita_black_bowl_1"",""basket_1_contain_region""]]",main_table_target_middle_region,"{""0"":[0.04,-0.244,0.11,-0.182],""1"":[0.04,-0.102,0.11,-0.04],""2"":[0.04,0.04,0.11,0.102],""3"":[0.04,0.182,0.11,0.244]}","{""left"":[-0.2,-0.28,-0.04,-0.14],""middle"":[-0.2,-0.07,-0.04,0.07],""right"":[-0.2,0.14,-0.04,0.28]}","{""agentview_camera_name"":""agentview"",""agentview_fovy_deg"":75.0,""agentview_position_m"":[0.6586131746834771,0.0,1.6103500240372424],""agentview_quaternion_wxyz"":[0.6380177736282349,0.3048497438430786,0.30484986305236816,0.6380177736282349],""apply_after_every_reset"":true,""camera_height"":128,""camera_protocol_version"":""libero_36_agentview_v1"",""camera_width"":128,""observation_refresh_after_apply"":true,""raw_reset_agentview_fovy_deg"":45.0}"
libero_36_proxy_tabletop_draft_v5,libero_registered_object_36_proxy_tabletop,4,1,akita_black_bowl*put_inside*middle,akita_black_bowl,put_inside,middle,Pick up the akita black bowl and place it inside the basket in the middle region,data/libero_36/bddl/task_004_layout_1_akita_black_bowl_put_inside_middle.bddl,61fd6baaaf5ad06586209cee445fedf560453c785c399be5d040293862f7897c,"{""akita_black_bowl"":1,""alphabet_soup"":3,""cream_cheese"":0,""white_yellow_mug"":2}",(And (In akita_black_bowl_1 basket_1_contain_region)),"[[""in"",""akita_black_bowl_1"",""basket_1_contain_region""]]",main_table_target_middle_region,"{""0"":[0.04,-0.244,0.11,-0.182],""1"":[0.04,-0.102,0.11,-0.04],""2"":[0.04,0.04,0.11,0.102],""3"":[0.04,0.182,0.11,0.244]}","{""left"":[-0.2,-0.28,-0.04,-0.14],""middle"":[-0.2,-0.07,-0.04,0.07],""right"":[-0.2,0.14,-0.04,0.28]}","{""agentview_camera_name"":""agentview"",""agentview_fovy_deg"":75.0,""agentview_position_m"":[0.6586131746834771,0.0,1.6103500240372424],""agentview_quaternion_wxyz"":[0.6380177736282349,0.3048497438430786,0.30484986305236816,0.6380177736282349],""apply_after_every_reset"":true,""camera_height"":128,""camera_protocol_version"":""libero_36_agentview_v1"",""camera_width"":128,""observation_refresh_after_apply"":true,""raw_reset_agentview_fovy_deg"":45.0}"
libero_36_proxy_tabletop_draft_v5,libero_registered_object_36_proxy_tabletop,4,2,akita_black_bowl*put_inside*middle,akita_black_bowl,put_inside,middle,Pick up the akita black bowl and place it inside the basket in the middle region,data/libero_36/bddl/task_004_layout_2_akita_black_bowl_put_inside_middle.bddl,5433d289ce9f80f647ee088784f30143868da2adfdcdc32a578e3e0b2c51b8e4,"{""akita_black_bowl"":2,""alphabet_soup"":0,""cream_cheese"":1,""white_yellow_mug"":3}",(And (In akita_black_bowl_1 basket_1_contain_region)),"[[""in"",""akita_black_bowl_1"",""basket_1_contain_region""]]",main_table_target_middle_region,"{""0"":[0.04,-0.244,0.11,-0.182],""1"":[0.04,-0.102,0.11,-0.04],""2"":[0.04,0.04,0.11,0.102],""3"":[0.04,0.182,0.11,0.244]}","{""left"":[-0.2,-0.28,-0.04,-0.14],""middle"":[-0.2,-0.07,-0.04,0.07],""right"":[-0.2,0.14,-0.04,0.28]}","{""agentview_camera_name"":""agentview"",""agentview_fovy_deg"":75.0,""agentview_position_m"":[0.6586131746834771,0.0,1.6103500240372424],""agentview_quaternion_wxyz"":[0.6380177736282349,0.3048497438430786,0.30484986305236816,0.6380177736282349],""apply_after_every_reset"":true,""camera_height"":128,""camera_protocol_version"":""libero_36_agentview_v1"",""camera_width"":128,""observation_refresh_after_apply"":true,""raw_reset_agentview_fovy_deg"":45.0}"
libero_36_proxy_tabletop_draft_v5,libero_registered_object_36_proxy_tabletop,4,3,akita_black_bowl*put_inside*middle,akita_black_bowl,put_inside,middle,Pick up the akita black bowl and place it inside the basket in the middle region,data/libero_36/bddl/task_004_layout_3_akita_black_bowl_put_inside_middle.bddl,d4494bd3e6bd3339dc25637b6cd94f9cf5d55aaf578c840befa17510334ffbbd,"{""akita_black_bowl"":3,""alphabet_soup"":1,""cream_cheese"":2,""white_yellow_mug"":0}",(And (In akita_black_bowl_1 basket_1_contain_region)),"[[""in"",""akita_black_bowl_1"",""basket_1_contain_region""]]",main_table_target_middle_region,"{""0"":[0.04,-0.244,0.11,-0.182],""1"":[0.04,-0.102,0.11,-0.04],""2"":[0.04,0.04,0.11,0.102],""3"":[0.04,0.182,0.11,0.244]}","{""left"":[-0.2,-0.28,-0.04,-0.14],""middle"":[-0.2,-0.07,-0.04,0.07],""right"":[-0.2,0.14,-0.04,0.28]}","{""agentview_camera_name"":""agentview"",""agentview_fovy_deg"":75.0,""agentview_position_m"":[0.6586131746834771,0.0,1.6103500240372424],""agentview_quaternion_wxyz"":[0.6380177736282349,0.3048497438430786,0.30484986305236816,0.6380177736282349],""apply_after_every_reset"":true,""camera_height"":128,""camera_protocol_version"":""libero_36_agentview_v1"",""camera_width"":128,""observation_refresh_after_apply"":true,""raw_reset_agentview_fovy_deg"":45.0}"
libero_36_proxy_tabletop_draft_v5,libero_registered_object_36_proxy_tabletop,5,0,akita_black_bowl*put_inside*right,akita_black_bowl,put_inside,right,Pick up the akita black bowl and place it inside the basket in the right region,data/libero_36/bddl/task_005_layout_0_akita_black_bowl_put_inside_right.bddl,2ed4c41bb19412d766c15e316881bdd0ee080c839a3c184985d35c983cbe7180,"{""akita_black_bowl"":0,""alphabet_soup"":2,""cream_cheese"":3,""white_yellow_mug"":1}",(And (In akita_black_bowl_1 basket_1_contain_region)),"[[""in"",""akita_black_bowl_1"",""basket_1_contain_region""]]",main_table_target_right_region,"{""0"":[0.04,-0.244,0.11,-0.182],""1"":[0.04,-0.102,0.11,-0.04],""2"":[0.04,0.04,0.11,0.102],""3"":[0.04,0.182,0.11,0.244]}","{""left"":[-0.2,-0.28,-0.04,-0.14],""middle"":[-0.2,-0.07,-0.04,0.07],""right"":[-0.2,0.14,-0.04,0.28]}","{""agentview_camera_name"":""agentview"",""agentview_fovy_deg"":75.0,""agentview_position_m"":[0.6586131746834771,0.0,1.6103500240372424],""agentview_quaternion_wxyz"":[0.6380177736282349,0.3048497438430786,0.30484986305236816,0.6380177736282349],""apply_after_every_reset"":true,""camera_height"":128,""camera_protocol_version"":""libero_36_agentview_v1"",""camera_width"":128,""observation_refresh_after_apply"":true,""raw_reset_agentview_fovy_deg"":45.0}"
libero_36_proxy_tabletop_draft_v5,libero_registered_object_36_proxy_tabletop,5,1,akita_black_bowl*put_inside*right,akita_black_bowl,put_inside,right,Pick up the akita black bowl and place it inside the basket in the right region,data/libero_36/bddl/task_005_layout_1_akita_black_bowl_put_inside_right.bddl,3eb7b01d2bd2b949e2f4d1595f2e57dc078460de9616787de608d74335252016,"{""akita_black_bowl"":1,""alphabet_soup"":3,""cream_cheese"":0,""white_yellow_mug"":2}",(And (In akita_black_bowl_1 basket_1_contain_region)),"[[""in"",""akita_black_bowl_1"",""basket_1_contain_region""]]",main_table_target_right_region,"{""0"":[0.04,-0.244,0.11,-0.182],""1"":[0.04,-0.102,0.11,-0.04],""2"":[0.04,0.04,0.11,0.102],""3"":[0.04,0.182,0.11,0.244]}","{""left"":[-0.2,-0.28,-0.04,-0.14],""middle"":[-0.2,-0.07,-0.04,0.07],""right"":[-0.2,0.14,-0.04,0.28]}","{""agentview_camera_name"":""agentview"",""agentview_fovy_deg"":75.0,""agentview_position_m"":[0.6586131746834771,0.0,1.6103500240372424],""agentview_quaternion_wxyz"":[0.6380177736282349,0.3048497438430786,0.30484986305236816,0.6380177736282349],""apply_after_every_reset"":true,""camera_height"":128,""camera_protocol_version"":""libero_36_agentview_v1"",""camera_width"":128,""observation_refresh_after_apply"":true,""raw_reset_agentview_fovy_deg"":45.0}"
libero_36_proxy_tabletop_draft_v5,libero_registered_object_36_proxy_tabletop,5,2,akita_black_bowl*put_inside*right,akita_black_bowl,put_inside,right,Pick up the akita black bowl and place it inside the basket in the right region,data/libero_36/bddl/task_005_layout_2_akita_black_bowl_put_inside_right.bddl,9f2deb99ff853e321ba58a69ad4512023022737afe61b5da389efc3ee8739de8,"{""akita_black_bowl"":2,""alphabet_soup"":0,""cream_cheese"":1,""white_yellow_mug"":3}",(And (In akita_black_bowl_1 basket_1_contain_region)),"[[""in"",""akita_black_bowl_1"",""basket_1_contain_region""]]",main_table_target_right_region,"{""0"":[0.04,-0.244,0.11,-0.182],""1"":[0.04,-0.102,0.11,-0.04],""2"":[0.04,0.04,0.11,0.102],""3"":[0.04,0.182,0.11,0.244]}","{""left"":[-0.2,-0.28,-0.04,-0.14],""middle"":[-0.2,-0.07,-0.04,0.07],""right"":[-0.2,0.14,-0.04,0.28]}","{""agentview_camera_name"":""agentview"",""agentview_fovy_deg"":75.0,""agentview_position_m"":[0.6586131746834771,0.0,1.6103500240372424],""agentview_quaternion_wxyz"":[0.6380177736282349,0.3048497438430786,0.30484986305236816,0.6380177736282349],""apply_after_every_reset"":true,""camera_height"":128,""camera_protocol_version"":""libero_36_agentview_v1"",""camera_width"":128,""observation_refresh_after_apply"":true,""raw_reset_agentview_fovy_deg"":45.0}"
libero_36_proxy_tabletop_draft_v5,libero_registered_object_36_proxy_tabletop,5,3,akita_black_bowl*put_inside*right,akita_black_bowl,put_inside,right,Pick up the akita black bowl and place it inside the basket in the right region,data/libero_36/bddl/task_005_layout_3_akita_black_bowl_put_inside_right.bddl,7e02f8ab70e5e51b5caa5d900cfe2f8a1320a548177eefea6dc2e256fc89afe3,"{""akita_black_bowl"":3,""alphabet_soup"":1,""cream_cheese"":2,""white_yellow_mug"":0}",(And (In akita_black_bowl_1 basket_1_contain_region)),"[[""in"",""akita_black_bowl_1"",""basket_1_contain_region""]]",main_table_target_right_region,"{""0"":[0.04,-0.244,0.11,-0.182],""1"":[0.04,-0.102,0.11,-0.04],""2"":[0.04,0.04,0.11,0.102],""3"":[0.04,0.182,0.11,0.244]}","{""left"":[-0.2,-0.28,-0.04,-0.14],""middle"":[-0.2,-0.07,-0.04,0.07],""right"":[-0.2,0.14,-0.04,0.28]}","{""agentview_camera_name"":""agentview"",""agentview_fovy_deg"":75.0,""agentview_position_m"":[0.6586131746834771,0.0,1.6103500240372424],""agentview_quaternion_wxyz"":[0.6380177736282349,0.3048497438430786,0.30484986305236816,0.6380177736282349],""apply_after_every_reset"":true,""camera_height"":128,""camera_protocol_version"":""libero_36_agentview_v1"",""camera_width"":128,""observation_refresh_after_apply"":true,""raw_reset_agentview_fovy_deg"":45.0}"
libero_36_proxy_tabletop_draft_v5,libero_registered_object_36_proxy_tabletop,6,0,akita_black_bowl*push_to*left,akita_black_bowl,push_to,left,Push the akita black bowl into the left target region,data/libero_36/bddl/task_006_layout_0_akita_black_bowl_push_to_left.bddl,f9207a8644ea28d1becc5397ba83c33a6a5f13bee41eaab1d9ad2ddb8f83f207,"{""akita_black_bowl"":0,""alphabet_soup"":2,""cream_cheese"":3,""white_yellow_mug"":1}",(And (On akita_black_bowl_1 main_table_target_left_region)),"[[""on"",""akita_black_bowl_1"",""main_table_target_left_region""]]",main_table_target_left_region,"{""0"":[0.04,-0.244,0.11,-0.182],""1"":[0.04,-0.102,0.11,-0.04],""2"":[0.04,0.04,0.11,0.102],""3"":[0.04,0.182,0.11,0.244]}","{""left"":[-0.2,-0.28,-0.04,-0.14],""middle"":[-0.2,-0.07,-0.04,0.07],""right"":[-0.2,0.14,-0.04,0.28]}","{""agentview_camera_name"":""agentview"",""agentview_fovy_deg"":75.0,""agentview_position_m"":[0.6586131746834771,0.0,1.6103500240372424],""agentview_quaternion_wxyz"":[0.6380177736282349,0.3048497438430786,0.30484986305236816,0.6380177736282349],""apply_after_every_reset"":true,""camera_height"":128,""camera_protocol_version"":""libero_36_agentview_v1"",""camera_width"":128,""observation_refresh_after_apply"":true,""raw_reset_agentview_fovy_deg"":45.0}"
libero_36_proxy_tabletop_draft_v5,libero_registered_object_36_proxy_tabletop,6,1,akita_black_bowl*push_to*left,akita_black_bowl,push_to,left,Push the akita black bowl into the left target region,data/libero_36/bddl/task_006_layout_1_akita_black_bowl_push_to_left.bddl,dfe66979ab50d0097cc3e407676e81a912636ad80cc3c163a412ca383d16dbc7,"{""akita_black_bowl"":1,""alphabet_soup"":3,""cream_cheese"":0,""white_yellow_mug"":2}",(And (On akita_black_bowl_1 main_table_target_left_region)),"[[""on"",""akita_black_bowl_1"",""main_table_target_left_region""]]",main_table_target_left_region,"{""0"":[0.04,-0.244,0.11,-0.182],""1"":[0.04,-0.102,0.11,-0.04],""2"":[0.04,0.04,0.11,0.102],""3"":[0.04,0.182,0.11,0.244]}","{""left"":[-0.2,-0.28,-0.04,-0.14],""middle"":[-0.2,-0.07,-0.04,0.07],""right"":[-0.2,0.14,-0.04,0.28]}","{""agentview_camera_name"":""agentview"",""agentview_fovy_deg"":75.0,""agentview_position_m"":[0.6586131746834771,0.0,1.6103500240372424],""agentview_quaternion_wxyz"":[0.6380177736282349,0.3048497438430786,0.30484986305236816,0.6380177736282349],""apply_after_every_reset"":true,""camera_height"":128,""camera_protocol_version"":""libero_36_agentview_v1"",""camera_width"":128,""observation_refresh_after_apply"":true,""raw_reset_agentview_fovy_deg"":45.0}"
libero_36_proxy_tabletop_draft_v5,libero_registered_object_36_proxy_tabletop,6,2,akita_black_bowl*push_to*left,akita_black_bowl,push_to,left,Push the akita black bowl into the left target region,data/libero_36/bddl/task_006_layout_2_akita_black_bowl_push_to_left.bddl,906bbb42810c83fed86ff23bbeb6de5ec57f17c120d2c5010ef72686ac0758b4,"{""akita_black_bowl"":2,""alphabet_soup"":0,""cream_cheese"":1,""white_yellow_mug"":3}",(And (On akita_black_bowl_1 main_table_target_left_region)),"[[""on"",""akita_black_bowl_1"",""main_table_target_left_region""]]",main_table_target_left_region,"{""0"":[0.04,-0.244,0.11,-0.182],""1"":[0.04,-0.102,0.11,-0.04],""2"":[0.04,0.04,0.11,0.102],""3"":[0.04,0.182,0.11,0.244]}","{""left"":[-0.2,-0.28,-0.04,-0.14],""middle"":[-0.2,-0.07,-0.04,0.07],""right"":[-0.2,0.14,-0.04,0.28]}","{""agentview_camera_name"":""agentview"",""agentview_fovy_deg"":75.0,""agentview_position_m"":[0.6586131746834771,0.0,1.6103500240372424],""agentview_quaternion_wxyz"":[0.6380177736282349,0.3048497438430786,0.30484986305236816,0.6380177736282349],""apply_after_every_reset"":true,""camera_height"":128,""camera_protocol_version"":""libero_36_agentview_v1"",""camera_width"":128,""observation_refresh_after_apply"":true,""raw_reset_agentview_fovy_deg"":45.0}"
libero_36_proxy_tabletop_draft_v5,libero_registered_object_36_proxy_tabletop,6,3,akita_black_bowl*push_to*left,akita_black_bowl,push_to,left,Push the akita black bowl into the left target region,data/libero_36/bddl/task_006_layout_3_akita_black_bowl_push_to_left.bddl,3d7cbb73163738a3ecc15eb078fad1256a4748793ad94dd71cb33c64217e8871,"{""akita_black_bowl"":3,""alphabet_soup"":1,""cream_cheese"":2,""white_yellow_mug"":0}",(And (On akita_black_bowl_1 main_table_target_left_region)),"[[""on"",""akita_black_bowl_1"",""main_table_target_left_region""]]",main_table_target_left_region,"{""0"":[0.04,-0.244,0.11,-0.182],""1"":[0.04,-0.102,0.11,-0.04],""2"":[0.04,0.04,0.11,0.102],""3"":[0.04,0.182,0.11,0.244]}","{""left"":[-0.2,-0.28,-0.04,-0.14],""middle"":[-0.2,-0.07,-0.04,0.07],""right"":[-0.2,0.14,-0.04,0.28]}","{""agentview_camera_name"":""agentview"",""agentview_fovy_deg"":75.0,""agentview_position_m"":[0.6586131746834771,0.0,1.6103500240372424],""agentview_quaternion_wxyz"":[0.6380177736282349,0.3048497438430786,0.30484986305236816,0.6380177736282349],""apply_after_every_reset"":true,""camera_height"":128,""camera_protocol_version"":""libero_36_agentview_v1"",""camera_width"":128,""observation_refresh_after_apply"":true,""raw_reset_agentview_fovy_deg"":45.0}"
libero_36_proxy_tabletop_draft_v5,libero_registered_object_36_proxy_tabletop,7,0,akita_black_bowl*push_to*middle,akita_black_bowl,push_to,middle,Push the akita black bowl into the middle target region,data/libero_36/bddl/task_007_layout_0_akita_black_bowl_push_to_middle.bddl,343ac473b214e8faa0d7755b3a2317d4a8d5a873d805c0bd4a4f618e5cb65dc6,"{""akita_black_bowl"":0,""alphabet_soup"":2,""cream_cheese"":3,""white_yellow_mug"":1}",(And (On akita_black_bowl_1 main_table_target_middle_region)),"[[""on"",""akita_black_bowl_1"",""main_table_target_middle_region""]]",main_table_target_middle_region,"{""0"":[0.04,-0.244,0.11,-0.182],""1"":[0.04,-0.102,0.11,-0.04],""2"":[0.04,0.04,0.11,0.102],""3"":[0.04,0.182,0.11,0.244]}","{""left"":[-0.2,-0.28,-0.04,-0.14],""middle"":[-0.2,-0.07,-0.04,0.07],""right"":[-0.2,0.14,-0.04,0.28]}","{""agentview_camera_name"":""agentview"",""agentview_fovy_deg"":75.0,""agentview_position_m"":[0.6586131746834771,0.0,1.6103500240372424],""agentview_quaternion_wxyz"":[0.6380177736282349,0.3048497438430786,0.30484986305236816,0.6380177736282349],""apply_after_every_reset"":true,""camera_height"":128,""camera_protocol_version"":""libero_36_agentview_v1"",""camera_width"":128,""observation_refresh_after_apply"":true,""raw_reset_agentview_fovy_deg"":45.0}"
libero_36_proxy_tabletop_draft_v5,libero_registered_object_36_proxy_tabletop,7,1,akita_black_bowl*push_to*middle,akita_black_bowl,push_to,middle,Push the akita black bowl into the middle target region,data/libero_36/bddl/task_007_layout_1_akita_black_bowl_push_to_middle.bddl,14df08be20883406f8f5d63bb30768d5715aee25d113aa6d64b9ea6f5d975b0e,"{""akita_black_bowl"":1,""alphabet_soup"":3,""cream_cheese"":0,""white_yellow_mug"":2}",(And (On akita_black_bowl_1 main_table_target_middle_region)),"[[""on"",""akita_black_bowl_1"",""main_table_target_middle_region""]]",main_table_target_middle_region,"{""0"":[0.04,-0.244,0.11,-0.182],""1"":[0.04,-0.102,0.11,-0.04],""2"":[0.04,0.04,0.11,0.102],""3"":[0.04,0.182,0.11,0.244]}","{""left"":[-0.2,-0.28,-0.04,-0.14],""middle"":[-0.2,-0.07,-0.04,0.07],""right"":[-0.2,0.14,-0.04,0.28]}","{""agentview_camera_name"":""agentview"",""agentview_fovy_deg"":75.0,""agentview_position_m"":[0.6586131746834771,0.0,1.6103500240372424],""agentview_quaternion_wxyz"":[0.6380177736282349,0.3048497438430786,0.30484986305236816,0.6380177736282349],""apply_after_every_reset"":true,""camera_height"":128,""camera_protocol_version"":""libero_36_agentview_v1"",""camera_width"":128,""observation_refresh_after_apply"":true,""raw_reset_agentview_fovy_deg"":45.0}"
libero_36_proxy_tabletop_draft_v5,libero_registered_object_36_proxy_tabletop,7,2,akita_black_bowl*push_to*middle,akita_black_bowl,push_to,middle,Push the akita black bowl into the middle target region,data/libero_36/bddl/task_007_layout_2_akita_black_bowl_push_to_middle.bddl,7a809eba7cb3bbaf7310bfe727d267988841201426b002c68f4f613ebcd5c605,"{""akita_black_bowl"":2,""alphabet_soup"":0,""cream_cheese"":1,""white_yellow_mug"":3}",(And (On akita_black_bowl_1 main_table_target_middle_region)),"[[""on"",""akita_black_bowl_1"",""main_table_target_middle_region""]]",main_table_target_middle_region,"{""0"":[0.04,-0.244,0.11,-0.182],""1"":[0.04,-0.102,0.11,-0.04],""2"":[0.04,0.04,0.11,0.102],""3"":[0.04,0.182,0.11,0.244]}","{""left"":[-0.2,-0.28,-0.04,-0.14],""middle"":[-0.2,-0.07,-0.04,0.07],""right"":[-0.2,0.14,-0.04,0.28]}","{""agentview_camera_name"":""agentview"",""agentview_fovy_deg"":75.0,""agentview_position_m"":[0.6586131746834771,0.0,1.6103500240372424],""agentview_quaternion_wxyz"":[0.6380177736282349,0.3048497438430786,0.30484986305236816,0.6380177736282349],""apply_after_every_reset"":true,""camera_height"":128,""camera_protocol_version"":""libero_36_agentview_v1"",""camera_width"":128,""observation_refresh_after_apply"":true,""raw_reset_agentview_fovy_deg"":45.0}"
libero_36_proxy_tabletop_draft_v5,libero_registered_object_36_proxy_tabletop,7,3,akita_black_bowl*push_to*middle,akita_black_bowl,push_to,middle,Push the akita black bowl into the middle target region,data/libero_36/bddl/task_007_layout_3_akita_black_bowl_push_to_middle.bddl,19179e749ef687b64bfc0be0a23dc5b7bfb25019277077fc9765733e452d36cd,"{""akita_black_bowl"":3,""alphabet_soup"":1,""cream_cheese"":2,""white_yellow_mug"":0}",(And (On akita_black_bowl_1 main_table_target_middle_region)),"[[""on"",""akita_black_bowl_1"",""main_table_target_middle_region""]]",main_table_target_middle_region,"{""0"":[0.04,-0.244,0.11,-0.182],""1"":[0.04,-0.102,0.11,-0.04],""2"":[0.04,0.04,0.11,0.102],""3"":[0.04,0.182,0.11,0.244]}","{""left"":[-0.2,-0.28,-0.04,-0.14],""middle"":[-0.2,-0.07,-0.04,0.07],""right"":[-0.2,0.14,-0.04,0.28]}","{""agentview_camera_name"":""agentview"",""agentview_fovy_deg"":75.0,""agentview_position_m"":[0.6586131746834771,0.0,1.6103500240372424],""agentview_quaternion_wxyz"":[0.6380177736282349,0.3048497438430786,0.30484986305236816,0.6380177736282349],""apply_after_every_reset"":true,""camera_height"":128,""camera_protocol_version"":""libero_36_agentview_v1"",""camera_width"":128,""observation_refresh_after_apply"":true,""raw_reset_agentview_fovy_deg"":45.0}"
libero_36_proxy_tabletop_draft_v5,libero_registered_object_36_proxy_tabletop,8,0,akita_black_bowl*push_to*right,akita_black_bowl,push_to,right,Push the akita black bowl into the right target region,data/libero_36/bddl/task_008_layout_0_akita_black_bowl_push_to_right.bddl,f9e3a1fe97f31018c04624a5e869b89e1d0e84da166f25ce92631c02adc1689b,"{""akita_black_bowl"":0,""alphabet_soup"":2,""cream_cheese"":3,""white_yellow_mug"":1}",(And (On akita_black_bowl_1 main_table_target_right_region)),"[[""on"",""akita_black_bowl_1"",""main_table_target_right_region""]]",main_table_target_right_region,"{""0"":[0.04,-0.244,0.11,-0.182],""1"":[0.04,-0.102,0.11,-0.04],""2"":[0.04,0.04,0.11,0.102],""3"":[0.04,0.182,0.11,0.244]}","{""left"":[-0.2,-0.28,-0.04,-0.14],""middle"":[-0.2,-0.07,-0.04,0.07],""right"":[-0.2,0.14,-0.04,0.28]}","{""agentview_camera_name"":""agentview"",""agentview_fovy_deg"":75.0,""agentview_position_m"":[0.6586131746834771,0.0,1.6103500240372424],""agentview_quaternion_wxyz"":[0.6380177736282349,0.3048497438430786,0.30484986305236816,0.6380177736282349],""apply_after_every_reset"":true,""camera_height"":128,""camera_protocol_version"":""libero_36_agentview_v1"",""camera_width"":128,""observation_refresh_after_apply"":true,""raw_reset_agentview_fovy_deg"":45.0}"
libero_36_proxy_tabletop_draft_v5,libero_registered_object_36_proxy_tabletop,8,1,akita_black_bowl*push_to*right,akita_black_bowl,push_to,right,Push the akita black bowl into the right target region,data/libero_36/bddl/task_008_layout_1_akita_black_bowl_push_to_right.bddl,851f5a2c2b5bfdffcb5d527fa2a6db22b4e3754ec9a222f6695637385bdadd8d,"{""akita_black_bowl"":1,""alphabet_soup"":3,""cream_cheese"":0,""white_yellow_mug"":2}",(And (On akita_black_bowl_1 main_table_target_right_region)),"[[""on"",""akita_black_bowl_1"",""main_table_target_right_region""]]",main_table_target_right_region,"{""0"":[0.04,-0.244,0.11,-0.182],""1"":[0.04,-0.102,0.11,-0.04],""2"":[0.04,0.04,0.11,0.102],""3"":[0.04,0.182,0.11,0.244]}","{""left"":[-0.2,-0.28,-0.04,-0.14],""middle"":[-0.2,-0.07,-0.04,0.07],""right"":[-0.2,0.14,-0.04,0.28]}","{""agentview_camera_name"":""agentview"",""agentview_fovy_deg"":75.0,""agentview_position_m"":[0.6586131746834771,0.0,1.6103500240372424],""agentview_quaternion_wxyz"":[0.6380177736282349,0.3048497438430786,0.30484986305236816,0.6380177736282349],""apply_after_every_reset"":true,""camera_height"":128,""camera_protocol_version"":""libero_36_agentview_v1"",""camera_width"":128,""observation_refresh_after_apply"":true,""raw_reset_agentview_fovy_deg"":45.0}"
libero_36_proxy_tabletop_draft_v5,libero_registered_object_36_proxy_tabletop,8,2,akita_black_bowl*push_to*right,akita_black_bowl,push_to,right,Push the akita black bowl into the right target region,data/libero_36/bddl/task_008_layout_2_akita_black_bowl_push_to_right.bddl,86fc53b098eb10b7142b57c173fe072c19d07a002d652191e0cebe8606754353,"{""akita_black_bowl"":2,""alphabet_soup"":0,""cream_cheese"":1,""white_yellow_mug"":3}",(And (On akita_black_bowl_1 main_table_target_right_region)),"[[""on"",""akita_black_bowl_1"",""main_table_target_right_region""]]",main_table_target_right_region,"{""0"":[0.04,-0.244,0.11,-0.182],""1"":[0.04,-0.102,0.11,-0.04],""2"":[0.04,0.04,0.11,0.102],""3"":[0.04,0.182,0.11,0.244]}","{""left"":[-0.2,-0.28,-0.04,-0.14],""middle"":[-0.2,-0.07,-0.04,0.07],""right"":[-0.2,0.14,-0.04,0.28]}","{""agentview_camera_name"":""agentview"",""agentview_fovy_deg"":75.0,""agentview_position_m"":[0.6586131746834771,0.0,1.6103500240372424],""agentview_quaternion_wxyz"":[0.6380177736282349,0.3048497438430786,0.30484986305236816,0.6380177736282349],""apply_after_every_reset"":true,""camera_height"":128,""camera_protocol_version"":""libero_36_agentview_v1"",""camera_width"":128,""observation_refresh_after_apply"":true,""raw_reset_agentview_fovy_deg"":45.0}"
libero_36_proxy_tabletop_draft_v5,libero_registered_object_36_proxy_tabletop,8,3,akita_black_bowl*push_to*right,akita_black_bowl,push_to,right,Push the akita black bowl into the right target region,data/libero_36/bddl/task_008_layout_3_akita_black_bowl_push_to_right.bddl,384bde390e0896ff95f4aaa28cbf3eb04ae0934064cbdbed128afa5fb3c0f608,"{""akita_black_bowl"":3,""alphabet_soup"":1,""cream_cheese"":2,""white_yellow_mug"":0}",(And (On akita_black_bowl_1 main_table_target_right_region)),"[[""on"",""akita_black_bowl_1"",""main_table_target_right_region""]]",main_table_target_right_region,"{""0"":[0.04,-0.244,0.11,-0.182],""1"":[0.04,-0.102,0.11,-0.04],""2"":[0.04,0.04,0.11,0.102],""3"":[0.04,0.182,0.11,0.244]}","{""left"":[-0.2,-0.28,-0.04,-0.14],""middle"":[-0.2,-0.07,-0.04,0.07],""right"":[-0.2,0.14,-0.04,0.28]}","{""agentview_camera_name"":""agentview"",""agentview_fovy_deg"":75.0,""agentview_position_m"":[0.6586131746834771,0.0,1.6103500240372424],""agentview_quaternion_wxyz"":[0.6380177736282349,0.3048497438430786,0.30484986305236816,0.6380177736282349],""apply_after_every_reset"":true,""camera_height"":128,""camera_protocol_version"":""libero_36_agentview_v1"",""camera_width"":128,""observation_refresh_after_apply"":true,""raw_reset_agentview_fovy_deg"":45.0}"
libero_36_proxy_tabletop_draft_v5,libero_registered_object_36_proxy_tabletop,9,0,white_yellow_mug*put_on_top*left,white_yellow_mug,put_on_top,left,Pick up the yellow and white mug and place it on the plate in the left region,data/libero_36/bddl/task_009_layout_0_white_yellow_mug_put_on_top_left.bddl,0f1568f1be5973bfff890787959b0064e203c26bbae2594e0d5b2935ecf3f2ea,"{""akita_black_bowl"":0,""alphabet_soup"":2,""cream_cheese"":3,""white_yellow_mug"":1}",(And (On white_yellow_mug_1 plate_1)),"[[""on"",""white_yellow_mug_1"",""plate_1""]]",main_table_target_left_region,"{""0"":[0.04,-0.244,0.11,-0.182],""1"":[0.04,-0.102,0.11,-0.04],""2"":[0.04,0.04,0.11,0.102],""3"":[0.04,0.182,0.11,0.244]}","{""left"":[-0.2,-0.28,-0.04,-0.14],""middle"":[-0.2,-0.07,-0.04,0.07],""right"":[-0.2,0.14,-0.04,0.28]}","{""agentview_camera_name"":""agentview"",""agentview_fovy_deg"":75.0,""agentview_position_m"":[0.6586131746834771,0.0,1.6103500240372424],""agentview_quaternion_wxyz"":[0.6380177736282349,0.3048497438430786,0.30484986305236816,0.6380177736282349],""apply_after_every_reset"":true,""camera_height"":128,""camera_protocol_version"":""libero_36_agentview_v1"",""camera_width"":128,""observation_refresh_after_apply"":true,""raw_reset_agentview_fovy_deg"":45.0}"
libero_36_proxy_tabletop_draft_v5,libero_registered_object_36_proxy_tabletop,9,1,white_yellow_mug*put_on_top*left,white_yellow_mug,put_on_top,left,Pick up the yellow and white mug and place it on the plate in the left region,data/libero_36/bddl/task_009_layout_1_white_yellow_mug_put_on_top_left.bddl,91d1112780fe5ad121135a23de5b11bc82065ffa7d9e862859f24915a8fecd16,"{""akita_black_bowl"":1,""alphabet_soup"":3,""cream_cheese"":0,""white_yellow_mug"":2}",(And (On white_yellow_mug_1 plate_1)),"[[""on"",""white_yellow_mug_1"",""plate_1""]]",main_table_target_left_region,"{""0"":[0.04,-0.244,0.11,-0.182],""1"":[0.04,-0.102,0.11,-0.04],""2"":[0.04,0.04,0.11,0.102],""3"":[0.04,0.182,0.11,0.244]}","{""left"":[-0.2,-0.28,-0.04,-0.14],""middle"":[-0.2,-0.07,-0.04,0.07],""right"":[-0.2,0.14,-0.04,0.28]}","{""agentview_camera_name"":""agentview"",""agentview_fovy_deg"":75.0,""agentview_position_m"":[0.6586131746834771,0.0,1.6103500240372424],""agentview_quaternion_wxyz"":[0.6380177736282349,0.3048497438430786,0.30484986305236816,0.6380177736282349],""apply_after_every_reset"":true,""camera_height"":128,""camera_protocol_version"":""libero_36_agentview_v1"",""camera_width"":128,""observation_refresh_after_apply"":true,""raw_reset_agentview_fovy_deg"":45.0}"
libero_36_proxy_tabletop_draft_v5,libero_registered_object_36_proxy_tabletop,9,2,white_yellow_mug*put_on_top*left,white_yellow_mug,put_on_top,left,Pick up the yellow and white mug and place it on the plate in the left region,data/libero_36/bddl/task_009_layout_2_white_yellow_mug_put_on_top_left.bddl,1539689c2222e5ef76d4f163215be1b02914d9f43260b9ca92b039bfce46dd59,"{""akita_black_bowl"":2,""alphabet_soup"":0,""cream_cheese"":1,""white_yellow_mug"":3}",(And (On white_yellow_mug_1 plate_1)),"[[""on"",""white_yellow_mug_1"",""plate_1""]]",main_table_target_left_region,"{""0"":[0.04,-0.244,0.11,-0.182],""1"":[0.04,-0.102,0.11,-0.04],""2"":[0.04,0.04,0.11,0.102],""3"":[0.04,0.182,0.11,0.244]}","{""left"":[-0.2,-0.28,-0.04,-0.14],""middle"":[-0.2,-0.07,-0.04,0.07],""right"":[-0.2,0.14,-0.04,0.28]}","{""agentview_camera_name"":""agentview"",""agentview_fovy_deg"":75.0,""agentview_position_m"":[0.6586131746834771,0.0,1.6103500240372424],""agentview_quaternion_wxyz"":[0.6380177736282349,0.3048497438430786,0.30484986305236816,0.6380177736282349],""apply_after_every_reset"":true,""camera_height"":128,""camera_protocol_version"":""libero_36_agentview_v1"",""camera_width"":128,""observation_refresh_after_apply"":true,""raw_reset_agentview_fovy_deg"":45.0}"
libero_36_proxy_tabletop_draft_v5,libero_registered_object_36_proxy_tabletop,9,3,white_yellow_mug*put_on_top*left,white_yellow_mug,put_on_top,left,Pick up the yellow and white mug and place it on the plate in the left region,data/libero_36/bddl/task_009_layout_3_white_yellow_mug_put_on_top_left.bddl,5a8fe8c0df37925a28a7e32c30be6b23e861c36ce1345369a79138c65b20acfb,"{""akita_black_bowl"":3,""alphabet_soup"":1,""cream_cheese"":2,""white_yellow_mug"":0}",(And (On white_yellow_mug_1 plate_1)),"[[""on"",""white_yellow_mug_1"",""plate_1""]]",main_table_target_left_region,"{""0"":[0.04,-0.244,0.11,-0.182],""1"":[0.04,-0.102,0.11,-0.04],""2"":[0.04,0.04,0.11,0.102],""3"":[0.04,0.182,0.11,0.244]}","{""left"":[-0.2,-0.28,-0.04,-0.14],""middle"":[-0.2,-0.07,-0.04,0.07],""right"":[-0.2,0.14,-0.04,0.28]}","{""agentview_camera_name"":""agentview"",""agentview_fovy_deg"":75.0,""agentview_position_m"":[0.6586131746834771,0.0,1.6103500240372424],""agentview_quaternion_wxyz"":[0.6380177736282349,0.3048497438430786,0.30484986305236816,0.6380177736282349],""apply_after_every_reset"":true,""camera_height"":128,""camera_protocol_version"":""libero_36_agentview_v1"",""camera_width"":128,""observation_refresh_after_apply"":true,""raw_reset_agentview_fovy_deg"":45.0}"
libero_36_proxy_tabletop_draft_v5,libero_registered_object_36_proxy_tabletop,10,0,white_yellow_mug*put_on_top*middle,white_yellow_mug,put_on_top,middle,Pick up the yellow and white mug and place it on the plate in the middle region,data/libero_36/bddl/task_010_layout_0_white_yellow_mug_put_on_top_middle.bddl,09878059af20ebaf688a2d33697088216d1e396a1ec072ec52ea7690e3337299,"{""akita_black_bowl"":0,""alphabet_soup"":2,""cream_cheese"":3,""white_yellow_mug"":1}",(And (On white_yellow_mug_1 plate_1)),"[[""on"",""white_yellow_mug_1"",""plate_1""]]",main_table_target_middle_region,"{""0"":[0.04,-0.244,0.11,-0.182],""1"":[0.04,-0.102,0.11,-0.04],""2"":[0.04,0.04,0.11,0.102],""3"":[0.04,0.182,0.11,0.244]}","{""left"":[-0.2,-0.28,-0.04,-0.14],""middle"":[-0.2,-0.07,-0.04,0.07],""right"":[-0.2,0.14,-0.04,0.28]}","{""agentview_camera_name"":""agentview"",""agentview_fovy_deg"":75.0,""agentview_position_m"":[0.6586131746834771,0.0,1.6103500240372424],""agentview_quaternion_wxyz"":[0.6380177736282349,0.3048497438430786,0.30484986305236816,0.6380177736282349],""apply_after_every_reset"":true,""camera_height"":128,""camera_protocol_version"":""libero_36_agentview_v1"",""camera_width"":128,""observation_refresh_after_apply"":true,""raw_reset_agentview_fovy_deg"":45.0}"
libero_36_proxy_tabletop_draft_v5,libero_registered_object_36_proxy_tabletop,10,1,white_yellow_mug*put_on_top*middle,white_yellow_mug,put_on_top,middle,Pick up the yellow and white mug and place it on the plate in the middle region,data/libero_36/bddl/task_010_layout_1_white_yellow_mug_put_on_top_middle.bddl,e9f7dd5c671bcdf4aee38d17ee6b5338eccc6556e5d0f91c291ac28beeac014c,"{""akita_black_bowl"":1,""alphabet_soup"":3,""cream_cheese"":0,""white_yellow_mug"":2}",(And (On white_yellow_mug_1 plate_1)),"[[""on"",""white_yellow_mug_1"",""plate_1""]]",main_table_target_middle_region,"{""0"":[0.04,-0.244,0.11,-0.182],""1"":[0.04,-0.102,0.11,-0.04],""2"":[0.04,0.04,0.11,0.102],""3"":[0.04,0.182,0.11,0.244]}","{""left"":[-0.2,-0.28,-0.04,-0.14],""middle"":[-0.2,-0.07,-0.04,0.07],""right"":[-0.2,0.14,-0.04,0.28]}","{""agentview_camera_name"":""agentview"",""agentview_fovy_deg"":75.0,""agentview_position_m"":[0.6586131746834771,0.0,1.6103500240372424],""agentview_quaternion_wxyz"":[0.6380177736282349,0.3048497438430786,0.30484986305236816,0.6380177736282349],""apply_after_every_reset"":true,""camera_height"":128,""camera_protocol_version"":""libero_36_agentview_v1"",""camera_width"":128,""observation_refresh_after_apply"":true,""raw_reset_agentview_fovy_deg"":45.0}"
libero_36_proxy_tabletop_draft_v5,libero_registered_object_36_proxy_tabletop,10,2,white_yellow_mug*put_on_top*middle,white_yellow_mug,put_on_top,middle,Pick up the yellow and white mug and place it on the plate in the middle region,data/libero_36/bddl/task_010_layout_2_white_yellow_mug_put_on_top_middle.bddl,1c3f3856ef593a8d213b2cdfcac6dea9ddb8d1438b8ac4a85c683f2839576c32,"{""akita_black_bowl"":2,""alphabet_soup"":0,""cream_cheese"":1,""white_yellow_mug"":3}",(And (On white_yellow_mug_1 plate_1)),"[[""on"",""white_yellow_mug_1"",""plate_1""]]",main_table_target_middle_region,"{""0"":[0.04,-0.244,0.11,-0.182],""1"":[0.04,-0.102,0.11,-0.04],""2"":[0.04,0.04,0.11,0.102],""3"":[0.04,0.182,0.11,0.244]}","{""left"":[-0.2,-0.28,-0.04,-0.14],""middle"":[-0.2,-0.07,-0.04,0.07],""right"":[-0.2,0.14,-0.04,0.28]}","{""agentview_camera_name"":""agentview"",""agentview_fovy_deg"":75.0,""agentview_position_m"":[0.6586131746834771,0.0,1.6103500240372424],""agentview_quaternion_wxyz"":[0.6380177736282349,0.3048497438430786,0.30484986305236816,0.6380177736282349],""apply_after_every_reset"":true,""camera_height"":128,""camera_protocol_version"":""libero_36_agentview_v1"",""camera_width"":128,""observation_refresh_after_apply"":true,""raw_reset_agentview_fovy_deg"":45.0}"
libero_36_proxy_tabletop_draft_v5,libero_registered_object_36_proxy_tabletop,10,3,white_yellow_mug*put_on_top*middle,white_yellow_mug,put_on_top,middle,Pick up the yellow and white mug and place it on the plate in the middle region,data/libero_36/bddl/task_010_layout_3_white_yellow_mug_put_on_top_middle.bddl,117a9e899124b4564d70b26c48b3bc336e44b29cb5ac6b45ce668a402288e52a,"{""akita_black_bowl"":3,""alphabet_soup"":1,""cream_cheese"":2,""white_yellow_mug"":0}",(And (On white_yellow_mug_1 plate_1)),"[[""on"",""white_yellow_mug_1"",""plate_1""]]",main_table_target_middle_region,"{""0"":[0.04,-0.244,0.11,-0.182],""1"":[0.04,-0.102,0.11,-0.04],""2"":[0.04,0.04,0.11,0.102],""3"":[0.04,0.182,0.11,0.244]}","{""left"":[-0.2,-0.28,-0.04,-0.14],""middle"":[-0.2,-0.07,-0.04,0.07],""right"":[-0.2,0.14,-0.04,0.28]}","{""agentview_camera_name"":""agentview"",""agentview_fovy_deg"":75.0,""agentview_position_m"":[0.6586131746834771,0.0,1.6103500240372424],""agentview_quaternion_wxyz"":[0.6380177736282349,0.3048497438430786,0.30484986305236816,0.6380177736282349],""apply_after_every_reset"":true,""camera_height"":128,""camera_protocol_version"":""libero_36_agentview_v1"",""camera_width"":128,""observation_refresh_after_apply"":true,""raw_reset_agentview_fovy_deg"":45.0}"
libero_36_proxy_tabletop_draft_v5,libero_registered_object_36_proxy_tabletop,11,0,white_yellow_mug*put_on_top*right,white_yellow_mug,put_on_top,right,Pick up the yellow and white mug and place it on the plate in the right region,data/libero_36/bddl/task_011_layout_0_white_yellow_mug_put_on_top_right.bddl,a0a555e74c5aae2f1c6107187c1b2bb028702e3931ad9d5d4904c81c3b915c5d,"{""akita_black_bowl"":0,""alphabet_soup"":2,""cream_cheese"":3,""white_yellow_mug"":1}",(And (On white_yellow_mug_1 plate_1)),"[[""on"",""white_yellow_mug_1"",""plate_1""]]",main_table_target_right_region,"{""0"":[0.04,-0.244,0.11,-0.182],""1"":[0.04,-0.102,0.11,-0.04],""2"":[0.04,0.04,0.11,0.102],""3"":[0.04,0.182,0.11,0.244]}","{""left"":[-0.2,-0.28,-0.04,-0.14],""middle"":[-0.2,-0.07,-0.04,0.07],""right"":[-0.2,0.14,-0.04,0.28]}","{""agentview_camera_name"":""agentview"",""agentview_fovy_deg"":75.0,""agentview_position_m"":[0.6586131746834771,0.0,1.6103500240372424],""agentview_quaternion_wxyz"":[0.6380177736282349,0.3048497438430786,0.30484986305236816,0.6380177736282349],""apply_after_every_reset"":true,""camera_height"":128,""camera_protocol_version"":""libero_36_agentview_v1"",""camera_width"":128,""observation_refresh_after_apply"":true,""raw_reset_agentview_fovy_deg"":45.0}"
libero_36_proxy_tabletop_draft_v5,libero_registered_object_36_proxy_tabletop,11,1,white_yellow_mug*put_on_top*right,white_yellow_mug,put_on_top,right,Pick up the yellow and white mug and place it on the plate in the right region,data/libero_36/bddl/task_011_layout_1_white_yellow_mug_put_on_top_right.bddl,d6d55fd1c3733ddbdd10a72a723597a5652fe7ec0b700186256d2b7a311f8d68,"{""akita_black_bowl"":1,""alphabet_soup"":3,""cream_cheese"":0,""white_yellow_mug"":2}",(And (On white_yellow_mug_1 plate_1)),"[[""on"",""white_yellow_mug_1"",""plate_1""]]",main_table_target_right_region,"{""0"":[0.04,-0.244,0.11,-0.182],""1"":[0.04,-0.102,0.11,-0.04],""2"":[0.04,0.04,0.11,0.102],""3"":[0.04,0.182,0.11,0.244]}","{""left"":[-0.2,-0.28,-0.04,-0.14],""middle"":[-0.2,-0.07,-0.04,0.07],""right"":[-0.2,0.14,-0.04,0.28]}","{""agentview_camera_name"":""agentview"",""agentview_fovy_deg"":75.0,""agentview_position_m"":[0.6586131746834771,0.0,1.6103500240372424],""agentview_quaternion_wxyz"":[0.6380177736282349,0.3048497438430786,0.30484986305236816,0.6380177736282349],""apply_after_every_reset"":true,""camera_height"":128,""camera_protocol_version"":""libero_36_agentview_v1"",""camera_width"":128,""observation_refresh_after_apply"":true,""raw_reset_agentview_fovy_deg"":45.0}"
libero_36_proxy_tabletop_draft_v5,libero_registered_object_36_proxy_tabletop,11,2,white_yellow_mug*put_on_top*right,white_yellow_mug,put_on_top,right,Pick up the yellow and white mug and place it on the plate in the right region,data/libero_36/bddl/task_011_layout_2_white_yellow_mug_put_on_top_right.bddl,0d834285a5b23a2600a39e0c4195e16048be4361fade32e54d7897b594c01658,"{""akita_black_bowl"":2,""alphabet_soup"":0,""cream_cheese"":1,""white_yellow_mug"":3}",(And (On white_yellow_mug_1 plate_1)),"[[""on"",""white_yellow_mug_1"",""plate_1""]]",main_table_target_right_region,"{""0"":[0.04,-0.244,0.11,-0.182],""1"":[0.04,-0.102,0.11,-0.04],""2"":[0.04,0.04,0.11,0.102],""3"":[0.04,0.182,0.11,0.244]}","{""left"":[-0.2,-0.28,-0.04,-0.14],""middle"":[-0.2,-0.07,-0.04,0.07],""right"":[-0.2,0.14,-0.04,0.28]}","{""agentview_camera_name"":""agentview"",""agentview_fovy_deg"":75.0,""agentview_position_m"":[0.6586131746834771,0.0,1.6103500240372424],""agentview_quaternion_wxyz"":[0.6380177736282349,0.3048497438430786,0.30484986305236816,0.6380177736282349],""apply_after_every_reset"":true,""camera_height"":128,""camera_protocol_version"":""libero_36_agentview_v1"",""camera_width"":128,""observation_refresh_after_apply"":true,""raw_reset_agentview_fovy_deg"":45.0}"
libero_36_proxy_tabletop_draft_v5,libero_registered_object_36_proxy_tabletop,11,3,white_yellow_mug*put_on_top*right,white_yellow_mug,put_on_top,right,Pick up the yellow and white mug and place it on the plate in the right region,data/libero_36/bddl/task_011_layout_3_white_yellow_mug_put_on_top_right.bddl,974b73189c7dacae6592e2cde956cb243d3f65a57d19f1cfa7637188c9564da5,"{""akita_black_bowl"":3,""alphabet_soup"":1,""cream_cheese"":2,""white_yellow_mug"":0}",(And (On white_yellow_mug_1 plate_1)),"[[""on"",""white_yellow_mug_1"",""plate_1""]]",main_table_target_right_region,"{""0"":[0.04,-0.244,0.11,-0.182],""1"":[0.04,-0.102,0.11,-0.04],""2"":[0.04,0.04,0.11,0.102],""3"":[0.04,0.182,0.11,0.244]}","{""left"":[-0.2,-0.28,-0.04,-0.14],""middle"":[-0.2,-0.07,-0.04,0.07],""right"":[-0.2,0.14,-0.04,0.28]}","{""agentview_camera_name"":""agentview"",""agentview_fovy_deg"":75.0,""agentview_position_m"":[0.6586131746834771,0.0,1.6103500240372424],""agentview_quaternion_wxyz"":[0.6380177736282349,0.3048497438430786,0.30484986305236816,0.6380177736282349],""apply_after_every_reset"":true,""camera_height"":128,""camera_protocol_version"":""libero_36_agentview_v1"",""camera_width"":128,""observation_refresh_after_apply"":true,""raw_reset_agentview_fovy_deg"":45.0}"
libero_36_proxy_tabletop_draft_v5,libero_registered_object_36_proxy_tabletop,12,0,white_yellow_mug*put_inside*left,white_yellow_mug,put_inside,left,Pick up the yellow and white mug and place it inside the basket in the left region,data/libero_36/bddl/task_012_layout_0_white_yellow_mug_put_inside_left.bddl,6bb6ee79d6751ff9c772cd9575c03130ce75ef15e2e061549ef1eae4f9a289e2,"{""akita_black_bowl"":0,""alphabet_soup"":2,""cream_cheese"":3,""white_yellow_mug"":1}",(And (In white_yellow_mug_1 basket_1_contain_region)),"[[""in"",""white_yellow_mug_1"",""basket_1_contain_region""]]",main_table_target_left_region,"{""0"":[0.04,-0.244,0.11,-0.182],""1"":[0.04,-0.102,0.11,-0.04],""2"":[0.04,0.04,0.11,0.102],""3"":[0.04,0.182,0.11,0.244]}","{""left"":[-0.2,-0.28,-0.04,-0.14],""middle"":[-0.2,-0.07,-0.04,0.07],""right"":[-0.2,0.14,-0.04,0.28]}","{""agentview_camera_name"":""agentview"",""agentview_fovy_deg"":75.0,""agentview_position_m"":[0.6586131746834771,0.0,1.6103500240372424],""agentview_quaternion_wxyz"":[0.6380177736282349,0.3048497438430786,0.30484986305236816,0.6380177736282349],""apply_after_every_reset"":true,""camera_height"":128,""camera_protocol_version"":""libero_36_agentview_v1"",""camera_width"":128,""observation_refresh_after_apply"":true,""raw_reset_agentview_fovy_deg"":45.0}"
libero_36_proxy_tabletop_draft_v5,libero_registered_object_36_proxy_tabletop,12,1,white_yellow_mug*put_inside*left,white_yellow_mug,put_inside,left,Pick up the yellow and white mug and place it inside the basket in the left region,data/libero_36/bddl/task_012_layout_1_white_yellow_mug_put_inside_left.bddl,e6095767225032659e3e1f6db5dcf1551bb6352f378b5e559b891ce0e3544aa8,"{""akita_black_bowl"":1,""alphabet_soup"":3,""cream_cheese"":0,""white_yellow_mug"":2}",(And (In white_yellow_mug_1 basket_1_contain_region)),"[[""in"",""white_yellow_mug_1"",""basket_1_contain_region""]]",main_table_target_left_region,"{""0"":[0.04,-0.244,0.11,-0.182],""1"":[0.04,-0.102,0.11,-0.04],""2"":[0.04,0.04,0.11,0.102],""3"":[0.04,0.182,0.11,0.244]}","{""left"":[-0.2,-0.28,-0.04,-0.14],""middle"":[-0.2,-0.07,-0.04,0.07],""right"":[-0.2,0.14,-0.04,0.28]}","{""agentview_camera_name"":""agentview"",""agentview_fovy_deg"":75.0,""agentview_position_m"":[0.6586131746834771,0.0,1.6103500240372424],""agentview_quaternion_wxyz"":[0.6380177736282349,0.3048497438430786,0.30484986305236816,0.6380177736282349],""apply_after_every_reset"":true,""camera_height"":128,""camera_protocol_version"":""libero_36_agentview_v1"",""camera_width"":128,""observation_refresh_after_apply"":true,""raw_reset_agentview_fovy_deg"":45.0}"
libero_36_proxy_tabletop_draft_v5,libero_registered_object_36_proxy_tabletop,12,2,white_yellow_mug*put_inside*left,white_yellow_mug,put_inside,left,Pick up the yellow and white mug and place it inside the basket in the left region,data/libero_36/bddl/task_012_layout_2_white_yellow_mug_put_inside_left.bddl,56617ceed920decab066157f570ba0dbf92264320e58f48afbfa9d960042120c,"{""akita_black_bowl"":2,""alphabet_soup"":0,""cream_cheese"":1,""white_yellow_mug"":3}",(And (In white_yellow_mug_1 basket_1_contain_region)),"[[""in"",""white_yellow_mug_1"",""basket_1_contain_region""]]",main_table_target_left_region,"{""0"":[0.04,-0.244,0.11,-0.182],""1"":[0.04,-0.102,0.11,-0.04],""2"":[0.04,0.04,0.11,0.102],""3"":[0.04,0.182,0.11,0.244]}","{""left"":[-0.2,-0.28,-0.04,-0.14],""middle"":[-0.2,-0.07,-0.04,0.07],""right"":[-0.2,0.14,-0.04,0.28]}","{""agentview_camera_name"":""agentview"",""agentview_fovy_deg"":75.0,""agentview_position_m"":[0.6586131746834771,0.0,1.6103500240372424],""agentview_quaternion_wxyz"":[0.6380177736282349,0.3048497438430786,0.30484986305236816,0.6380177736282349],""apply_after_every_reset"":true,""camera_height"":128,""camera_protocol_version"":""libero_36_agentview_v1"",""camera_width"":128,""observation_refresh_after_apply"":true,""raw_reset_agentview_fovy_deg"":45.0}"
libero_36_proxy_tabletop_draft_v5,libero_registered_object_36_proxy_tabletop,12,3,white_yellow_mug*put_inside*left,white_yellow_mug,put_inside,left,Pick up the yellow and white mug and place it inside the basket in the left region,data/libero_36/bddl/task_012_layout_3_white_yellow_mug_put_inside_left.bddl,cd2eacff88e1283c19befd1d59927a6046c4a5c9db852c716eeb1878b85a8f8c,"{""akita_black_bowl"":3,""alphabet_soup"":1,""cream_cheese"":2,""white_yellow_mug"":0}",(And (In white_yellow_mug_1 basket_1_contain_region)),"[[""in"",""white_yellow_mug_1"",""basket_1_contain_region""]]",main_table_target_left_region,"{""0"":[0.04,-0.244,0.11,-0.182],""1"":[0.04,-0.102,0.11,-0.04],""2"":[0.04,0.04,0.11,0.102],""3"":[0.04,0.182,0.11,0.244]}","{""left"":[-0.2,-0.28,-0.04,-0.14],""middle"":[-0.2,-0.07,-0.04,0.07],""right"":[-0.2,0.14,-0.04,0.28]}","{""agentview_camera_name"":""agentview"",""agentview_fovy_deg"":75.0,""agentview_position_m"":[0.6586131746834771,0.0,1.6103500240372424],""agentview_quaternion_wxyz"":[0.6380177736282349,0.3048497438430786,0.30484986305236816,0.6380177736282349],""apply_after_every_reset"":true,""camera_height"":128,""camera_protocol_version"":""libero_36_agentview_v1"",""camera_width"":128,""observation_refresh_after_apply"":true,""raw_reset_agentview_fovy_deg"":45.0}"
libero_36_proxy_tabletop_draft_v5,libero_registered_object_36_proxy_tabletop,13,0,white_yellow_mug*put_inside*middle,white_yellow_mug,put_inside,middle,Pick up the yellow and white mug and place it inside the basket in the middle region,data/libero_36/bddl/task_013_layout_0_white_yellow_mug_put_inside_middle.bddl,7380b36719ec9b301b7a0081f172d208702f6cf787b0c0c5c959f5643e37de35,"{""akita_black_bowl"":0,""alphabet_soup"":2,""cream_cheese"":3,""white_yellow_mug"":1}",(And (In white_yellow_mug_1 basket_1_contain_region)),"[[""in"",""white_yellow_mug_1"",""basket_1_contain_region""]]",main_table_target_middle_region,"{""0"":[0.04,-0.244,0.11,-0.182],""1"":[0.04,-0.102,0.11,-0.04],""2"":[0.04,0.04,0.11,0.102],""3"":[0.04,0.182,0.11,0.244]}","{""left"":[-0.2,-0.28,-0.04,-0.14],""middle"":[-0.2,-0.07,-0.04,0.07],""right"":[-0.2,0.14,-0.04,0.28]}","{""agentview_camera_name"":""agentview"",""agentview_fovy_deg"":75.0,""agentview_position_m"":[0.6586131746834771,0.0,1.6103500240372424],""agentview_quaternion_wxyz"":[0.6380177736282349,0.3048497438430786,0.30484986305236816,0.6380177736282349],""apply_after_every_reset"":true,""camera_height"":128,""camera_protocol_version"":""libero_36_agentview_v1"",""camera_width"":128,""observation_refresh_after_apply"":true,""raw_reset_agentview_fovy_deg"":45.0}"
libero_36_proxy_tabletop_draft_v5,libero_registered_object_36_proxy_tabletop,13,1,white_yellow_mug*put_inside*middle,white_yellow_mug,put_inside,middle,Pick up the yellow and white mug and place it inside the basket in the middle region,data/libero_36/bddl/task_013_layout_1_white_yellow_mug_put_inside_middle.bddl,6836b4b928ebcfd4a2d562154424ed5d7fff8dd4a4cfd6619e675a5274244c17,"{""akita_black_bowl"":1,""alphabet_soup"":3,""cream_cheese"":0,""white_yellow_mug"":2}",(And (In white_yellow_mug_1 basket_1_contain_region)),"[[""in"",""white_yellow_mug_1"",""basket_1_contain_region""]]",main_table_target_middle_region,"{""0"":[0.04,-0.244,0.11,-0.182],""1"":[0.04,-0.102,0.11,-0.04],""2"":[0.04,0.04,0.11,0.102],""3"":[0.04,0.182,0.11,0.244]}","{""left"":[-0.2,-0.28,-0.04,-0.14],""middle"":[-0.2,-0.07,-0.04,0.07],""right"":[-0.2,0.14,-0.04,0.28]}","{""agentview_camera_name"":""agentview"",""agentview_fovy_deg"":75.0,""agentview_position_m"":[0.6586131746834771,0.0,1.6103500240372424],""agentview_quaternion_wxyz"":[0.6380177736282349,0.3048497438430786,0.30484986305236816,0.6380177736282349],""apply_after_every_reset"":true,""camera_height"":128,""camera_protocol_version"":""libero_36_agentview_v1"",""camera_width"":128,""observation_refresh_after_apply"":true,""raw_reset_agentview_fovy_deg"":45.0}"
libero_36_proxy_tabletop_draft_v5,libero_registered_object_36_proxy_tabletop,13,2,white_yellow_mug*put_inside*middle,white_yellow_mug,put_inside,middle,Pick up the yellow and white mug and place it inside the basket in the middle region,data/libero_36/bddl/task_013_layout_2_white_yellow_mug_put_inside_middle.bddl,7c014a1cd5d11bffde148047774470c654e7f6dbdb9e73f84c5eb8df9fc50c45,"{""akita_black_bowl"":2,""alphabet_soup"":0,""cream_cheese"":1,""white_yellow_mug"":3}",(And (In white_yellow_mug_1 basket_1_contain_region)),"[[""in"",""white_yellow_mug_1"",""basket_1_contain_region""]]",main_table_target_middle_region,"{""0"":[0.04,-0.244,0.11,-0.182],""1"":[0.04,-0.102,0.11,-0.04],""2"":[0.04,0.04,0.11,0.102],""3"":[0.04,0.182,0.11,0.244]}","{""left"":[-0.2,-0.28,-0.04,-0.14],""middle"":[-0.2,-0.07,-0.04,0.07],""right"":[-0.2,0.14,-0.04,0.28]}","{""agentview_camera_name"":""agentview"",""agentview_fovy_deg"":75.0,""agentview_position_m"":[0.6586131746834771,0.0,1.6103500240372424],""agentview_quaternion_wxyz"":[0.6380177736282349,0.3048497438430786,0.30484986305236816,0.6380177736282349],""apply_after_every_reset"":true,""camera_height"":128,""camera_protocol_version"":""libero_36_agentview_v1"",""camera_width"":128,""observation_refresh_after_apply"":true,""raw_reset_agentview_fovy_deg"":45.0}"
libero_36_proxy_tabletop_draft_v5,libero_registered_object_36_proxy_tabletop,13,3,white_yellow_mug*put_inside*middle,white_yellow_mug,put_inside,middle,Pick up the yellow and white mug and place it inside the basket in the middle region,data/libero_36/bddl/task_013_layout_3_white_yellow_mug_put_inside_middle.bddl,727ad94753ef4f67d86f9e59383686fd9477aa0315f466056b199028e5d87bb8,"{""akita_black_bowl"":3,""alphabet_soup"":1,""cream_cheese"":2,""white_yellow_mug"":0}",(And (In white_yellow_mug_1 basket_1_contain_region)),"[[""in"",""white_yellow_mug_1"",""basket_1_contain_region""]]",main_table_target_middle_region,"{""0"":[0.04,-0.244,0.11,-0.182],""1"":[0.04,-0.102,0.11,-0.04],""2"":[0.04,0.04,0.11,0.102],""3"":[0.04,0.182,0.11,0.244]}","{""left"":[-0.2,-0.28,-0.04,-0.14],""middle"":[-0.2,-0.07,-0.04,0.07],""right"":[-0.2,0.14,-0.04,0.28]}","{""agentview_camera_name"":""agentview"",""agentview_fovy_deg"":75.0,""agentview_position_m"":[0.6586131746834771,0.0,1.6103500240372424],""agentview_quaternion_wxyz"":[0.6380177736282349,0.3048497438430786,0.30484986305236816,0.6380177736282349],""apply_after_every_reset"":true,""camera_height"":128,""camera_protocol_version"":""libero_36_agentview_v1"",""camera_width"":128,""observation_refresh_after_apply"":true,""raw_reset_agentview_fovy_deg"":45.0}"
libero_36_proxy_tabletop_draft_v5,libero_registered_object_36_proxy_tabletop,14,0,white_yellow_mug*put_inside*right,white_yellow_mug,put_inside,right,Pick up the yellow and white mug and place it inside the basket in the right region,data/libero_36/bddl/task_014_layout_0_white_yellow_mug_put_inside_right.bddl,60251b427444d125f06daa1b63e153fee05fbfbce4db0669683b6fcbc4ee7668,"{""akita_black_bowl"":0,""alphabet_soup"":2,""cream_cheese"":3,""white_yellow_mug"":1}",(And (In white_yellow_mug_1 basket_1_contain_region)),"[[""in"",""white_yellow_mug_1"",""basket_1_contain_region""]]",main_table_target_right_region,"{""0"":[0.04,-0.244,0.11,-0.182],""1"":[0.04,-0.102,0.11,-0.04],""2"":[0.04,0.04,0.11,0.102],""3"":[0.04,0.182,0.11,0.244]}","{""left"":[-0.2,-0.28,-0.04,-0.14],""middle"":[-0.2,-0.07,-0.04,0.07],""right"":[-0.2,0.14,-0.04,0.28]}","{""agentview_camera_name"":""agentview"",""agentview_fovy_deg"":75.0,""agentview_position_m"":[0.6586131746834771,0.0,1.6103500240372424],""agentview_quaternion_wxyz"":[0.6380177736282349,0.3048497438430786,0.30484986305236816,0.6380177736282349],""apply_after_every_reset"":true,""camera_height"":128,""camera_protocol_version"":""libero_36_agentview_v1"",""camera_width"":128,""observation_refresh_after_apply"":true,""raw_reset_agentview_fovy_deg"":45.0}"
libero_36_proxy_tabletop_draft_v5,libero_registered_object_36_proxy_tabletop,14,1,white_yellow_mug*put_inside*right,white_yellow_mug,put_inside,right,Pick up the yellow and white mug and place it inside the basket in the right region,data/libero_36/bddl/task_014_layout_1_white_yellow_mug_put_inside_right.bddl,5488963f0ff89d70988c2d2ad0a01bcef19f7580da0b3faded31a9666b8498a9,"{""akita_black_bowl"":1,""alphabet_soup"":3,""cream_cheese"":0,""white_yellow_mug"":2}",(And (In white_yellow_mug_1 basket_1_contain_region)),"[[""in"",""white_yellow_mug_1"",""basket_1_contain_region""]]",main_table_target_right_region,"{""0"":[0.04,-0.244,0.11,-0.182],""1"":[0.04,-0.102,0.11,-0.04],""2"":[0.04,0.04,0.11,0.102],""3"":[0.04,0.182,0.11,0.244]}","{""left"":[-0.2,-0.28,-0.04,-0.14],""middle"":[-0.2,-0.07,-0.04,0.07],""right"":[-0.2,0.14,-0.04,0.28]}","{""agentview_camera_name"":""agentview"",""agentview_fovy_deg"":75.0,""agentview_position_m"":[0.6586131746834771,0.0,1.6103500240372424],""agentview_quaternion_wxyz"":[0.6380177736282349,0.3048497438430786,0.30484986305236816,0.6380177736282349],""apply_after_every_reset"":true,""camera_height"":128,""camera_protocol_version"":""libero_36_agentview_v1"",""camera_width"":128,""observation_refresh_after_apply"":true,""raw_reset_agentview_fovy_deg"":45.0}"
libero_36_proxy_tabletop_draft_v5,libero_registered_object_36_proxy_tabletop,14,2,white_yellow_mug*put_inside*right,white_yellow_mug,put_inside,right,Pick up the yellow and white mug and place it inside the basket in the right region,data/libero_36/bddl/task_014_layout_2_white_yellow_mug_put_inside_right.bddl,7d723f56c8c9384fd1b2bbd015cdce332ae33c6e0003116ec5850919b16785ac,"{""akita_black_bowl"":2,""alphabet_soup"":0,""cream_cheese"":1,""white_yellow_mug"":3}",(And (In white_yellow_mug_1 basket_1_contain_region)),"[[""in"",""white_yellow_mug_1"",""basket_1_contain_region""]]",main_table_target_right_region,"{""0"":[0.04,-0.244,0.11,-0.182],""1"":[0.04,-0.102,0.11,-0.04],""2"":[0.04,0.04,0.11,0.102],""3"":[0.04,0.182,0.11,0.244]}","{""left"":[-0.2,-0.28,-0.04,-0.14],""middle"":[-0.2,-0.07,-0.04,0.07],""right"":[-0.2,0.14,-0.04,0.28]}","{""agentview_camera_name"":""agentview"",""agentview_fovy_deg"":75.0,""agentview_position_m"":[0.6586131746834771,0.0,1.6103500240372424],""agentview_quaternion_wxyz"":[0.6380177736282349,0.3048497438430786,0.30484986305236816,0.6380177736282349],""apply_after_every_reset"":true,""camera_height"":128,""camera_protocol_version"":""libero_36_agentview_v1"",""camera_width"":128,""observation_refresh_after_apply"":true,""raw_reset_agentview_fovy_deg"":45.0}"
libero_36_proxy_tabletop_draft_v5,libero_registered_object_36_proxy_tabletop,14,3,white_yellow_mug*put_inside*right,white_yellow_mug,put_inside,right,Pick up the yellow and white mug and place it inside the basket in the right region,data/libero_36/bddl/task_014_layout_3_white_yellow_mug_put_inside_right.bddl,47e4249901fea094537b63750c6d39947dcf29b683401488e34b5fc08528a102,"{""akita_black_bowl"":3,""alphabet_soup"":1,""cream_cheese"":2,""white_yellow_mug"":0}",(And (In white_yellow_mug_1 basket_1_contain_region)),"[[""in"",""white_yellow_mug_1"",""basket_1_contain_region""]]",main_table_target_right_region,"{""0"":[0.04,-0.244,0.11,-0.182],""1"":[0.04,-0.102,0.11,-0.04],""2"":[0.04,0.04,0.11,0.102],""3"":[0.04,0.182,0.11,0.244]}","{""left"":[-0.2,-0.28,-0.04,-0.14],""middle"":[-0.2,-0.07,-0.04,0.07],""right"":[-0.2,0.14,-0.04,0.28]}","{""agentview_camera_name"":""agentview"",""agentview_fovy_deg"":75.0,""agentview_position_m"":[0.6586131746834771,0.0,1.6103500240372424],""agentview_quaternion_wxyz"":[0.6380177736282349,0.3048497438430786,0.30484986305236816,0.6380177736282349],""apply_after_every_reset"":true,""camera_height"":128,""camera_protocol_version"":""libero_36_agentview_v1"",""camera_width"":128,""observation_refresh_after_apply"":true,""raw_reset_agentview_fovy_deg"":45.0}"
libero_36_proxy_tabletop_draft_v5,libero_registered_object_36_proxy_tabletop,15,0,white_yellow_mug*push_to*left,white_yellow_mug,push_to,left,Push the yellow and white mug into the left target region,data/libero_36/bddl/task_015_layout_0_white_yellow_mug_push_to_left.bddl,fc03b9df38e88a8ab8f16715093e5cc5345d2ee00461394a5dc57348db9cf01a,"{""akita_black_bowl"":0,""alphabet_soup"":2,""cream_cheese"":3,""white_yellow_mug"":1}",(And (On white_yellow_mug_1 main_table_target_left_region)),"[[""on"",""white_yellow_mug_1"",""main_table_target_left_region""]]",main_table_target_left_region,"{""0"":[0.04,-0.244,0.11,-0.182],""1"":[0.04,-0.102,0.11,-0.04],""2"":[0.04,0.04,0.11,0.102],""3"":[0.04,0.182,0.11,0.244]}","{""left"":[-0.2,-0.28,-0.04,-0.14],""middle"":[-0.2,-0.07,-0.04,0.07],""right"":[-0.2,0.14,-0.04,0.28]}","{""agentview_camera_name"":""agentview"",""agentview_fovy_deg"":75.0,""agentview_position_m"":[0.6586131746834771,0.0,1.6103500240372424],""agentview_quaternion_wxyz"":[0.6380177736282349,0.3048497438430786,0.30484986305236816,0.6380177736282349],""apply_after_every_reset"":true,""camera_height"":128,""camera_protocol_version"":""libero_36_agentview_v1"",""camera_width"":128,""observation_refresh_after_apply"":true,""raw_reset_agentview_fovy_deg"":45.0}"
libero_36_proxy_tabletop_draft_v5,libero_registered_object_36_proxy_tabletop,15,1,white_yellow_mug*push_to*left,white_yellow_mug,push_to,left,Push the yellow and white mug into the left target region,data/libero_36/bddl/task_015_layout_1_white_yellow_mug_push_to_left.bddl,68ae39fd52a696e4048b7d450c0f0a20040634874e6abaa689fc0f4aa6588441,"{""akita_black_bowl"":1,""alphabet_soup"":3,""cream_cheese"":0,""white_yellow_mug"":2}",(And (On white_yellow_mug_1 main_table_target_left_region)),"[[""on"",""white_yellow_mug_1"",""main_table_target_left_region""]]",main_table_target_left_region,"{""0"":[0.04,-0.244,0.11,-0.182],""1"":[0.04,-0.102,0.11,-0.04],""2"":[0.04,0.04,0.11,0.102],""3"":[0.04,0.182,0.11,0.244]}","{""left"":[-0.2,-0.28,-0.04,-0.14],""middle"":[-0.2,-0.07,-0.04,0.07],""right"":[-0.2,0.14,-0.04,0.28]}","{""agentview_camera_name"":""agentview"",""agentview_fovy_deg"":75.0,""agentview_position_m"":[0.6586131746834771,0.0,1.6103500240372424],""agentview_quaternion_wxyz"":[0.6380177736282349,0.3048497438430786,0.30484986305236816,0.6380177736282349],""apply_after_every_reset"":true,""camera_height"":128,""camera_protocol_version"":""libero_36_agentview_v1"",""camera_width"":128,""observation_refresh_after_apply"":true,""raw_reset_agentview_fovy_deg"":45.0}"
libero_36_proxy_tabletop_draft_v5,libero_registered_object_36_proxy_tabletop,15,2,white_yellow_mug*push_to*left,white_yellow_mug,push_to,left,Push the yellow and white mug into the left target region,data/libero_36/bddl/task_015_layout_2_white_yellow_mug_push_to_left.bddl,519715a67ea1c3e3b6eddb5bae1ffa8bd45c6da32f312ee660b3109f2d084201,"{""akita_black_bowl"":2,""alphabet_soup"":0,""cream_cheese"":1,""white_yellow_mug"":3}",(And (On white_yellow_mug_1 main_table_target_left_region)),"[[""on"",""white_yellow_mug_1"",""main_table_target_left_region""]]",main_table_target_left_region,"{""0"":[0.04,-0.244,0.11,-0.182],""1"":[0.04,-0.102,0.11,-0.04],""2"":[0.04,0.04,0.11,0.102],""3"":[0.04,0.182,0.11,0.244]}","{""left"":[-0.2,-0.28,-0.04,-0.14],""middle"":[-0.2,-0.07,-0.04,0.07],""right"":[-0.2,0.14,-0.04,0.28]}","{""agentview_camera_name"":""agentview"",""agentview_fovy_deg"":75.0,""agentview_position_m"":[0.6586131746834771,0.0,1.6103500240372424],""agentview_quaternion_wxyz"":[0.6380177736282349,0.3048497438430786,0.30484986305236816,0.6380177736282349],""apply_after_every_reset"":true,""camera_height"":128,""camera_protocol_version"":""libero_36_agentview_v1"",""camera_width"":128,""observation_refresh_after_apply"":true,""raw_reset_agentview_fovy_deg"":45.0}"
libero_36_proxy_tabletop_draft_v5,libero_registered_object_36_proxy_tabletop,15,3,white_yellow_mug*push_to*left,white_yellow_mug,push_to,left,Push the yellow and white mug into the left target region,data/libero_36/bddl/task_015_layout_3_white_yellow_mug_push_to_left.bddl,85849a9958f980d0f739dfc1e06b0a4cdb612e5859567e51152abf59d44522ae,"{""akita_black_bowl"":3,""alphabet_soup"":1,""cream_cheese"":2,""white_yellow_mug"":0}",(And (On white_yellow_mug_1 main_table_target_left_region)),"[[""on"",""white_yellow_mug_1"",""main_table_target_left_region""]]",main_table_target_left_region,"{""0"":[0.04,-0.244,0.11,-0.182],""1"":[0.04,-0.102,0.11,-0.04],""2"":[0.04,0.04,0.11,0.102],""3"":[0.04,0.182,0.11,0.244]}","{""left"":[-0.2,-0.28,-0.04,-0.14],""middle"":[-0.2,-0.07,-0.04,0.07],""right"":[-0.2,0.14,-0.04,0.28]}","{""agentview_camera_name"":""agentview"",""agentview_fovy_deg"":75.0,""agentview_position_m"":[0.6586131746834771,0.0,1.6103500240372424],""agentview_quaternion_wxyz"":[0.6380177736282349,0.3048497438430786,0.30484986305236816,0.6380177736282349],""apply_after_every_reset"":true,""camera_height"":128,""camera_protocol_version"":""libero_36_agentview_v1"",""camera_width"":128,""observation_refresh_after_apply"":true,""raw_reset_agentview_fovy_deg"":45.0}"
libero_36_proxy_tabletop_draft_v5,libero_registered_object_36_proxy_tabletop,16,0,white_yellow_mug*push_to*middle,white_yellow_mug,push_to,middle,Push the yellow and white mug into the middle target region,data/libero_36/bddl/task_016_layout_0_white_yellow_mug_push_to_middle.bddl,370081c9b73025e939a54c11017a78fb0e347db31e57e7b9c9c3d17c5754657f,"{""akita_black_bowl"":0,""alphabet_soup"":2,""cream_cheese"":3,""white_yellow_mug"":1}",(And (On white_yellow_mug_1 main_table_target_middle_region)),"[[""on"",""white_yellow_mug_1"",""main_table_target_middle_region""]]",main_table_target_middle_region,"{""0"":[0.04,-0.244,0.11,-0.182],""1"":[0.04,-0.102,0.11,-0.04],""2"":[0.04,0.04,0.11,0.102],""3"":[0.04,0.182,0.11,0.244]}","{""left"":[-0.2,-0.28,-0.04,-0.14],""middle"":[-0.2,-0.07,-0.04,0.07],""right"":[-0.2,0.14,-0.04,0.28]}","{""agentview_camera_name"":""agentview"",""agentview_fovy_deg"":75.0,""agentview_position_m"":[0.6586131746834771,0.0,1.6103500240372424],""agentview_quaternion_wxyz"":[0.6380177736282349,0.3048497438430786,0.30484986305236816,0.6380177736282349],""apply_after_every_reset"":true,""camera_height"":128,""camera_protocol_version"":""libero_36_agentview_v1"",""camera_width"":128,""observation_refresh_after_apply"":true,""raw_reset_agentview_fovy_deg"":45.0}"
libero_36_proxy_tabletop_draft_v5,libero_registered_object_36_proxy_tabletop,16,1,white_yellow_mug*push_to*middle,white_yellow_mug,push_to,middle,Push the yellow and white mug into the middle target region,data/libero_36/bddl/task_016_layout_1_white_yellow_mug_push_to_middle.bddl,3af78a18ede344cbf09943ab1a3bf51cb25f2cbec7d09c6ad24f36290911bea0,"{""akita_black_bowl"":1,""alphabet_soup"":3,""cream_cheese"":0,""white_yellow_mug"":2}",(And (On white_yellow_mug_1 main_table_target_middle_region)),"[[""on"",""white_yellow_mug_1"",""main_table_target_middle_region""]]",main_table_target_middle_region,"{""0"":[0.04,-0.244,0.11,-0.182],""1"":[0.04,-0.102,0.11,-0.04],""2"":[0.04,0.04,0.11,0.102],""3"":[0.04,0.182,0.11,0.244]}","{""left"":[-0.2,-0.28,-0.04,-0.14],""middle"":[-0.2,-0.07,-0.04,0.07],""right"":[-0.2,0.14,-0.04,0.28]}","{""agentview_camera_name"":""agentview"",""agentview_fovy_deg"":75.0,""agentview_position_m"":[0.6586131746834771,0.0,1.6103500240372424],""agentview_quaternion_wxyz"":[0.6380177736282349,0.3048497438430786,0.30484986305236816,0.6380177736282349],""apply_after_every_reset"":true,""camera_height"":128,""camera_protocol_version"":""libero_36_agentview_v1"",""camera_width"":128,""observation_refresh_after_apply"":true,""raw_reset_agentview_fovy_deg"":45.0}"
libero_36_proxy_tabletop_draft_v5,libero_registered_object_36_proxy_tabletop,16,2,white_yellow_mug*push_to*middle,white_yellow_mug,push_to,middle,Push the yellow and white mug into the middle target region,data/libero_36/bddl/task_016_layout_2_white_yellow_mug_push_to_middle.bddl,c090a7e67a40d4f5fff3f774122f018d7e5fa6a08cd6104e7d08e437b5b03b62,"{""akita_black_bowl"":2,""alphabet_soup"":0,""cream_cheese"":1,""white_yellow_mug"":3}",(And (On white_yellow_mug_1 main_table_target_middle_region)),"[[""on"",""white_yellow_mug_1"",""main_table_target_middle_region""]]",main_table_target_middle_region,"{""0"":[0.04,-0.244,0.11,-0.182],""1"":[0.04,-0.102,0.11,-0.04],""2"":[0.04,0.04,0.11,0.102],""3"":[0.04,0.182,0.11,0.244]}","{""left"":[-0.2,-0.28,-0.04,-0.14],""middle"":[-0.2,-0.07,-0.04,0.07],""right"":[-0.2,0.14,-0.04,0.28]}","{""agentview_camera_name"":""agentview"",""agentview_fovy_deg"":75.0,""agentview_position_m"":[0.6586131746834771,0.0,1.6103500240372424],""agentview_quaternion_wxyz"":[0.6380177736282349,0.3048497438430786,0.30484986305236816,0.6380177736282349],""apply_after_every_reset"":true,""camera_height"":128,""camera_protocol_version"":""libero_36_agentview_v1"",""camera_width"":128,""observation_refresh_after_apply"":true,""raw_reset_agentview_fovy_deg"":45.0}"
libero_36_proxy_tabletop_draft_v5,libero_registered_object_36_proxy_tabletop,16,3,white_yellow_mug*push_to*middle,white_yellow_mug,push_to,middle,Push the yellow and white mug into the middle target region,data/libero_36/bddl/task_016_layout_3_white_yellow_mug_push_to_middle.bddl,93724a0e09c87ea60ecdefae2864e2f276477526916d7dd20c676b2a26c895b4,"{""akita_black_bowl"":3,""alphabet_soup"":1,""cream_cheese"":2,""white_yellow_mug"":0}",(And (On white_yellow_mug_1 main_table_target_middle_region)),"[[""on"",""white_yellow_mug_1"",""main_table_target_middle_region""]]",main_table_target_middle_region,"{""0"":[0.04,-0.244,0.11,-0.182],""1"":[0.04,-0.102,0.11,-0.04],""2"":[0.04,0.04,0.11,0.102],""3"":[0.04,0.182,0.11,0.244]}","{""left"":[-0.2,-0.28,-0.04,-0.14],""middle"":[-0.2,-0.07,-0.04,0.07],""right"":[-0.2,0.14,-0.04,0.28]}","{""agentview_camera_name"":""agentview"",""agentview_fovy_deg"":75.0,""agentview_position_m"":[0.6586131746834771,0.0,1.6103500240372424],""agentview_quaternion_wxyz"":[0.6380177736282349,0.3048497438430786,0.30484986305236816,0.6380177736282349],""apply_after_every_reset"":true,""camera_height"":128,""camera_protocol_version"":""libero_36_agentview_v1"",""camera_width"":128,""observation_refresh_after_apply"":true,""raw_reset_agentview_fovy_deg"":45.0}"
libero_36_proxy_tabletop_draft_v5,libero_registered_object_36_proxy_tabletop,17,0,white_yellow_mug*push_to*right,white_yellow_mug,push_to,right,Push the yellow and white mug into the right target region,data/libero_36/bddl/task_017_layout_0_white_yellow_mug_push_to_right.bddl,8764ca986620f26b48fed436ed4bff82e691e09da91b832714a5753b94710b5b,"{""akita_black_bowl"":0,""alphabet_soup"":2,""cream_cheese"":3,""white_yellow_mug"":1}",(And (On white_yellow_mug_1 main_table_target_right_region)),"[[""on"",""white_yellow_mug_1"",""main_table_target_right_region""]]",main_table_target_right_region,"{""0"":[0.04,-0.244,0.11,-0.182],""1"":[0.04,-0.102,0.11,-0.04],""2"":[0.04,0.04,0.11,0.102],""3"":[0.04,0.182,0.11,0.244]}","{""left"":[-0.2,-0.28,-0.04,-0.14],""middle"":[-0.2,-0.07,-0.04,0.07],""right"":[-0.2,0.14,-0.04,0.28]}","{""agentview_camera_name"":""agentview"",""agentview_fovy_deg"":75.0,""agentview_position_m"":[0.6586131746834771,0.0,1.6103500240372424],""agentview_quaternion_wxyz"":[0.6380177736282349,0.3048497438430786,0.30484986305236816,0.6380177736282349],""apply_after_every_reset"":true,""camera_height"":128,""camera_protocol_version"":""libero_36_agentview_v1"",""camera_width"":128,""observation_refresh_after_apply"":true,""raw_reset_agentview_fovy_deg"":45.0}"
libero_36_proxy_tabletop_draft_v5,libero_registered_object_36_proxy_tabletop,17,1,white_yellow_mug*push_to*right,white_yellow_mug,push_to,right,Push the yellow and white mug into the right target region,data/libero_36/bddl/task_017_layout_1_white_yellow_mug_push_to_right.bddl,8e245f4e41d76d974517a948ed2d756929e4899c1094c2b75aad5477ba8970c1,"{""akita_black_bowl"":1,""alphabet_soup"":3,""cream_cheese"":0,""white_yellow_mug"":2}",(And (On white_yellow_mug_1 main_table_target_right_region)),"[[""on"",""white_yellow_mug_1"",""main_table_target_right_region""]]",main_table_target_right_region,"{""0"":[0.04,-0.244,0.11,-0.182],""1"":[0.04,-0.102,0.11,-0.04],""2"":[0.04,0.04,0.11,0.102],""3"":[0.04,0.182,0.11,0.244]}","{""left"":[-0.2,-0.28,-0.04,-0.14],""middle"":[-0.2,-0.07,-0.04,0.07],""right"":[-0.2,0.14,-0.04,0.28]}","{""agentview_camera_name"":""agentview"",""agentview_fovy_deg"":75.0,""agentview_position_m"":[0.6586131746834771,0.0,1.6103500240372424],""agentview_quaternion_wxyz"":[0.6380177736282349,0.3048497438430786,0.30484986305236816,0.6380177736282349],""apply_after_every_reset"":true,""camera_height"":128,""camera_protocol_version"":""libero_36_agentview_v1"",""camera_width"":128,""observation_refresh_after_apply"":true,""raw_reset_agentview_fovy_deg"":45.0}"
libero_36_proxy_tabletop_draft_v5,libero_registered_object_36_proxy_tabletop,17,2,white_yellow_mug*push_to*right,white_yellow_mug,push_to,right,Push the yellow and white mug into the right target region,data/libero_36/bddl/task_017_layout_2_white_yellow_mug_push_to_right.bddl,90a5152689c163c1486422e15200497a37e33e64cb263c693809c57ef87d3905,"{""akita_black_bowl"":2,""alphabet_soup"":0,""cream_cheese"":1,""white_yellow_mug"":3}",(And (On white_yellow_mug_1 main_table_target_right_region)),"[[""on"",""white_yellow_mug_1"",""main_table_target_right_region""]]",main_table_target_right_region,"{""0"":[0.04,-0.244,0.11,-0.182],""1"":[0.04,-0.102,0.11,-0.04],""2"":[0.04,0.04,0.11,0.102],""3"":[0.04,0.182,0.11,0.244]}","{""left"":[-0.2,-0.28,-0.04,-0.14],""middle"":[-0.2,-0.07,-0.04,0.07],""right"":[-0.2,0.14,-0.04,0.28]}","{""agentview_camera_name"":""agentview"",""agentview_fovy_deg"":75.0,""agentview_position_m"":[0.6586131746834771,0.0,1.6103500240372424],""agentview_quaternion_wxyz"":[0.6380177736282349,0.3048497438430786,0.30484986305236816,0.6380177736282349],""apply_after_every_reset"":true,""camera_height"":128,""camera_protocol_version"":""libero_36_agentview_v1"",""camera_width"":128,""observation_refresh_after_apply"":true,""raw_reset_agentview_fovy_deg"":45.0}"
libero_36_proxy_tabletop_draft_v5,libero_registered_object_36_proxy_tabletop,17,3,white_yellow_mug*push_to*right,white_yellow_mug,push_to,right,Push the yellow and white mug into the right target region,data/libero_36/bddl/task_017_layout_3_white_yellow_mug_push_to_right.bddl,9e9ee164ed0112d4a4d9904bd324ba196696d18afc16822facdfe17e83db5578,"{""akita_black_bowl"":3,""alphabet_soup"":1,""cream_cheese"":2,""white_yellow_mug"":0}",(And (On white_yellow_mug_1 main_table_target_right_region)),"[[""on"",""white_yellow_mug_1"",""main_table_target_right_region""]]",main_table_target_right_region,"{""0"":[0.04,-0.244,0.11,-0.182],""1"":[0.04,-0.102,0.11,-0.04],""2"":[0.04,0.04,0.11,0.102],""3"":[0.04,0.182,0.11,0.244]}","{""left"":[-0.2,-0.28,-0.04,-0.14],""middle"":[-0.2,-0.07,-0.04,0.07],""right"":[-0.2,0.14,-0.04,0.28]}","{""agentview_camera_name"":""agentview"",""agentview_fovy_deg"":75.0,""agentview_position_m"":[0.6586131746834771,0.0,1.6103500240372424],""agentview_quaternion_wxyz"":[0.6380177736282349,0.3048497438430786,0.30484986305236816,0.6380177736282349],""apply_after_every_reset"":true,""camera_height"":128,""camera_protocol_version"":""libero_36_agentview_v1"",""camera_width"":128,""observation_refresh_after_apply"":true,""raw_reset_agentview_fovy_deg"":45.0}"
libero_36_proxy_tabletop_draft_v5,libero_registered_object_36_proxy_tabletop,18,0,alphabet_soup*put_on_top*left,alphabet_soup,put_on_top,left,Pick up the alphabet soup and place it on the plate in the left region,data/libero_36/bddl/task_018_layout_0_alphabet_soup_put_on_top_left.bddl,7351eb1e364fd6aa93eb1906d19d25a530f55eb73b2164bbf149c6d2ab087250,"{""akita_black_bowl"":0,""alphabet_soup"":2,""cream_cheese"":3,""white_yellow_mug"":1}",(And (On alphabet_soup_1 plate_1)),"[[""on"",""alphabet_soup_1"",""plate_1""]]",main_table_target_left_region,"{""0"":[0.04,-0.244,0.11,-0.182],""1"":[0.04,-0.102,0.11,-0.04],""2"":[0.04,0.04,0.11,0.102],""3"":[0.04,0.182,0.11,0.244]}","{""left"":[-0.2,-0.28,-0.04,-0.14],""middle"":[-0.2,-0.07,-0.04,0.07],""right"":[-0.2,0.14,-0.04,0.28]}","{""agentview_camera_name"":""agentview"",""agentview_fovy_deg"":75.0,""agentview_position_m"":[0.6586131746834771,0.0,1.6103500240372424],""agentview_quaternion_wxyz"":[0.6380177736282349,0.3048497438430786,0.30484986305236816,0.6380177736282349],""apply_after_every_reset"":true,""camera_height"":128,""camera_protocol_version"":""libero_36_agentview_v1"",""camera_width"":128,""observation_refresh_after_apply"":true,""raw_reset_agentview_fovy_deg"":45.0}"
libero_36_proxy_tabletop_draft_v5,libero_registered_object_36_proxy_tabletop,18,1,alphabet_soup*put_on_top*left,alphabet_soup,put_on_top,left,Pick up the alphabet soup and place it on the plate in the left region,data/libero_36/bddl/task_018_layout_1_alphabet_soup_put_on_top_left.bddl,d49634c1ae81da704a5a769b5cc736091973193c80960ad92e845245506913f5,"{""akita_black_bowl"":1,""alphabet_soup"":3,""cream_cheese"":0,""white_yellow_mug"":2}",(And (On alphabet_soup_1 plate_1)),"[[""on"",""alphabet_soup_1"",""plate_1""]]",main_table_target_left_region,"{""0"":[0.04,-0.244,0.11,-0.182],""1"":[0.04,-0.102,0.11,-0.04],""2"":[0.04,0.04,0.11,0.102],""3"":[0.04,0.182,0.11,0.244]}","{""left"":[-0.2,-0.28,-0.04,-0.14],""middle"":[-0.2,-0.07,-0.04,0.07],""right"":[-0.2,0.14,-0.04,0.28]}","{""agentview_camera_name"":""agentview"",""agentview_fovy_deg"":75.0,""agentview_position_m"":[0.6586131746834771,0.0,1.6103500240372424],""agentview_quaternion_wxyz"":[0.6380177736282349,0.3048497438430786,0.30484986305236816,0.6380177736282349],""apply_after_every_reset"":true,""camera_height"":128,""camera_protocol_version"":""libero_36_agentview_v1"",""camera_width"":128,""observation_refresh_after_apply"":true,""raw_reset_agentview_fovy_deg"":45.0}"
libero_36_proxy_tabletop_draft_v5,libero_registered_object_36_proxy_tabletop,18,2,alphabet_soup*put_on_top*left,alphabet_soup,put_on_top,left,Pick up the alphabet soup and place it on the plate in the left region,data/libero_36/bddl/task_018_layout_2_alphabet_soup_put_on_top_left.bddl,b1e3f50f1c5db5092c5a85c596f0ac2e96091423dc63ffaf593c37732713440b,"{""akita_black_bowl"":2,""alphabet_soup"":0,""cream_cheese"":1,""white_yellow_mug"":3}",(And (On alphabet_soup_1 plate_1)),"[[""on"",""alphabet_soup_1"",""plate_1""]]",main_table_target_left_region,"{""0"":[0.04,-0.244,0.11,-0.182],""1"":[0.04,-0.102,0.11,-0.04],""2"":[0.04,0.04,0.11,0.102],""3"":[0.04,0.182,0.11,0.244]}","{""left"":[-0.2,-0.28,-0.04,-0.14],""middle"":[-0.2,-0.07,-0.04,0.07],""right"":[-0.2,0.14,-0.04,0.28]}","{""agentview_camera_name"":""agentview"",""agentview_fovy_deg"":75.0,""agentview_position_m"":[0.6586131746834771,0.0,1.6103500240372424],""agentview_quaternion_wxyz"":[0.6380177736282349,0.3048497438430786,0.30484986305236816,0.6380177736282349],""apply_after_every_reset"":true,""camera_height"":128,""camera_protocol_version"":""libero_36_agentview_v1"",""camera_width"":128,""observation_refresh_after_apply"":true,""raw_reset_agentview_fovy_deg"":45.0}"
libero_36_proxy_tabletop_draft_v5,libero_registered_object_36_proxy_tabletop,18,3,alphabet_soup*put_on_top*left,alphabet_soup,put_on_top,left,Pick up the alphabet soup and place it on the plate in the left region,data/libero_36/bddl/task_018_layout_3_alphabet_soup_put_on_top_left.bddl,c3525d1fe9d36a18a18e16db19e542756a45c42fc4656fc85ee530436382096a,"{""akita_black_bowl"":3,""alphabet_soup"":1,""cream_cheese"":2,""white_yellow_mug"":0}",(And (On alphabet_soup_1 plate_1)),"[[""on"",""alphabet_soup_1"",""plate_1""]]",main_table_target_left_region,"{""0"":[0.04,-0.244,0.11,-0.182],""1"":[0.04,-0.102,0.11,-0.04],""2"":[0.04,0.04,0.11,0.102],""3"":[0.04,0.182,0.11,0.244]}","{""left"":[-0.2,-0.28,-0.04,-0.14],""middle"":[-0.2,-0.07,-0.04,0.07],""right"":[-0.2,0.14,-0.04,0.28]}","{""agentview_camera_name"":""agentview"",""agentview_fovy_deg"":75.0,""agentview_position_m"":[0.6586131746834771,0.0,1.6103500240372424],""agentview_quaternion_wxyz"":[0.6380177736282349,0.3048497438430786,0.30484986305236816,0.6380177736282349],""apply_after_every_reset"":true,""camera_height"":128,""camera_protocol_version"":""libero_36_agentview_v1"",""camera_width"":128,""observation_refresh_after_apply"":true,""raw_reset_agentview_fovy_deg"":45.0}"
libero_36_proxy_tabletop_draft_v5,libero_registered_object_36_proxy_tabletop,19,0,alphabet_soup*put_on_top*middle,alphabet_soup,put_on_top,middle,Pick up the alphabet soup and place it on the plate in the middle region,data/libero_36/bddl/task_019_layout_0_alphabet_soup_put_on_top_middle.bddl,d5b9064bcbeb6ff5fbb083970f5b6a865dd32679bd70615623e4c560bf4e1787,"{""akita_black_bowl"":0,""alphabet_soup"":2,""cream_cheese"":3,""white_yellow_mug"":1}",(And (On alphabet_soup_1 plate_1)),"[[""on"",""alphabet_soup_1"",""plate_1""]]",main_table_target_middle_region,"{""0"":[0.04,-0.244,0.11,-0.182],""1"":[0.04,-0.102,0.11,-0.04],""2"":[0.04,0.04,0.11,0.102],""3"":[0.04,0.182,0.11,0.244]}","{""left"":[-0.2,-0.28,-0.04,-0.14],""middle"":[-0.2,-0.07,-0.04,0.07],""right"":[-0.2,0.14,-0.04,0.28]}","{""agentview_camera_name"":""agentview"",""agentview_fovy_deg"":75.0,""agentview_position_m"":[0.6586131746834771,0.0,1.6103500240372424],""agentview_quaternion_wxyz"":[0.6380177736282349,0.3048497438430786,0.30484986305236816,0.6380177736282349],""apply_after_every_reset"":true,""camera_height"":128,""camera_protocol_version"":""libero_36_agentview_v1"",""camera_width"":128,""observation_refresh_after_apply"":true,""raw_reset_agentview_fovy_deg"":45.0}"
libero_36_proxy_tabletop_draft_v5,libero_registered_object_36_proxy_tabletop,19,1,alphabet_soup*put_on_top*middle,alphabet_soup,put_on_top,middle,Pick up the alphabet soup and place it on the plate in the middle region,data/libero_36/bddl/task_019_layout_1_alphabet_soup_put_on_top_middle.bddl,87eafe6073fe74b3fbcb1f00e2eca7258c19d5e0eed7236bee7972d9d944b732,"{""akita_black_bowl"":1,""alphabet_soup"":3,""cream_cheese"":0,""white_yellow_mug"":2}",(And (On alphabet_soup_1 plate_1)),"[[""on"",""alphabet_soup_1"",""plate_1""]]",main_table_target_middle_region,"{""0"":[0.04,-0.244,0.11,-0.182],""1"":[0.04,-0.102,0.11,-0.04],""2"":[0.04,0.04,0.11,0.102],""3"":[0.04,0.182,0.11,0.244]}","{""left"":[-0.2,-0.28,-0.04,-0.14],""middle"":[-0.2,-0.07,-0.04,0.07],""right"":[-0.2,0.14,-0.04,0.28]}","{""agentview_camera_name"":""agentview"",""agentview_fovy_deg"":75.0,""agentview_position_m"":[0.6586131746834771,0.0,1.6103500240372424],""agentview_quaternion_wxyz"":[0.6380177736282349,0.3048497438430786,0.30484986305236816,0.6380177736282349],""apply_after_every_reset"":true,""camera_height"":128,""camera_protocol_version"":""libero_36_agentview_v1"",""camera_width"":128,""observation_refresh_after_apply"":true,""raw_reset_agentview_fovy_deg"":45.0}"
libero_36_proxy_tabletop_draft_v5,libero_registered_object_36_proxy_tabletop,19,2,alphabet_soup*put_on_top*middle,alphabet_soup,put_on_top,middle,Pick up the alphabet soup and place it on the plate in the middle region,data/libero_36/bddl/task_019_layout_2_alphabet_soup_put_on_top_middle.bddl,b6084c51a07f68e37d0775039aa50464078b8d318a8b966f092bbe20c6c7ede1,"{""akita_black_bowl"":2,""alphabet_soup"":0,""cream_cheese"":1,""white_yellow_mug"":3}",(And (On alphabet_soup_1 plate_1)),"[[""on"",""alphabet_soup_1"",""plate_1""]]",main_table_target_middle_region,"{""0"":[0.04,-0.244,0.11,-0.182],""1"":[0.04,-0.102,0.11,-0.04],""2"":[0.04,0.04,0.11,0.102],""3"":[0.04,0.182,0.11,0.244]}","{""left"":[-0.2,-0.28,-0.04,-0.14],""middle"":[-0.2,-0.07,-0.04,0.07],""right"":[-0.2,0.14,-0.04,0.28]}","{""agentview_camera_name"":""agentview"",""agentview_fovy_deg"":75.0,""agentview_position_m"":[0.6586131746834771,0.0,1.6103500240372424],""agentview_quaternion_wxyz"":[0.6380177736282349,0.3048497438430786,0.30484986305236816,0.6380177736282349],""apply_after_every_reset"":true,""camera_height"":128,""camera_protocol_version"":""libero_36_agentview_v1"",""camera_width"":128,""observation_refresh_after_apply"":true,""raw_reset_agentview_fovy_deg"":45.0}"
libero_36_proxy_tabletop_draft_v5,libero_registered_object_36_proxy_tabletop,19,3,alphabet_soup*put_on_top*middle,alphabet_soup,put_on_top,middle,Pick up the alphabet soup and place it on the plate in the middle region,data/libero_36/bddl/task_019_layout_3_alphabet_soup_put_on_top_middle.bddl,b9896dd7f1a7fc83fb922f4ec320dcd285638130c83d412448a676e38852542b,"{""akita_black_bowl"":3,""alphabet_soup"":1,""cream_cheese"":2,""white_yellow_mug"":0}",(And (On alphabet_soup_1 plate_1)),"[[""on"",""alphabet_soup_1"",""plate_1""]]",main_table_target_middle_region,"{""0"":[0.04,-0.244,0.11,-0.182],""1"":[0.04,-0.102,0.11,-0.04],""2"":[0.04,0.04,0.11,0.102],""3"":[0.04,0.182,0.11,0.244]}","{""left"":[-0.2,-0.28,-0.04,-0.14],""middle"":[-0.2,-0.07,-0.04,0.07],""right"":[-0.2,0.14,-0.04,0.28]}","{""agentview_camera_name"":""agentview"",""agentview_fovy_deg"":75.0,""agentview_position_m"":[0.6586131746834771,0.0,1.6103500240372424],""agentview_quaternion_wxyz"":[0.6380177736282349,0.3048497438430786,0.30484986305236816,0.6380177736282349],""apply_after_every_reset"":true,""camera_height"":128,""camera_protocol_version"":""libero_36_agentview_v1"",""camera_width"":128,""observation_refresh_after_apply"":true,""raw_reset_agentview_fovy_deg"":45.0}"
libero_36_proxy_tabletop_draft_v5,libero_registered_object_36_proxy_tabletop,20,0,alphabet_soup*put_on_top*right,alphabet_soup,put_on_top,right,Pick up the alphabet soup and place it on the plate in the right region,data/libero_36/bddl/task_020_layout_0_alphabet_soup_put_on_top_right.bddl,3ba9fd9a5e190fa83cf93e67e4c7859a3d1ecee7c44c0906f5b0cfe5c1db8296,"{""akita_black_bowl"":0,""alphabet_soup"":2,""cream_cheese"":3,""white_yellow_mug"":1}",(And (On alphabet_soup_1 plate_1)),"[[""on"",""alphabet_soup_1"",""plate_1""]]",main_table_target_right_region,"{""0"":[0.04,-0.244,0.11,-0.182],""1"":[0.04,-0.102,0.11,-0.04],""2"":[0.04,0.04,0.11,0.102],""3"":[0.04,0.182,0.11,0.244]}","{""left"":[-0.2,-0.28,-0.04,-0.14],""middle"":[-0.2,-0.07,-0.04,0.07],""right"":[-0.2,0.14,-0.04,0.28]}","{""agentview_camera_name"":""agentview"",""agentview_fovy_deg"":75.0,""agentview_position_m"":[0.6586131746834771,0.0,1.6103500240372424],""agentview_quaternion_wxyz"":[0.6380177736282349,0.3048497438430786,0.30484986305236816,0.6380177736282349],""apply_after_every_reset"":true,""camera_height"":128,""camera_protocol_version"":""libero_36_agentview_v1"",""camera_width"":128,""observation_refresh_after_apply"":true,""raw_reset_agentview_fovy_deg"":45.0}"
libero_36_proxy_tabletop_draft_v5,libero_registered_object_36_proxy_tabletop,20,1,alphabet_soup*put_on_top*right,alphabet_soup,put_on_top,right,Pick up the alphabet soup and place it on the plate in the right region,data/libero_36/bddl/task_020_layout_1_alphabet_soup_put_on_top_right.bddl,f062677ed5cb59f9547f4eb1520b3f3bd1828e658858603a4b9407966197f848,"{""akita_black_bowl"":1,""alphabet_soup"":3,""cream_cheese"":0,""white_yellow_mug"":2}",(And (On alphabet_soup_1 plate_1)),"[[""on"",""alphabet_soup_1"",""plate_1""]]",main_table_target_right_region,"{""0"":[0.04,-0.244,0.11,-0.182],""1"":[0.04,-0.102,0.11,-0.04],""2"":[0.04,0.04,0.11,0.102],""3"":[0.04,0.182,0.11,0.244]}","{""left"":[-0.2,-0.28,-0.04,-0.14],""middle"":[-0.2,-0.07,-0.04,0.07],""right"":[-0.2,0.14,-0.04,0.28]}","{""agentview_camera_name"":""agentview"",""agentview_fovy_deg"":75.0,""agentview_position_m"":[0.6586131746834771,0.0,1.6103500240372424],""agentview_quaternion_wxyz"":[0.6380177736282349,0.3048497438430786,0.30484986305236816,0.6380177736282349],""apply_after_every_reset"":true,""camera_height"":128,""camera_protocol_version"":""libero_36_agentview_v1"",""camera_width"":128,""observation_refresh_after_apply"":true,""raw_reset_agentview_fovy_deg"":45.0}"
libero_36_proxy_tabletop_draft_v5,libero_registered_object_36_proxy_tabletop,20,2,alphabet_soup*put_on_top*right,alphabet_soup,put_on_top,right,Pick up the alphabet soup and place it on the plate in the right region,data/libero_36/bddl/task_020_layout_2_alphabet_soup_put_on_top_right.bddl,fe570c95f1f0ff38b1c29a059c0c502195b792e6c7229b64a53daf937b7da4fa,"{""akita_black_bowl"":2,""alphabet_soup"":0,""cream_cheese"":1,""white_yellow_mug"":3}",(And (On alphabet_soup_1 plate_1)),"[[""on"",""alphabet_soup_1"",""plate_1""]]",main_table_target_right_region,"{""0"":[0.04,-0.244,0.11,-0.182],""1"":[0.04,-0.102,0.11,-0.04],""2"":[0.04,0.04,0.11,0.102],""3"":[0.04,0.182,0.11,0.244]}","{""left"":[-0.2,-0.28,-0.04,-0.14],""middle"":[-0.2,-0.07,-0.04,0.07],""right"":[-0.2,0.14,-0.04,0.28]}","{""agentview_camera_name"":""agentview"",""agentview_fovy_deg"":75.0,""agentview_position_m"":[0.6586131746834771,0.0,1.6103500240372424],""agentview_quaternion_wxyz"":[0.6380177736282349,0.3048497438430786,0.30484986305236816,0.6380177736282349],""apply_after_every_reset"":true,""camera_height"":128,""camera_protocol_version"":""libero_36_agentview_v1"",""camera_width"":128,""observation_refresh_after_apply"":true,""raw_reset_agentview_fovy_deg"":45.0}"
libero_36_proxy_tabletop_draft_v5,libero_registered_object_36_proxy_tabletop,20,3,alphabet_soup*put_on_top*right,alphabet_soup,put_on_top,right,Pick up the alphabet soup and place it on the plate in the right region,data/libero_36/bddl/task_020_layout_3_alphabet_soup_put_on_top_right.bddl,792e997910420d5b5354f15dbb1543d4cb967d9299a8b313e554e69298dd1522,"{""akita_black_bowl"":3,""alphabet_soup"":1,""cream_cheese"":2,""white_yellow_mug"":0}",(And (On alphabet_soup_1 plate_1)),"[[""on"",""alphabet_soup_1"",""plate_1""]]",main_table_target_right_region,"{""0"":[0.04,-0.244,0.11,-0.182],""1"":[0.04,-0.102,0.11,-0.04],""2"":[0.04,0.04,0.11,0.102],""3"":[0.04,0.182,0.11,0.244]}","{""left"":[-0.2,-0.28,-0.04,-0.14],""middle"":[-0.2,-0.07,-0.04,0.07],""right"":[-0.2,0.14,-0.04,0.28]}","{""agentview_camera_name"":""agentview"",""agentview_fovy_deg"":75.0,""agentview_position_m"":[0.6586131746834771,0.0,1.6103500240372424],""agentview_quaternion_wxyz"":[0.6380177736282349,0.3048497438430786,0.30484986305236816,0.6380177736282349],""apply_after_every_reset"":true,""camera_height"":128,""camera_protocol_version"":""libero_36_agentview_v1"",""camera_width"":128,""observation_refresh_after_apply"":true,""raw_reset_agentview_fovy_deg"":45.0}"
libero_36_proxy_tabletop_draft_v5,libero_registered_object_36_proxy_tabletop,21,0,alphabet_soup*put_inside*left,alphabet_soup,put_inside,left,Pick up the alphabet soup and place it inside the basket in the left region,data/libero_36/bddl/task_021_layout_0_alphabet_soup_put_inside_left.bddl,488d0b825f6234c0c48396ec6bc5a33a0cf1b19d040033f75655ffb5c64751b2,"{""akita_black_bowl"":0,""alphabet_soup"":2,""cream_cheese"":3,""white_yellow_mug"":1}",(And (In alphabet_soup_1 basket_1_contain_region)),"[[""in"",""alphabet_soup_1"",""basket_1_contain_region""]]",main_table_target_left_region,"{""0"":[0.04,-0.244,0.11,-0.182],""1"":[0.04,-0.102,0.11,-0.04],""2"":[0.04,0.04,0.11,0.102],""3"":[0.04,0.182,0.11,0.244]}","{""left"":[-0.2,-0.28,-0.04,-0.14],""middle"":[-0.2,-0.07,-0.04,0.07],""right"":[-0.2,0.14,-0.04,0.28]}","{""agentview_camera_name"":""agentview"",""agentview_fovy_deg"":75.0,""agentview_position_m"":[0.6586131746834771,0.0,1.6103500240372424],""agentview_quaternion_wxyz"":[0.6380177736282349,0.3048497438430786,0.30484986305236816,0.6380177736282349],""apply_after_every_reset"":true,""camera_height"":128,""camera_protocol_version"":""libero_36_agentview_v1"",""camera_width"":128,""observation_refresh_after_apply"":true,""raw_reset_agentview_fovy_deg"":45.0}"
libero_36_proxy_tabletop_draft_v5,libero_registered_object_36_proxy_tabletop,21,1,alphabet_soup*put_inside*left,alphabet_soup,put_inside,left,Pick up the alphabet soup and place it inside the basket in the left region,data/libero_36/bddl/task_021_layout_1_alphabet_soup_put_inside_left.bddl,560e5bd30d19c9ac030dc73258f809ab27f4a994918d953bbe46b10d09a9dbaa,"{""akita_black_bowl"":1,""alphabet_soup"":3,""cream_cheese"":0,""white_yellow_mug"":2}",(And (In alphabet_soup_1 basket_1_contain_region)),"[[""in"",""alphabet_soup_1"",""basket_1_contain_region""]]",main_table_target_left_region,"{""0"":[0.04,-0.244,0.11,-0.182],""1"":[0.04,-0.102,0.11,-0.04],""2"":[0.04,0.04,0.11,0.102],""3"":[0.04,0.182,0.11,0.244]}","{""left"":[-0.2,-0.28,-0.04,-0.14],""middle"":[-0.2,-0.07,-0.04,0.07],""right"":[-0.2,0.14,-0.04,0.28]}","{""agentview_camera_name"":""agentview"",""agentview_fovy_deg"":75.0,""agentview_position_m"":[0.6586131746834771,0.0,1.6103500240372424],""agentview_quaternion_wxyz"":[0.6380177736282349,0.3048497438430786,0.30484986305236816,0.6380177736282349],""apply_after_every_reset"":true,""camera_height"":128,""camera_protocol_version"":""libero_36_agentview_v1"",""camera_width"":128,""observation_refresh_after_apply"":true,""raw_reset_agentview_fovy_deg"":45.0}"
libero_36_proxy_tabletop_draft_v5,libero_registered_object_36_proxy_tabletop,21,2,alphabet_soup*put_inside*left,alphabet_soup,put_inside,left,Pick up the alphabet soup and place it inside the basket in the left region,data/libero_36/bddl/task_021_layout_2_alphabet_soup_put_inside_left.bddl,f271c781540b1d08530cd9204a3e1f289cfa911fc14c4e2048b53603c64a5e29,"{""akita_black_bowl"":2,""alphabet_soup"":0,""cream_cheese"":1,""white_yellow_mug"":3}",(And (In alphabet_soup_1 basket_1_contain_region)),"[[""in"",""alphabet_soup_1"",""basket_1_contain_region""]]",main_table_target_left_region,"{""0"":[0.04,-0.244,0.11,-0.182],""1"":[0.04,-0.102,0.11,-0.04],""2"":[0.04,0.04,0.11,0.102],""3"":[0.04,0.182,0.11,0.244]}","{""left"":[-0.2,-0.28,-0.04,-0.14],""middle"":[-0.2,-0.07,-0.04,0.07],""right"":[-0.2,0.14,-0.04,0.28]}","{""agentview_camera_name"":""agentview"",""agentview_fovy_deg"":75.0,""agentview_position_m"":[0.6586131746834771,0.0,1.6103500240372424],""agentview_quaternion_wxyz"":[0.6380177736282349,0.3048497438430786,0.30484986305236816,0.6380177736282349],""apply_after_every_reset"":true,""camera_height"":128,""camera_protocol_version"":""libero_36_agentview_v1"",""camera_width"":128,""observation_refresh_after_apply"":true,""raw_reset_agentview_fovy_deg"":45.0}"
libero_36_proxy_tabletop_draft_v5,libero_registered_object_36_proxy_tabletop,21,3,alphabet_soup*put_inside*left,alphabet_soup,put_inside,left,Pick up the alphabet soup and place it inside the basket in the left region,data/libero_36/bddl/task_021_layout_3_alphabet_soup_put_inside_left.bddl,da6cfa8cfba11d4df7ef4f3068766f3ae7245e00c717638c8cc6e09b98e2562c,"{""akita_black_bowl"":3,""alphabet_soup"":1,""cream_cheese"":2,""white_yellow_mug"":0}",(And (In alphabet_soup_1 basket_1_contain_region)),"[[""in"",""alphabet_soup_1"",""basket_1_contain_region""]]",main_table_target_left_region,"{""0"":[0.04,-0.244,0.11,-0.182],""1"":[0.04,-0.102,0.11,-0.04],""2"":[0.04,0.04,0.11,0.102],""3"":[0.04,0.182,0.11,0.244]}","{""left"":[-0.2,-0.28,-0.04,-0.14],""middle"":[-0.2,-0.07,-0.04,0.07],""right"":[-0.2,0.14,-0.04,0.28]}","{""agentview_camera_name"":""agentview"",""agentview_fovy_deg"":75.0,""agentview_position_m"":[0.6586131746834771,0.0,1.6103500240372424],""agentview_quaternion_wxyz"":[0.6380177736282349,0.3048497438430786,0.30484986305236816,0.6380177736282349],""apply_after_every_reset"":true,""camera_height"":128,""camera_protocol_version"":""libero_36_agentview_v1"",""camera_width"":128,""observation_refresh_after_apply"":true,""raw_reset_agentview_fovy_deg"":45.0}"
libero_36_proxy_tabletop_draft_v5,libero_registered_object_36_proxy_tabletop,22,0,alphabet_soup*put_inside*middle,alphabet_soup,put_inside,middle,Pick up the alphabet soup and place it inside the basket in the middle region,data/libero_36/bddl/task_022_layout_0_alphabet_soup_put_inside_middle.bddl,c3314f1de365ed7e67f07e6f1dec590972f2e8628b3df5121ff94656200aa446,"{""akita_black_bowl"":0,""alphabet_soup"":2,""cream_cheese"":3,""white_yellow_mug"":1}",(And (In alphabet_soup_1 basket_1_contain_region)),"[[""in"",""alphabet_soup_1"",""basket_1_contain_region""]]",main_table_target_middle_region,"{""0"":[0.04,-0.244,0.11,-0.182],""1"":[0.04,-0.102,0.11,-0.04],""2"":[0.04,0.04,0.11,0.102],""3"":[0.04,0.182,0.11,0.244]}","{""left"":[-0.2,-0.28,-0.04,-0.14],""middle"":[-0.2,-0.07,-0.04,0.07],""right"":[-0.2,0.14,-0.04,0.28]}","{""agentview_camera_name"":""agentview"",""agentview_fovy_deg"":75.0,""agentview_position_m"":[0.6586131746834771,0.0,1.6103500240372424],""agentview_quaternion_wxyz"":[0.6380177736282349,0.3048497438430786,0.30484986305236816,0.6380177736282349],""apply_after_every_reset"":true,""camera_height"":128,""camera_protocol_version"":""libero_36_agentview_v1"",""camera_width"":128,""observation_refresh_after_apply"":true,""raw_reset_agentview_fovy_deg"":45.0}"
libero_36_proxy_tabletop_draft_v5,libero_registered_object_36_proxy_tabletop,22,1,alphabet_soup*put_inside*middle,alphabet_soup,put_inside,middle,Pick up the alphabet soup and place it inside the basket in the middle region,data/libero_36/bddl/task_022_layout_1_alphabet_soup_put_inside_middle.bddl,8f062739b2fbdf954ef126ccf2c29d2543a21989c969543ed0f1059c152e08af,"{""akita_black_bowl"":1,""alphabet_soup"":3,""cream_cheese"":0,""white_yellow_mug"":2}",(And (In alphabet_soup_1 basket_1_contain_region)),"[[""in"",""alphabet_soup_1"",""basket_1_contain_region""]]",main_table_target_middle_region,"{""0"":[0.04,-0.244,0.11,-0.182],""1"":[0.04,-0.102,0.11,-0.04],""2"":[0.04,0.04,0.11,0.102],""3"":[0.04,0.182,0.11,0.244]}","{""left"":[-0.2,-0.28,-0.04,-0.14],""middle"":[-0.2,-0.07,-0.04,0.07],""right"":[-0.2,0.14,-0.04,0.28]}","{""agentview_camera_name"":""agentview"",""agentview_fovy_deg"":75.0,""agentview_position_m"":[0.6586131746834771,0.0,1.6103500240372424],""agentview_quaternion_wxyz"":[0.6380177736282349,0.3048497438430786,0.30484986305236816,0.6380177736282349],""apply_after_every_reset"":true,""camera_height"":128,""camera_protocol_version"":""libero_36_agentview_v1"",""camera_width"":128,""observation_refresh_after_apply"":true,""raw_reset_agentview_fovy_deg"":45.0}"
libero_36_proxy_tabletop_draft_v5,libero_registered_object_36_proxy_tabletop,22,2,alphabet_soup*put_inside*middle,alphabet_soup,put_inside,middle,Pick up the alphabet soup and place it inside the basket in the middle region,data/libero_36/bddl/task_022_layout_2_alphabet_soup_put_inside_middle.bddl,9ccdb1fedbf3e1eb6eced3c0a04e8fe56603f2fdf7871132e48c04ae7336a57d,"{""akita_black_bowl"":2,""alphabet_soup"":0,""cream_cheese"":1,""white_yellow_mug"":3}",(And (In alphabet_soup_1 basket_1_contain_region)),"[[""in"",""alphabet_soup_1"",""basket_1_contain_region""]]",main_table_target_middle_region,"{""0"":[0.04,-0.244,0.11,-0.182],""1"":[0.04,-0.102,0.11,-0.04],""2"":[0.04,0.04,0.11,0.102],""3"":[0.04,0.182,0.11,0.244]}","{""left"":[-0.2,-0.28,-0.04,-0.14],""middle"":[-0.2,-0.07,-0.04,0.07],""right"":[-0.2,0.14,-0.04,0.28]}","{""agentview_camera_name"":""agentview"",""agentview_fovy_deg"":75.0,""agentview_position_m"":[0.6586131746834771,0.0,1.6103500240372424],""agentview_quaternion_wxyz"":[0.6380177736282349,0.3048497438430786,0.30484986305236816,0.6380177736282349],""apply_after_every_reset"":true,""camera_height"":128,""camera_protocol_version"":""libero_36_agentview_v1"",""camera_width"":128,""observation_refresh_after_apply"":true,""raw_reset_agentview_fovy_deg"":45.0}"
libero_36_proxy_tabletop_draft_v5,libero_registered_object_36_proxy_tabletop,22,3,alphabet_soup*put_inside*middle,alphabet_soup,put_inside,middle,Pick up the alphabet soup and place it inside the basket in the middle region,data/libero_36/bddl/task_022_layout_3_alphabet_soup_put_inside_middle.bddl,831fac039e3e7610939e5fa3820f1d3acbffb5cc8522ccf212656c37b45226cc,"{""akita_black_bowl"":3,""alphabet_soup"":1,""cream_cheese"":2,""white_yellow_mug"":0}",(And (In alphabet_soup_1 basket_1_contain_region)),"[[""in"",""alphabet_soup_1"",""basket_1_contain_region""]]",main_table_target_middle_region,"{""0"":[0.04,-0.244,0.11,-0.182],""1"":[0.04,-0.102,0.11,-0.04],""2"":[0.04,0.04,0.11,0.102],""3"":[0.04,0.182,0.11,0.244]}","{""left"":[-0.2,-0.28,-0.04,-0.14],""middle"":[-0.2,-0.07,-0.04,0.07],""right"":[-0.2,0.14,-0.04,0.28]}","{""agentview_camera_name"":""agentview"",""agentview_fovy_deg"":75.0,""agentview_position_m"":[0.6586131746834771,0.0,1.6103500240372424],""agentview_quaternion_wxyz"":[0.6380177736282349,0.3048497438430786,0.30484986305236816,0.6380177736282349],""apply_after_every_reset"":true,""camera_height"":128,""camera_protocol_version"":""libero_36_agentview_v1"",""camera_width"":128,""observation_refresh_after_apply"":true,""raw_reset_agentview_fovy_deg"":45.0}"
libero_36_proxy_tabletop_draft_v5,libero_registered_object_36_proxy_tabletop,23,0,alphabet_soup*put_inside*right,alphabet_soup,put_inside,right,Pick up the alphabet soup and place it inside the basket in the right region,data/libero_36/bddl/task_023_layout_0_alphabet_soup_put_inside_right.bddl,c974fcb19e4d4216c7cb01d6ea04852b327cd5ae81ada0751cd6910c3aa32f42,"{""akita_black_bowl"":0,""alphabet_soup"":2,""cream_cheese"":3,""white_yellow_mug"":1}",(And (In alphabet_soup_1 basket_1_contain_region)),"[[""in"",""alphabet_soup_1"",""basket_1_contain_region""]]",main_table_target_right_region,"{""0"":[0.04,-0.244,0.11,-0.182],""1"":[0.04,-0.102,0.11,-0.04],""2"":[0.04,0.04,0.11,0.102],""3"":[0.04,0.182,0.11,0.244]}","{""left"":[-0.2,-0.28,-0.04,-0.14],""middle"":[-0.2,-0.07,-0.04,0.07],""right"":[-0.2,0.14,-0.04,0.28]}","{""agentview_camera_name"":""agentview"",""agentview_fovy_deg"":75.0,""agentview_position_m"":[0.6586131746834771,0.0,1.6103500240372424],""agentview_quaternion_wxyz"":[0.6380177736282349,0.3048497438430786,0.30484986305236816,0.6380177736282349],""apply_after_every_reset"":true,""camera_height"":128,""camera_protocol_version"":""libero_36_agentview_v1"",""camera_width"":128,""observation_refresh_after_apply"":true,""raw_reset_agentview_fovy_deg"":45.0}"
libero_36_proxy_tabletop_draft_v5,libero_registered_object_36_proxy_tabletop,23,1,alphabet_soup*put_inside*right,alphabet_soup,put_inside,right,Pick up the alphabet soup and place it inside the basket in the right region,data/libero_36/bddl/task_023_layout_1_alphabet_soup_put_inside_right.bddl,5046933f286aab4eec1b431ded841186c270ed8d964366b880f2f01e9ffbebcb,"{""akita_black_bowl"":1,""alphabet_soup"":3,""cream_cheese"":0,""white_yellow_mug"":2}",(And (In alphabet_soup_1 basket_1_contain_region)),"[[""in"",""alphabet_soup_1"",""basket_1_contain_region""]]",main_table_target_right_region,"{""0"":[0.04,-0.244,0.11,-0.182],""1"":[0.04,-0.102,0.11,-0.04],""2"":[0.04,0.04,0.11,0.102],""3"":[0.04,0.182,0.11,0.244]}","{""left"":[-0.2,-0.28,-0.04,-0.14],""middle"":[-0.2,-0.07,-0.04,0.07],""right"":[-0.2,0.14,-0.04,0.28]}","{""agentview_camera_name"":""agentview"",""agentview_fovy_deg"":75.0,""agentview_position_m"":[0.6586131746834771,0.0,1.6103500240372424],""agentview_quaternion_wxyz"":[0.6380177736282349,0.3048497438430786,0.30484986305236816,0.6380177736282349],""apply_after_every_reset"":true,""camera_height"":128,""camera_protocol_version"":""libero_36_agentview_v1"",""camera_width"":128,""observation_refresh_after_apply"":true,""raw_reset_agentview_fovy_deg"":45.0}"
libero_36_proxy_tabletop_draft_v5,libero_registered_object_36_proxy_tabletop,23,2,alphabet_soup*put_inside*right,alphabet_soup,put_inside,right,Pick up the alphabet soup and place it inside the basket in the right region,data/libero_36/bddl/task_023_layout_2_alphabet_soup_put_inside_right.bddl,8ebef67dfe924500a151498edaaaf68670fde5711a28909d23033348cea5696b,"{""akita_black_bowl"":2,""alphabet_soup"":0,""cream_cheese"":1,""white_yellow_mug"":3}",(And (In alphabet_soup_1 basket_1_contain_region)),"[[""in"",""alphabet_soup_1"",""basket_1_contain_region""]]",main_table_target_right_region,"{""0"":[0.04,-0.244,0.11,-0.182],""1"":[0.04,-0.102,0.11,-0.04],""2"":[0.04,0.04,0.11,0.102],""3"":[0.04,0.182,0.11,0.244]}","{""left"":[-0.2,-0.28,-0.04,-0.14],""middle"":[-0.2,-0.07,-0.04,0.07],""right"":[-0.2,0.14,-0.04,0.28]}","{""agentview_camera_name"":""agentview"",""agentview_fovy_deg"":75.0,""agentview_position_m"":[0.6586131746834771,0.0,1.6103500240372424],""agentview_quaternion_wxyz"":[0.6380177736282349,0.3048497438430786,0.30484986305236816,0.6380177736282349],""apply_after_every_reset"":true,""camera_height"":128,""camera_protocol_version"":""libero_36_agentview_v1"",""camera_width"":128,""observation_refresh_after_apply"":true,""raw_reset_agentview_fovy_deg"":45.0}"
libero_36_proxy_tabletop_draft_v5,libero_registered_object_36_proxy_tabletop,23,3,alphabet_soup*put_inside*right,alphabet_soup,put_inside,right,Pick up the alphabet soup and place it inside the basket in the right region,data/libero_36/bddl/task_023_layout_3_alphabet_soup_put_inside_right.bddl,0076183e0f2c682b27eba9514e5ac0cfd25fa121a345d895b00e9998c272a848,"{""akita_black_bowl"":3,""alphabet_soup"":1,""cream_cheese"":2,""white_yellow_mug"":0}",(And (In alphabet_soup_1 basket_1_contain_region)),"[[""in"",""alphabet_soup_1"",""basket_1_contain_region""]]",main_table_target_right_region,"{""0"":[0.04,-0.244,0.11,-0.182],""1"":[0.04,-0.102,0.11,-0.04],""2"":[0.04,0.04,0.11,0.102],""3"":[0.04,0.182,0.11,0.244]}","{""left"":[-0.2,-0.28,-0.04,-0.14],""middle"":[-0.2,-0.07,-0.04,0.07],""right"":[-0.2,0.14,-0.04,0.28]}","{""agentview_camera_name"":""agentview"",""agentview_fovy_deg"":75.0,""agentview_position_m"":[0.6586131746834771,0.0,1.6103500240372424],""agentview_quaternion_wxyz"":[0.6380177736282349,0.3048497438430786,0.30484986305236816,0.6380177736282349],""apply_after_every_reset"":true,""camera_height"":128,""camera_protocol_version"":""libero_36_agentview_v1"",""camera_width"":128,""observation_refresh_after_apply"":true,""raw_reset_agentview_fovy_deg"":45.0}"
libero_36_proxy_tabletop_draft_v5,libero_registered_object_36_proxy_tabletop,24,0,alphabet_soup*push_to*left,alphabet_soup,push_to,left,Push the alphabet soup into the left target region,data/libero_36/bddl/task_024_layout_0_alphabet_soup_push_to_left.bddl,e5482c3e5f2dcfc80af37af7b4837309755660b4528dc9384f7a0d6d272052b2,"{""akita_black_bowl"":0,""alphabet_soup"":2,""cream_cheese"":3,""white_yellow_mug"":1}",(And (On alphabet_soup_1 main_table_target_left_region)),"[[""on"",""alphabet_soup_1"",""main_table_target_left_region""]]",main_table_target_left_region,"{""0"":[0.04,-0.244,0.11,-0.182],""1"":[0.04,-0.102,0.11,-0.04],""2"":[0.04,0.04,0.11,0.102],""3"":[0.04,0.182,0.11,0.244]}","{""left"":[-0.2,-0.28,-0.04,-0.14],""middle"":[-0.2,-0.07,-0.04,0.07],""right"":[-0.2,0.14,-0.04,0.28]}","{""agentview_camera_name"":""agentview"",""agentview_fovy_deg"":75.0,""agentview_position_m"":[0.6586131746834771,0.0,1.6103500240372424],""agentview_quaternion_wxyz"":[0.6380177736282349,0.3048497438430786,0.30484986305236816,0.6380177736282349],""apply_after_every_reset"":true,""camera_height"":128,""camera_protocol_version"":""libero_36_agentview_v1"",""camera_width"":128,""observation_refresh_after_apply"":true,""raw_reset_agentview_fovy_deg"":45.0}"
libero_36_proxy_tabletop_draft_v5,libero_registered_object_36_proxy_tabletop,24,1,alphabet_soup*push_to*left,alphabet_soup,push_to,left,Push the alphabet soup into the left target region,data/libero_36/bddl/task_024_layout_1_alphabet_soup_push_to_left.bddl,154f607922786a3c5fc93d6e696b0e3499215f747d3c26bd18a8b44598269f28,"{""akita_black_bowl"":1,""alphabet_soup"":3,""cream_cheese"":0,""white_yellow_mug"":2}",(And (On alphabet_soup_1 main_table_target_left_region)),"[[""on"",""alphabet_soup_1"",""main_table_target_left_region""]]",main_table_target_left_region,"{""0"":[0.04,-0.244,0.11,-0.182],""1"":[0.04,-0.102,0.11,-0.04],""2"":[0.04,0.04,0.11,0.102],""3"":[0.04,0.182,0.11,0.244]}","{""left"":[-0.2,-0.28,-0.04,-0.14],""middle"":[-0.2,-0.07,-0.04,0.07],""right"":[-0.2,0.14,-0.04,0.28]}","{""agentview_camera_name"":""agentview"",""agentview_fovy_deg"":75.0,""agentview_position_m"":[0.6586131746834771,0.0,1.6103500240372424],""agentview_quaternion_wxyz"":[0.6380177736282349,0.3048497438430786,0.30484986305236816,0.6380177736282349],""apply_after_every_reset"":true,""camera_height"":128,""camera_protocol_version"":""libero_36_agentview_v1"",""camera_width"":128,""observation_refresh_after_apply"":true,""raw_reset_agentview_fovy_deg"":45.0}"
libero_36_proxy_tabletop_draft_v5,libero_registered_object_36_proxy_tabletop,24,2,alphabet_soup*push_to*left,alphabet_soup,push_to,left,Push the alphabet soup into the left target region,data/libero_36/bddl/task_024_layout_2_alphabet_soup_push_to_left.bddl,69583498fdf365b7142b8dc4d356a09e89c0f201a91c17657481b4a07e19273a,"{""akita_black_bowl"":2,""alphabet_soup"":0,""cream_cheese"":1,""white_yellow_mug"":3}",(And (On alphabet_soup_1 main_table_target_left_region)),"[[""on"",""alphabet_soup_1"",""main_table_target_left_region""]]",main_table_target_left_region,"{""0"":[0.04,-0.244,0.11,-0.182],""1"":[0.04,-0.102,0.11,-0.04],""2"":[0.04,0.04,0.11,0.102],""3"":[0.04,0.182,0.11,0.244]}","{""left"":[-0.2,-0.28,-0.04,-0.14],""middle"":[-0.2,-0.07,-0.04,0.07],""right"":[-0.2,0.14,-0.04,0.28]}","{""agentview_camera_name"":""agentview"",""agentview_fovy_deg"":75.0,""agentview_position_m"":[0.6586131746834771,0.0,1.6103500240372424],""agentview_quaternion_wxyz"":[0.6380177736282349,0.3048497438430786,0.30484986305236816,0.6380177736282349],""apply_after_every_reset"":true,""camera_height"":128,""camera_protocol_version"":""libero_36_agentview_v1"",""camera_width"":128,""observation_refresh_after_apply"":true,""raw_reset_agentview_fovy_deg"":45.0}"
libero_36_proxy_tabletop_draft_v5,libero_registered_object_36_proxy_tabletop,24,3,alphabet_soup*push_to*left,alphabet_soup,push_to,left,Push the alphabet soup into the left target region,data/libero_36/bddl/task_024_layout_3_alphabet_soup_push_to_left.bddl,87e82f5377bc048bed4a8d78619bf58ca5134ac9420231ba381e5a611f7d80b3,"{""akita_black_bowl"":3,""alphabet_soup"":1,""cream_cheese"":2,""white_yellow_mug"":0}",(And (On alphabet_soup_1 main_table_target_left_region)),"[[""on"",""alphabet_soup_1"",""main_table_target_left_region""]]",main_table_target_left_region,"{""0"":[0.04,-0.244,0.11,-0.182],""1"":[0.04,-0.102,0.11,-0.04],""2"":[0.04,0.04,0.11,0.102],""3"":[0.04,0.182,0.11,0.244]}","{""left"":[-0.2,-0.28,-0.04,-0.14],""middle"":[-0.2,-0.07,-0.04,0.07],""right"":[-0.2,0.14,-0.04,0.28]}","{""agentview_camera_name"":""agentview"",""agentview_fovy_deg"":75.0,""agentview_position_m"":[0.6586131746834771,0.0,1.6103500240372424],""agentview_quaternion_wxyz"":[0.6380177736282349,0.3048497438430786,0.30484986305236816,0.6380177736282349],""apply_after_every_reset"":true,""camera_height"":128,""camera_protocol_version"":""libero_36_agentview_v1"",""camera_width"":128,""observation_refresh_after_apply"":true,""raw_reset_agentview_fovy_deg"":45.0}"
libero_36_proxy_tabletop_draft_v5,libero_registered_object_36_proxy_tabletop,25,0,alphabet_soup*push_to*middle,alphabet_soup,push_to,middle,Push the alphabet soup into the middle target region,data/libero_36/bddl/task_025_layout_0_alphabet_soup_push_to_middle.bddl,48ecfaf766e6cbc589c53dbddd1619424ed0bc6cae29068edcbb53571e4a0b59,"{""akita_black_bowl"":0,""alphabet_soup"":2,""cream_cheese"":3,""white_yellow_mug"":1}",(And (On alphabet_soup_1 main_table_target_middle_region)),"[[""on"",""alphabet_soup_1"",""main_table_target_middle_region""]]",main_table_target_middle_region,"{""0"":[0.04,-0.244,0.11,-0.182],""1"":[0.04,-0.102,0.11,-0.04],""2"":[0.04,0.04,0.11,0.102],""3"":[0.04,0.182,0.11,0.244]}","{""left"":[-0.2,-0.28,-0.04,-0.14],""middle"":[-0.2,-0.07,-0.04,0.07],""right"":[-0.2,0.14,-0.04,0.28]}","{""agentview_camera_name"":""agentview"",""agentview_fovy_deg"":75.0,""agentview_position_m"":[0.6586131746834771,0.0,1.6103500240372424],""agentview_quaternion_wxyz"":[0.6380177736282349,0.3048497438430786,0.30484986305236816,0.6380177736282349],""apply_after_every_reset"":true,""camera_height"":128,""camera_protocol_version"":""libero_36_agentview_v1"",""camera_width"":128,""observation_refresh_after_apply"":true,""raw_reset_agentview_fovy_deg"":45.0}"
libero_36_proxy_tabletop_draft_v5,libero_registered_object_36_proxy_tabletop,25,1,alphabet_soup*push_to*middle,alphabet_soup,push_to,middle,Push the alphabet soup into the middle target region,data/libero_36/bddl/task_025_layout_1_alphabet_soup_push_to_middle.bddl,7d546fc2a7b8a96380cb9326cb08f75ed4918784267fd938aa9a4d2ff2453d4c,"{""akita_black_bowl"":1,""alphabet_soup"":3,""cream_cheese"":0,""white_yellow_mug"":2}",(And (On alphabet_soup_1 main_table_target_middle_region)),"[[""on"",""alphabet_soup_1"",""main_table_target_middle_region""]]",main_table_target_middle_region,"{""0"":[0.04,-0.244,0.11,-0.182],""1"":[0.04,-0.102,0.11,-0.04],""2"":[0.04,0.04,0.11,0.102],""3"":[0.04,0.182,0.11,0.244]}","{""left"":[-0.2,-0.28,-0.04,-0.14],""middle"":[-0.2,-0.07,-0.04,0.07],""right"":[-0.2,0.14,-0.04,0.28]}","{""agentview_camera_name"":""agentview"",""agentview_fovy_deg"":75.0,""agentview_position_m"":[0.6586131746834771,0.0,1.6103500240372424],""agentview_quaternion_wxyz"":[0.6380177736282349,0.3048497438430786,0.30484986305236816,0.6380177736282349],""apply_after_every_reset"":true,""camera_height"":128,""camera_protocol_version"":""libero_36_agentview_v1"",""camera_width"":128,""observation_refresh_after_apply"":true,""raw_reset_agentview_fovy_deg"":45.0}"
libero_36_proxy_tabletop_draft_v5,libero_registered_object_36_proxy_tabletop,25,2,alphabet_soup*push_to*middle,alphabet_soup,push_to,middle,Push the alphabet soup into the middle target region,data/libero_36/bddl/task_025_layout_2_alphabet_soup_push_to_middle.bddl,a7347ebfd3eee0717abd2936f31586ed86caeda02e5f1d89c505fd5f8f5b5179,"{""akita_black_bowl"":2,""alphabet_soup"":0,""cream_cheese"":1,""white_yellow_mug"":3}",(And (On alphabet_soup_1 main_table_target_middle_region)),"[[""on"",""alphabet_soup_1"",""main_table_target_middle_region""]]",main_table_target_middle_region,"{""0"":[0.04,-0.244,0.11,-0.182],""1"":[0.04,-0.102,0.11,-0.04],""2"":[0.04,0.04,0.11,0.102],""3"":[0.04,0.182,0.11,0.244]}","{""left"":[-0.2,-0.28,-0.04,-0.14],""middle"":[-0.2,-0.07,-0.04,0.07],""right"":[-0.2,0.14,-0.04,0.28]}","{""agentview_camera_name"":""agentview"",""agentview_fovy_deg"":75.0,""agentview_position_m"":[0.6586131746834771,0.0,1.6103500240372424],""agentview_quaternion_wxyz"":[0.6380177736282349,0.3048497438430786,0.30484986305236816,0.6380177736282349],""apply_after_every_reset"":true,""camera_height"":128,""camera_protocol_version"":""libero_36_agentview_v1"",""camera_width"":128,""observation_refresh_after_apply"":true,""raw_reset_agentview_fovy_deg"":45.0}"
libero_36_proxy_tabletop_draft_v5,libero_registered_object_36_proxy_tabletop,25,3,alphabet_soup*push_to*middle,alphabet_soup,push_to,middle,Push the alphabet soup into the middle target region,data/libero_36/bddl/task_025_layout_3_alphabet_soup_push_to_middle.bddl,23bdcd6c67cbee160455935ea38e6e82e3a64c33c41fcd134115a90eed3b78eb,"{""akita_black_bowl"":3,""alphabet_soup"":1,""cream_cheese"":2,""white_yellow_mug"":0}",(And (On alphabet_soup_1 main_table_target_middle_region)),"[[""on"",""alphabet_soup_1"",""main_table_target_middle_region""]]",main_table_target_middle_region,"{""0"":[0.04,-0.244,0.11,-0.182],""1"":[0.04,-0.102,0.11,-0.04],""2"":[0.04,0.04,0.11,0.102],""3"":[0.04,0.182,0.11,0.244]}","{""left"":[-0.2,-0.28,-0.04,-0.14],""middle"":[-0.2,-0.07,-0.04,0.07],""right"":[-0.2,0.14,-0.04,0.28]}","{""agentview_camera_name"":""agentview"",""agentview_fovy_deg"":75.0,""agentview_position_m"":[0.6586131746834771,0.0,1.6103500240372424],""agentview_quaternion_wxyz"":[0.6380177736282349,0.3048497438430786,0.30484986305236816,0.6380177736282349],""apply_after_every_reset"":true,""camera_height"":128,""camera_protocol_version"":""libero_36_agentview_v1"",""camera_width"":128,""observation_refresh_after_apply"":true,""raw_reset_agentview_fovy_deg"":45.0}"
libero_36_proxy_tabletop_draft_v5,libero_registered_object_36_proxy_tabletop,26,0,alphabet_soup*push_to*right,alphabet_soup,push_to,right,Push the alphabet soup into the right target region,data/libero_36/bddl/task_026_layout_0_alphabet_soup_push_to_right.bddl,59d36747ab49dbb5beb4b06691fe0a42ccba4027b1b2107f29ed836f28e5ab25,"{""akita_black_bowl"":0,""alphabet_soup"":2,""cream_cheese"":3,""white_yellow_mug"":1}",(And (On alphabet_soup_1 main_table_target_right_region)),"[[""on"",""alphabet_soup_1"",""main_table_target_right_region""]]",main_table_target_right_region,"{""0"":[0.04,-0.244,0.11,-0.182],""1"":[0.04,-0.102,0.11,-0.04],""2"":[0.04,0.04,0.11,0.102],""3"":[0.04,0.182,0.11,0.244]}","{""left"":[-0.2,-0.28,-0.04,-0.14],""middle"":[-0.2,-0.07,-0.04,0.07],""right"":[-0.2,0.14,-0.04,0.28]}","{""agentview_camera_name"":""agentview"",""agentview_fovy_deg"":75.0,""agentview_position_m"":[0.6586131746834771,0.0,1.6103500240372424],""agentview_quaternion_wxyz"":[0.6380177736282349,0.3048497438430786,0.30484986305236816,0.6380177736282349],""apply_after_every_reset"":true,""camera_height"":128,""camera_protocol_version"":""libero_36_agentview_v1"",""camera_width"":128,""observation_refresh_after_apply"":true,""raw_reset_agentview_fovy_deg"":45.0}"
libero_36_proxy_tabletop_draft_v5,libero_registered_object_36_proxy_tabletop,26,1,alphabet_soup*push_to*right,alphabet_soup,push_to,right,Push the alphabet soup into the right target region,data/libero_36/bddl/task_026_layout_1_alphabet_soup_push_to_right.bddl,af41764b960298e924f6600b47175ed1a4476c4a2c221740572a7ee116b1152e,"{""akita_black_bowl"":1,""alphabet_soup"":3,""cream_cheese"":0,""white_yellow_mug"":2}",(And (On alphabet_soup_1 main_table_target_right_region)),"[[""on"",""alphabet_soup_1"",""main_table_target_right_region""]]",main_table_target_right_region,"{""0"":[0.04,-0.244,0.11,-0.182],""1"":[0.04,-0.102,0.11,-0.04],""2"":[0.04,0.04,0.11,0.102],""3"":[0.04,0.182,0.11,0.244]}","{""left"":[-0.2,-0.28,-0.04,-0.14],""middle"":[-0.2,-0.07,-0.04,0.07],""right"":[-0.2,0.14,-0.04,0.28]}","{""agentview_camera_name"":""agentview"",""agentview_fovy_deg"":75.0,""agentview_position_m"":[0.6586131746834771,0.0,1.6103500240372424],""agentview_quaternion_wxyz"":[0.6380177736282349,0.3048497438430786,0.30484986305236816,0.6380177736282349],""apply_after_every_reset"":true,""camera_height"":128,""camera_protocol_version"":""libero_36_agentview_v1"",""camera_width"":128,""observation_refresh_after_apply"":true,""raw_reset_agentview_fovy_deg"":45.0}"
libero_36_proxy_tabletop_draft_v5,libero_registered_object_36_proxy_tabletop,26,2,alphabet_soup*push_to*right,alphabet_soup,push_to,right,Push the alphabet soup into the right target region,data/libero_36/bddl/task_026_layout_2_alphabet_soup_push_to_right.bddl,c1ac7f2ec107e826f00b6ca849e09eae58fa00a238dd0d2503711fa5f38d9240,"{""akita_black_bowl"":2,""alphabet_soup"":0,""cream_cheese"":1,""white_yellow_mug"":3}",(And (On alphabet_soup_1 main_table_target_right_region)),"[[""on"",""alphabet_soup_1"",""main_table_target_right_region""]]",main_table_target_right_region,"{""0"":[0.04,-0.244,0.11,-0.182],""1"":[0.04,-0.102,0.11,-0.04],""2"":[0.04,0.04,0.11,0.102],""3"":[0.04,0.182,0.11,0.244]}","{""left"":[-0.2,-0.28,-0.04,-0.14],""middle"":[-0.2,-0.07,-0.04,0.07],""right"":[-0.2,0.14,-0.04,0.28]}","{""agentview_camera_name"":""agentview"",""agentview_fovy_deg"":75.0,""agentview_position_m"":[0.6586131746834771,0.0,1.6103500240372424],""agentview_quaternion_wxyz"":[0.6380177736282349,0.3048497438430786,0.30484986305236816,0.6380177736282349],""apply_after_every_reset"":true,""camera_height"":128,""camera_protocol_version"":""libero_36_agentview_v1"",""camera_width"":128,""observation_refresh_after_apply"":true,""raw_reset_agentview_fovy_deg"":45.0}"
libero_36_proxy_tabletop_draft_v5,libero_registered_object_36_proxy_tabletop,26,3,alphabet_soup*push_to*right,alphabet_soup,push_to,right,Push the alphabet soup into the right target region,data/libero_36/bddl/task_026_layout_3_alphabet_soup_push_to_right.bddl,1c0451d7da454b1db2e4d6c900df7c3d4e78e6eb26f6f5f2977d83b08f06900d,"{""akita_black_bowl"":3,""alphabet_soup"":1,""cream_cheese"":2,""white_yellow_mug"":0}",(And (On alphabet_soup_1 main_table_target_right_region)),"[[""on"",""alphabet_soup_1"",""main_table_target_right_region""]]",main_table_target_right_region,"{""0"":[0.04,-0.244,0.11,-0.182],""1"":[0.04,-0.102,0.11,-0.04],""2"":[0.04,0.04,0.11,0.102],""3"":[0.04,0.182,0.11,0.244]}","{""left"":[-0.2,-0.28,-0.04,-0.14],""middle"":[-0.2,-0.07,-0.04,0.07],""right"":[-0.2,0.14,-0.04,0.28]}","{""agentview_camera_name"":""agentview"",""agentview_fovy_deg"":75.0,""agentview_position_m"":[0.6586131746834771,0.0,1.6103500240372424],""agentview_quaternion_wxyz"":[0.6380177736282349,0.3048497438430786,0.30484986305236816,0.6380177736282349],""apply_after_every_reset"":true,""camera_height"":128,""camera_protocol_version"":""libero_36_agentview_v1"",""camera_width"":128,""observation_refresh_after_apply"":true,""raw_reset_agentview_fovy_deg"":45.0}"
libero_36_proxy_tabletop_draft_v5,libero_registered_object_36_proxy_tabletop,27,0,cream_cheese*put_on_top*left,cream_cheese,put_on_top,left,Pick up the cream cheese box and place it on the plate in the left region,data/libero_36/bddl/task_027_layout_0_cream_cheese_put_on_top_left.bddl,ac5c8dddb60bf53bfa66a09edd1ffcdc15955be391c55baac9df5a9e7fadd79f,"{""akita_black_bowl"":0,""alphabet_soup"":2,""cream_cheese"":3,""white_yellow_mug"":1}",(And (On cream_cheese_1 plate_1)),"[[""on"",""cream_cheese_1"",""plate_1""]]",main_table_target_left_region,"{""0"":[0.04,-0.244,0.11,-0.182],""1"":[0.04,-0.102,0.11,-0.04],""2"":[0.04,0.04,0.11,0.102],""3"":[0.04,0.182,0.11,0.244]}","{""left"":[-0.2,-0.28,-0.04,-0.14],""middle"":[-0.2,-0.07,-0.04,0.07],""right"":[-0.2,0.14,-0.04,0.28]}","{""agentview_camera_name"":""agentview"",""agentview_fovy_deg"":75.0,""agentview_position_m"":[0.6586131746834771,0.0,1.6103500240372424],""agentview_quaternion_wxyz"":[0.6380177736282349,0.3048497438430786,0.30484986305236816,0.6380177736282349],""apply_after_every_reset"":true,""camera_height"":128,""camera_protocol_version"":""libero_36_agentview_v1"",""camera_width"":128,""observation_refresh_after_apply"":true,""raw_reset_agentview_fovy_deg"":45.0}"
libero_36_proxy_tabletop_draft_v5,libero_registered_object_36_proxy_tabletop,27,1,cream_cheese*put_on_top*left,cream_cheese,put_on_top,left,Pick up the cream cheese box and place it on the plate in the left region,data/libero_36/bddl/task_027_layout_1_cream_cheese_put_on_top_left.bddl,c1b4444fb745632c0bfa80dfc7a16302ef6bc9711554a908037da8bd910a5b7e,"{""akita_black_bowl"":1,""alphabet_soup"":3,""cream_cheese"":0,""white_yellow_mug"":2}",(And (On cream_cheese_1 plate_1)),"[[""on"",""cream_cheese_1"",""plate_1""]]",main_table_target_left_region,"{""0"":[0.04,-0.244,0.11,-0.182],""1"":[0.04,-0.102,0.11,-0.04],""2"":[0.04,0.04,0.11,0.102],""3"":[0.04,0.182,0.11,0.244]}","{""left"":[-0.2,-0.28,-0.04,-0.14],""middle"":[-0.2,-0.07,-0.04,0.07],""right"":[-0.2,0.14,-0.04,0.28]}","{""agentview_camera_name"":""agentview"",""agentview_fovy_deg"":75.0,""agentview_position_m"":[0.6586131746834771,0.0,1.6103500240372424],""agentview_quaternion_wxyz"":[0.6380177736282349,0.3048497438430786,0.30484986305236816,0.6380177736282349],""apply_after_every_reset"":true,""camera_height"":128,""camera_protocol_version"":""libero_36_agentview_v1"",""camera_width"":128,""observation_refresh_after_apply"":true,""raw_reset_agentview_fovy_deg"":45.0}"
libero_36_proxy_tabletop_draft_v5,libero_registered_object_36_proxy_tabletop,27,2,cream_cheese*put_on_top*left,cream_cheese,put_on_top,left,Pick up the cream cheese box and place it on the plate in the left region,data/libero_36/bddl/task_027_layout_2_cream_cheese_put_on_top_left.bddl,aa2b21fcd46d8e44403f3c7f9e82c7e4f2424628b07ad35e1426acc3aed8a6f3,"{""akita_black_bowl"":2,""alphabet_soup"":0,""cream_cheese"":1,""white_yellow_mug"":3}",(And (On cream_cheese_1 plate_1)),"[[""on"",""cream_cheese_1"",""plate_1""]]",main_table_target_left_region,"{""0"":[0.04,-0.244,0.11,-0.182],""1"":[0.04,-0.102,0.11,-0.04],""2"":[0.04,0.04,0.11,0.102],""3"":[0.04,0.182,0.11,0.244]}","{""left"":[-0.2,-0.28,-0.04,-0.14],""middle"":[-0.2,-0.07,-0.04,0.07],""right"":[-0.2,0.14,-0.04,0.28]}","{""agentview_camera_name"":""agentview"",""agentview_fovy_deg"":75.0,""agentview_position_m"":[0.6586131746834771,0.0,1.6103500240372424],""agentview_quaternion_wxyz"":[0.6380177736282349,0.3048497438430786,0.30484986305236816,0.6380177736282349],""apply_after_every_reset"":true,""camera_height"":128,""camera_protocol_version"":""libero_36_agentview_v1"",""camera_width"":128,""observation_refresh_after_apply"":true,""raw_reset_agentview_fovy_deg"":45.0}"
libero_36_proxy_tabletop_draft_v5,libero_registered_object_36_proxy_tabletop,27,3,cream_cheese*put_on_top*left,cream_cheese,put_on_top,left,Pick up the cream cheese box and place it on the plate in the left region,data/libero_36/bddl/task_027_layout_3_cream_cheese_put_on_top_left.bddl,1972f12360aee50fac0fd28510c8119742fa66b19f95405c19f3a402e4058779,"{""akita_black_bowl"":3,""alphabet_soup"":1,""cream_cheese"":2,""white_yellow_mug"":0}",(And (On cream_cheese_1 plate_1)),"[[""on"",""cream_cheese_1"",""plate_1""]]",main_table_target_left_region,"{""0"":[0.04,-0.244,0.11,-0.182],""1"":[0.04,-0.102,0.11,-0.04],""2"":[0.04,0.04,0.11,0.102],""3"":[0.04,0.182,0.11,0.244]}","{""left"":[-0.2,-0.28,-0.04,-0.14],""middle"":[-0.2,-0.07,-0.04,0.07],""right"":[-0.2,0.14,-0.04,0.28]}","{""agentview_camera_name"":""agentview"",""agentview_fovy_deg"":75.0,""agentview_position_m"":[0.6586131746834771,0.0,1.6103500240372424],""agentview_quaternion_wxyz"":[0.6380177736282349,0.3048497438430786,0.30484986305236816,0.6380177736282349],""apply_after_every_reset"":true,""camera_height"":128,""camera_protocol_version"":""libero_36_agentview_v1"",""camera_width"":128,""observation_refresh_after_apply"":true,""raw_reset_agentview_fovy_deg"":45.0}"
libero_36_proxy_tabletop_draft_v5,libero_registered_object_36_proxy_tabletop,28,0,cream_cheese*put_on_top*middle,cream_cheese,put_on_top,middle,Pick up the cream cheese box and place it on the plate in the middle region,data/libero_36/bddl/task_028_layout_0_cream_cheese_put_on_top_middle.bddl,f28936729fed827f0a7e1ef78217be0eea6341febe3d6f66662cb90bff043d6b,"{""akita_black_bowl"":0,""alphabet_soup"":2,""cream_cheese"":3,""white_yellow_mug"":1}",(And (On cream_cheese_1 plate_1)),"[[""on"",""cream_cheese_1"",""plate_1""]]",main_table_target_middle_region,"{""0"":[0.04,-0.244,0.11,-0.182],""1"":[0.04,-0.102,0.11,-0.04],""2"":[0.04,0.04,0.11,0.102],""3"":[0.04,0.182,0.11,0.244]}","{""left"":[-0.2,-0.28,-0.04,-0.14],""middle"":[-0.2,-0.07,-0.04,0.07],""right"":[-0.2,0.14,-0.04,0.28]}","{""agentview_camera_name"":""agentview"",""agentview_fovy_deg"":75.0,""agentview_position_m"":[0.6586131746834771,0.0,1.6103500240372424],""agentview_quaternion_wxyz"":[0.6380177736282349,0.3048497438430786,0.30484986305236816,0.6380177736282349],""apply_after_every_reset"":true,""camera_height"":128,""camera_protocol_version"":""libero_36_agentview_v1"",""camera_width"":128,""observation_refresh_after_apply"":true,""raw_reset_agentview_fovy_deg"":45.0}"
libero_36_proxy_tabletop_draft_v5,libero_registered_object_36_proxy_tabletop,28,1,cream_cheese*put_on_top*middle,cream_cheese,put_on_top,middle,Pick up the cream cheese box and place it on the plate in the middle region,data/libero_36/bddl/task_028_layout_1_cream_cheese_put_on_top_middle.bddl,c98c1f0dc32f253f5fecfddc1a040f51c878072753f164a386558ae0c38e7ebf,"{""akita_black_bowl"":1,""alphabet_soup"":3,""cream_cheese"":0,""white_yellow_mug"":2}",(And (On cream_cheese_1 plate_1)),"[[""on"",""cream_cheese_1"",""plate_1""]]",main_table_target_middle_region,"{""0"":[0.04,-0.244,0.11,-0.182],""1"":[0.04,-0.102,0.11,-0.04],""2"":[0.04,0.04,0.11,0.102],""3"":[0.04,0.182,0.11,0.244]}","{""left"":[-0.2,-0.28,-0.04,-0.14],""middle"":[-0.2,-0.07,-0.04,0.07],""right"":[-0.2,0.14,-0.04,0.28]}","{""agentview_camera_name"":""agentview"",""agentview_fovy_deg"":75.0,""agentview_position_m"":[0.6586131746834771,0.0,1.6103500240372424],""agentview_quaternion_wxyz"":[0.6380177736282349,0.3048497438430786,0.30484986305236816,0.6380177736282349],""apply_after_every_reset"":true,""camera_height"":128,""camera_protocol_version"":""libero_36_agentview_v1"",""camera_width"":128,""observation_refresh_after_apply"":true,""raw_reset_agentview_fovy_deg"":45.0}"
libero_36_proxy_tabletop_draft_v5,libero_registered_object_36_proxy_tabletop,28,2,cream_cheese*put_on_top*middle,cream_cheese,put_on_top,middle,Pick up the cream cheese box and place it on the plate in the middle region,data/libero_36/bddl/task_028_layout_2_cream_cheese_put_on_top_middle.bddl,a929ee46149e3e09f6cdeb260f1aa0c86a7a67147f1c4965264d29c127d7b85d,"{""akita_black_bowl"":2,""alphabet_soup"":0,""cream_cheese"":1,""white_yellow_mug"":3}",(And (On cream_cheese_1 plate_1)),"[[""on"",""cream_cheese_1"",""plate_1""]]",main_table_target_middle_region,"{""0"":[0.04,-0.244,0.11,-0.182],""1"":[0.04,-0.102,0.11,-0.04],""2"":[0.04,0.04,0.11,0.102],""3"":[0.04,0.182,0.11,0.244]}","{""left"":[-0.2,-0.28,-0.04,-0.14],""middle"":[-0.2,-0.07,-0.04,0.07],""right"":[-0.2,0.14,-0.04,0.28]}","{""agentview_camera_name"":""agentview"",""agentview_fovy_deg"":75.0,""agentview_position_m"":[0.6586131746834771,0.0,1.6103500240372424],""agentview_quaternion_wxyz"":[0.6380177736282349,0.3048497438430786,0.30484986305236816,0.6380177736282349],""apply_after_every_reset"":true,""camera_height"":128,""camera_protocol_version"":""libero_36_agentview_v1"",""camera_width"":128,""observation_refresh_after_apply"":true,""raw_reset_agentview_fovy_deg"":45.0}"
libero_36_proxy_tabletop_draft_v5,libero_registered_object_36_proxy_tabletop,28,3,cream_cheese*put_on_top*middle,cream_cheese,put_on_top,middle,Pick up the cream cheese box and place it on the plate in the middle region,data/libero_36/bddl/task_028_layout_3_cream_cheese_put_on_top_middle.bddl,a5c474abcdf61678650dd6f037af87dba5687aaf4739651a2d84b3ba495d1d6f,"{""akita_black_bowl"":3,""alphabet_soup"":1,""cream_cheese"":2,""white_yellow_mug"":0}",(And (On cream_cheese_1 plate_1)),"[[""on"",""cream_cheese_1"",""plate_1""]]",main_table_target_middle_region,"{""0"":[0.04,-0.244,0.11,-0.182],""1"":[0.04,-0.102,0.11,-0.04],""2"":[0.04,0.04,0.11,0.102],""3"":[0.04,0.182,0.11,0.244]}","{""left"":[-0.2,-0.28,-0.04,-0.14],""middle"":[-0.2,-0.07,-0.04,0.07],""right"":[-0.2,0.14,-0.04,0.28]}","{""agentview_camera_name"":""agentview"",""agentview_fovy_deg"":75.0,""agentview_position_m"":[0.6586131746834771,0.0,1.6103500240372424],""agentview_quaternion_wxyz"":[0.6380177736282349,0.3048497438430786,0.30484986305236816,0.6380177736282349],""apply_after_every_reset"":true,""camera_height"":128,""camera_protocol_version"":""libero_36_agentview_v1"",""camera_width"":128,""observation_refresh_after_apply"":true,""raw_reset_agentview_fovy_deg"":45.0}"
libero_36_proxy_tabletop_draft_v5,libero_registered_object_36_proxy_tabletop,29,0,cream_cheese*put_on_top*right,cream_cheese,put_on_top,right,Pick up the cream cheese box and place it on the plate in the right region,data/libero_36/bddl/task_029_layout_0_cream_cheese_put_on_top_right.bddl,8aa0c874f2fe0189fce8727125af08f7db7e8e15529b40c8e8a2cceab2849e03,"{""akita_black_bowl"":0,""alphabet_soup"":2,""cream_cheese"":3,""white_yellow_mug"":1}",(And (On cream_cheese_1 plate_1)),"[[""on"",""cream_cheese_1"",""plate_1""]]",main_table_target_right_region,"{""0"":[0.04,-0.244,0.11,-0.182],""1"":[0.04,-0.102,0.11,-0.04],""2"":[0.04,0.04,0.11,0.102],""3"":[0.04,0.182,0.11,0.244]}","{""left"":[-0.2,-0.28,-0.04,-0.14],""middle"":[-0.2,-0.07,-0.04,0.07],""right"":[-0.2,0.14,-0.04,0.28]}","{""agentview_camera_name"":""agentview"",""agentview_fovy_deg"":75.0,""agentview_position_m"":[0.6586131746834771,0.0,1.6103500240372424],""agentview_quaternion_wxyz"":[0.6380177736282349,0.3048497438430786,0.30484986305236816,0.6380177736282349],""apply_after_every_reset"":true,""camera_height"":128,""camera_protocol_version"":""libero_36_agentview_v1"",""camera_width"":128,""observation_refresh_after_apply"":true,""raw_reset_agentview_fovy_deg"":45.0}"
libero_36_proxy_tabletop_draft_v5,libero_registered_object_36_proxy_tabletop,29,1,cream_cheese*put_on_top*right,cream_cheese,put_on_top,right,Pick up the cream cheese box and place it on the plate in the right region,data/libero_36/bddl/task_029_layout_1_cream_cheese_put_on_top_right.bddl,e2a92dcff9ffb0aea588fadb8b9187a096d5ae94f784d0985718a3faa14ca375,"{""akita_black_bowl"":1,""alphabet_soup"":3,""cream_cheese"":0,""white_yellow_mug"":2}",(And (On cream_cheese_1 plate_1)),"[[""on"",""cream_cheese_1"",""plate_1""]]",main_table_target_right_region,"{""0"":[0.04,-0.244,0.11,-0.182],""1"":[0.04,-0.102,0.11,-0.04],""2"":[0.04,0.04,0.11,0.102],""3"":[0.04,0.182,0.11,0.244]}","{""left"":[-0.2,-0.28,-0.04,-0.14],""middle"":[-0.2,-0.07,-0.04,0.07],""right"":[-0.2,0.14,-0.04,0.28]}","{""agentview_camera_name"":""agentview"",""agentview_fovy_deg"":75.0,""agentview_position_m"":[0.6586131746834771,0.0,1.6103500240372424],""agentview_quaternion_wxyz"":[0.6380177736282349,0.3048497438430786,0.30484986305236816,0.6380177736282349],""apply_after_every_reset"":true,""camera_height"":128,""camera_protocol_version"":""libero_36_agentview_v1"",""camera_width"":128,""observation_refresh_after_apply"":true,""raw_reset_agentview_fovy_deg"":45.0}"
libero_36_proxy_tabletop_draft_v5,libero_registered_object_36_proxy_tabletop,29,2,cream_cheese*put_on_top*right,cream_cheese,put_on_top,right,Pick up the cream cheese box and place it on the plate in the right region,data/libero_36/bddl/task_029_layout_2_cream_cheese_put_on_top_right.bddl,1b172a07bfa6cf52b9b5428cc3e908a9ebacc8379942aa5517c3797650be489f,"{""akita_black_bowl"":2,""alphabet_soup"":0,""cream_cheese"":1,""white_yellow_mug"":3}",(And (On cream_cheese_1 plate_1)),"[[""on"",""cream_cheese_1"",""plate_1""]]",main_table_target_right_region,"{""0"":[0.04,-0.244,0.11,-0.182],""1"":[0.04,-0.102,0.11,-0.04],""2"":[0.04,0.04,0.11,0.102],""3"":[0.04,0.182,0.11,0.244]}","{""left"":[-0.2,-0.28,-0.04,-0.14],""middle"":[-0.2,-0.07,-0.04,0.07],""right"":[-0.2,0.14,-0.04,0.28]}","{""agentview_camera_name"":""agentview"",""agentview_fovy_deg"":75.0,""agentview_position_m"":[0.6586131746834771,0.0,1.6103500240372424],""agentview_quaternion_wxyz"":[0.6380177736282349,0.3048497438430786,0.30484986305236816,0.6380177736282349],""apply_after_every_reset"":true,""camera_height"":128,""camera_protocol_version"":""libero_36_agentview_v1"",""camera_width"":128,""observation_refresh_after_apply"":true,""raw_reset_agentview_fovy_deg"":45.0}"
libero_36_proxy_tabletop_draft_v5,libero_registered_object_36_proxy_tabletop,29,3,cream_cheese*put_on_top*right,cream_cheese,put_on_top,right,Pick up the cream cheese box and place it on the plate in the right region,data/libero_36/bddl/task_029_layout_3_cream_cheese_put_on_top_right.bddl,4d1c70ea51717f917ef99801eed21531b4b92b5f436976861acd8e80fd8e7e1a,"{""akita_black_bowl"":3,""alphabet_soup"":1,""cream_cheese"":2,""white_yellow_mug"":0}",(And (On cream_cheese_1 plate_1)),"[[""on"",""cream_cheese_1"",""plate_1""]]",main_table_target_right_region,"{""0"":[0.04,-0.244,0.11,-0.182],""1"":[0.04,-0.102,0.11,-0.04],""2"":[0.04,0.04,0.11,0.102],""3"":[0.04,0.182,0.11,0.244]}","{""left"":[-0.2,-0.28,-0.04,-0.14],""middle"":[-0.2,-0.07,-0.04,0.07],""right"":[-0.2,0.14,-0.04,0.28]}","{""agentview_camera_name"":""agentview"",""agentview_fovy_deg"":75.0,""agentview_position_m"":[0.6586131746834771,0.0,1.6103500240372424],""agentview_quaternion_wxyz"":[0.6380177736282349,0.3048497438430786,0.30484986305236816,0.6380177736282349],""apply_after_every_reset"":true,""camera_height"":128,""camera_protocol_version"":""libero_36_agentview_v1"",""camera_width"":128,""observation_refresh_after_apply"":true,""raw_reset_agentview_fovy_deg"":45.0}"
libero_36_proxy_tabletop_draft_v5,libero_registered_object_36_proxy_tabletop,30,0,cream_cheese*put_inside*left,cream_cheese,put_inside,left,Pick up the cream cheese box and place it inside the basket in the left region,data/libero_36/bddl/task_030_layout_0_cream_cheese_put_inside_left.bddl,b11d682af6bb03eeb4d7348b2ad5b39baac7d571b2ef4b8f4425aede3750407b,"{""akita_black_bowl"":0,""alphabet_soup"":2,""cream_cheese"":3,""white_yellow_mug"":1}",(And (In cream_cheese_1 basket_1_contain_region)),"[[""in"",""cream_cheese_1"",""basket_1_contain_region""]]",main_table_target_left_region,"{""0"":[0.04,-0.244,0.11,-0.182],""1"":[0.04,-0.102,0.11,-0.04],""2"":[0.04,0.04,0.11,0.102],""3"":[0.04,0.182,0.11,0.244]}","{""left"":[-0.2,-0.28,-0.04,-0.14],""middle"":[-0.2,-0.07,-0.04,0.07],""right"":[-0.2,0.14,-0.04,0.28]}","{""agentview_camera_name"":""agentview"",""agentview_fovy_deg"":75.0,""agentview_position_m"":[0.6586131746834771,0.0,1.6103500240372424],""agentview_quaternion_wxyz"":[0.6380177736282349,0.3048497438430786,0.30484986305236816,0.6380177736282349],""apply_after_every_reset"":true,""camera_height"":128,""camera_protocol_version"":""libero_36_agentview_v1"",""camera_width"":128,""observation_refresh_after_apply"":true,""raw_reset_agentview_fovy_deg"":45.0}"
libero_36_proxy_tabletop_draft_v5,libero_registered_object_36_proxy_tabletop,30,1,cream_cheese*put_inside*left,cream_cheese,put_inside,left,Pick up the cream cheese box and place it inside the basket in the left region,data/libero_36/bddl/task_030_layout_1_cream_cheese_put_inside_left.bddl,39229409e137189997fbe01c923777a230b3ea99dc42e99f67c5094d7c1171d9,"{""akita_black_bowl"":1,""alphabet_soup"":3,""cream_cheese"":0,""white_yellow_mug"":2}",(And (In cream_cheese_1 basket_1_contain_region)),"[[""in"",""cream_cheese_1"",""basket_1_contain_region""]]",main_table_target_left_region,"{""0"":[0.04,-0.244,0.11,-0.182],""1"":[0.04,-0.102,0.11,-0.04],""2"":[0.04,0.04,0.11,0.102],""3"":[0.04,0.182,0.11,0.244]}","{""left"":[-0.2,-0.28,-0.04,-0.14],""middle"":[-0.2,-0.07,-0.04,0.07],""right"":[-0.2,0.14,-0.04,0.28]}","{""agentview_camera_name"":""agentview"",""agentview_fovy_deg"":75.0,""agentview_position_m"":[0.6586131746834771,0.0,1.6103500240372424],""agentview_quaternion_wxyz"":[0.6380177736282349,0.3048497438430786,0.30484986305236816,0.6380177736282349],""apply_after_every_reset"":true,""camera_height"":128,""camera_protocol_version"":""libero_36_agentview_v1"",""camera_width"":128,""observation_refresh_after_apply"":true,""raw_reset_agentview_fovy_deg"":45.0}"
libero_36_proxy_tabletop_draft_v5,libero_registered_object_36_proxy_tabletop,30,2,cream_cheese*put_inside*left,cream_cheese,put_inside,left,Pick up the cream cheese box and place it inside the basket in the left region,data/libero_36/bddl/task_030_layout_2_cream_cheese_put_inside_left.bddl,0beb813284a322b44ebfb26ed6b105d8fd8adaaf5468bb942d8eff99cff3f58d,"{""akita_black_bowl"":2,""alphabet_soup"":0,""cream_cheese"":1,""white_yellow_mug"":3}",(And (In cream_cheese_1 basket_1_contain_region)),"[[""in"",""cream_cheese_1"",""basket_1_contain_region""]]",main_table_target_left_region,"{""0"":[0.04,-0.244,0.11,-0.182],""1"":[0.04,-0.102,0.11,-0.04],""2"":[0.04,0.04,0.11,0.102],""3"":[0.04,0.182,0.11,0.244]}","{""left"":[-0.2,-0.28,-0.04,-0.14],""middle"":[-0.2,-0.07,-0.04,0.07],""right"":[-0.2,0.14,-0.04,0.28]}","{""agentview_camera_name"":""agentview"",""agentview_fovy_deg"":75.0,""agentview_position_m"":[0.6586131746834771,0.0,1.6103500240372424],""agentview_quaternion_wxyz"":[0.6380177736282349,0.3048497438430786,0.30484986305236816,0.6380177736282349],""apply_after_every_reset"":true,""camera_height"":128,""camera_protocol_version"":""libero_36_agentview_v1"",""camera_width"":128,""observation_refresh_after_apply"":true,""raw_reset_agentview_fovy_deg"":45.0}"
libero_36_proxy_tabletop_draft_v5,libero_registered_object_36_proxy_tabletop,30,3,cream_cheese*put_inside*left,cream_cheese,put_inside,left,Pick up the cream cheese box and place it inside the basket in the left region,data/libero_36/bddl/task_030_layout_3_cream_cheese_put_inside_left.bddl,f272bcc9f4e037c238c6f46875c29fe1bb8b9dfdb8f5719999fae0713d398958,"{""akita_black_bowl"":3,""alphabet_soup"":1,""cream_cheese"":2,""white_yellow_mug"":0}",(And (In cream_cheese_1 basket_1_contain_region)),"[[""in"",""cream_cheese_1"",""basket_1_contain_region""]]",main_table_target_left_region,"{""0"":[0.04,-0.244,0.11,-0.182],""1"":[0.04,-0.102,0.11,-0.04],""2"":[0.04,0.04,0.11,0.102],""3"":[0.04,0.182,0.11,0.244]}","{""left"":[-0.2,-0.28,-0.04,-0.14],""middle"":[-0.2,-0.07,-0.04,0.07],""right"":[-0.2,0.14,-0.04,0.28]}","{""agentview_camera_name"":""agentview"",""agentview_fovy_deg"":75.0,""agentview_position_m"":[0.6586131746834771,0.0,1.6103500240372424],""agentview_quaternion_wxyz"":[0.6380177736282349,0.3048497438430786,0.30484986305236816,0.6380177736282349],""apply_after_every_reset"":true,""camera_height"":128,""camera_protocol_version"":""libero_36_agentview_v1"",""camera_width"":128,""observation_refresh_after_apply"":true,""raw_reset_agentview_fovy_deg"":45.0}"
libero_36_proxy_tabletop_draft_v5,libero_registered_object_36_proxy_tabletop,31,0,cream_cheese*put_inside*middle,cream_cheese,put_inside,middle,Pick up the cream cheese box and place it inside the basket in the middle region,data/libero_36/bddl/task_031_layout_0_cream_cheese_put_inside_middle.bddl,d7a7f9885c1cceab5d0021c7a7058da1425510c46e2a574553f8ea0246385db3,"{""akita_black_bowl"":0,""alphabet_soup"":2,""cream_cheese"":3,""white_yellow_mug"":1}",(And (In cream_cheese_1 basket_1_contain_region)),"[[""in"",""cream_cheese_1"",""basket_1_contain_region""]]",main_table_target_middle_region,"{""0"":[0.04,-0.244,0.11,-0.182],""1"":[0.04,-0.102,0.11,-0.04],""2"":[0.04,0.04,0.11,0.102],""3"":[0.04,0.182,0.11,0.244]}","{""left"":[-0.2,-0.28,-0.04,-0.14],""middle"":[-0.2,-0.07,-0.04,0.07],""right"":[-0.2,0.14,-0.04,0.28]}","{""agentview_camera_name"":""agentview"",""agentview_fovy_deg"":75.0,""agentview_position_m"":[0.6586131746834771,0.0,1.6103500240372424],""agentview_quaternion_wxyz"":[0.6380177736282349,0.3048497438430786,0.30484986305236816,0.6380177736282349],""apply_after_every_reset"":true,""camera_height"":128,""camera_protocol_version"":""libero_36_agentview_v1"",""camera_width"":128,""observation_refresh_after_apply"":true,""raw_reset_agentview_fovy_deg"":45.0}"
libero_36_proxy_tabletop_draft_v5,libero_registered_object_36_proxy_tabletop,31,1,cream_cheese*put_inside*middle,cream_cheese,put_inside,middle,Pick up the cream cheese box and place it inside the basket in the middle region,data/libero_36/bddl/task_031_layout_1_cream_cheese_put_inside_middle.bddl,1d67e4da0ff44114aa4cc872273f5edaf8b0374121e3525ed1aa422affa7a641,"{""akita_black_bowl"":1,""alphabet_soup"":3,""cream_cheese"":0,""white_yellow_mug"":2}",(And (In cream_cheese_1 basket_1_contain_region)),"[[""in"",""cream_cheese_1"",""basket_1_contain_region""]]",main_table_target_middle_region,"{""0"":[0.04,-0.244,0.11,-0.182],""1"":[0.04,-0.102,0.11,-0.04],""2"":[0.04,0.04,0.11,0.102],""3"":[0.04,0.182,0.11,0.244]}","{""left"":[-0.2,-0.28,-0.04,-0.14],""middle"":[-0.2,-0.07,-0.04,0.07],""right"":[-0.2,0.14,-0.04,0.28]}","{""agentview_camera_name"":""agentview"",""agentview_fovy_deg"":75.0,""agentview_position_m"":[0.6586131746834771,0.0,1.6103500240372424],""agentview_quaternion_wxyz"":[0.6380177736282349,0.3048497438430786,0.30484986305236816,0.6380177736282349],""apply_after_every_reset"":true,""camera_height"":128,""camera_protocol_version"":""libero_36_agentview_v1"",""camera_width"":128,""observation_refresh_after_apply"":true,""raw_reset_agentview_fovy_deg"":45.0}"
libero_36_proxy_tabletop_draft_v5,libero_registered_object_36_proxy_tabletop,31,2,cream_cheese*put_inside*middle,cream_cheese,put_inside,middle,Pick up the cream cheese box and place it inside the basket in the middle region,data/libero_36/bddl/task_031_layout_2_cream_cheese_put_inside_middle.bddl,06220d069f6205c240d8bf3212744a1fdb408b93664e3489a3424403a05e0ea5,"{""akita_black_bowl"":2,""alphabet_soup"":0,""cream_cheese"":1,""white_yellow_mug"":3}",(And (In cream_cheese_1 basket_1_contain_region)),"[[""in"",""cream_cheese_1"",""basket_1_contain_region""]]",main_table_target_middle_region,"{""0"":[0.04,-0.244,0.11,-0.182],""1"":[0.04,-0.102,0.11,-0.04],""2"":[0.04,0.04,0.11,0.102],""3"":[0.04,0.182,0.11,0.244]}","{""left"":[-0.2,-0.28,-0.04,-0.14],""middle"":[-0.2,-0.07,-0.04,0.07],""right"":[-0.2,0.14,-0.04,0.28]}","{""agentview_camera_name"":""agentview"",""agentview_fovy_deg"":75.0,""agentview_position_m"":[0.6586131746834771,0.0,1.6103500240372424],""agentview_quaternion_wxyz"":[0.6380177736282349,0.3048497438430786,0.30484986305236816,0.6380177736282349],""apply_after_every_reset"":true,""camera_height"":128,""camera_protocol_version"":""libero_36_agentview_v1"",""camera_width"":128,""observation_refresh_after_apply"":true,""raw_reset_agentview_fovy_deg"":45.0}"
libero_36_proxy_tabletop_draft_v5,libero_registered_object_36_proxy_tabletop,31,3,cream_cheese*put_inside*middle,cream_cheese,put_inside,middle,Pick up the cream cheese box and place it inside the basket in the middle region,data/libero_36/bddl/task_031_layout_3_cream_cheese_put_inside_middle.bddl,36d29622052a5d61cd72ac95d4ac0748bf840e0ff753fe3019f2ca0519c521c7,"{""akita_black_bowl"":3,""alphabet_soup"":1,""cream_cheese"":2,""white_yellow_mug"":0}",(And (In cream_cheese_1 basket_1_contain_region)),"[[""in"",""cream_cheese_1"",""basket_1_contain_region""]]",main_table_target_middle_region,"{""0"":[0.04,-0.244,0.11,-0.182],""1"":[0.04,-0.102,0.11,-0.04],""2"":[0.04,0.04,0.11,0.102],""3"":[0.04,0.182,0.11,0.244]}","{""left"":[-0.2,-0.28,-0.04,-0.14],""middle"":[-0.2,-0.07,-0.04,0.07],""right"":[-0.2,0.14,-0.04,0.28]}","{""agentview_camera_name"":""agentview"",""agentview_fovy_deg"":75.0,""agentview_position_m"":[0.6586131746834771,0.0,1.6103500240372424],""agentview_quaternion_wxyz"":[0.6380177736282349,0.3048497438430786,0.30484986305236816,0.6380177736282349],""apply_after_every_reset"":true,""camera_height"":128,""camera_protocol_version"":""libero_36_agentview_v1"",""camera_width"":128,""observation_refresh_after_apply"":true,""raw_reset_agentview_fovy_deg"":45.0}"
libero_36_proxy_tabletop_draft_v5,libero_registered_object_36_proxy_tabletop,32,0,cream_cheese*put_inside*right,cream_cheese,put_inside,right,Pick up the cream cheese box and place it inside the basket in the right region,data/libero_36/bddl/task_032_layout_0_cream_cheese_put_inside_right.bddl,906e903965449a85379eabe6f5a38e881db2946a3d48ad62792a17bb767aa8e6,"{""akita_black_bowl"":0,""alphabet_soup"":2,""cream_cheese"":3,""white_yellow_mug"":1}",(And (In cream_cheese_1 basket_1_contain_region)),"[[""in"",""cream_cheese_1"",""basket_1_contain_region""]]",main_table_target_right_region,"{""0"":[0.04,-0.244,0.11,-0.182],""1"":[0.04,-0.102,0.11,-0.04],""2"":[0.04,0.04,0.11,0.102],""3"":[0.04,0.182,0.11,0.244]}","{""left"":[-0.2,-0.28,-0.04,-0.14],""middle"":[-0.2,-0.07,-0.04,0.07],""right"":[-0.2,0.14,-0.04,0.28]}","{""agentview_camera_name"":""agentview"",""agentview_fovy_deg"":75.0,""agentview_position_m"":[0.6586131746834771,0.0,1.6103500240372424],""agentview_quaternion_wxyz"":[0.6380177736282349,0.3048497438430786,0.30484986305236816,0.6380177736282349],""apply_after_every_reset"":true,""camera_height"":128,""camera_protocol_version"":""libero_36_agentview_v1"",""camera_width"":128,""observation_refresh_after_apply"":true,""raw_reset_agentview_fovy_deg"":45.0}"
libero_36_proxy_tabletop_draft_v5,libero_registered_object_36_proxy_tabletop,32,1,cream_cheese*put_inside*right,cream_cheese,put_inside,right,Pick up the cream cheese box and place it inside the basket in the right region,data/libero_36/bddl/task_032_layout_1_cream_cheese_put_inside_right.bddl,53f147d9bf21be265b8a10ba1c5f9e1842850fb55de3fb14bd65532cb30e7a93,"{""akita_black_bowl"":1,""alphabet_soup"":3,""cream_cheese"":0,""white_yellow_mug"":2}",(And (In cream_cheese_1 basket_1_contain_region)),"[[""in"",""cream_cheese_1"",""basket_1_contain_region""]]",main_table_target_right_region,"{""0"":[0.04,-0.244,0.11,-0.182],""1"":[0.04,-0.102,0.11,-0.04],""2"":[0.04,0.04,0.11,0.102],""3"":[0.04,0.182,0.11,0.244]}","{""left"":[-0.2,-0.28,-0.04,-0.14],""middle"":[-0.2,-0.07,-0.04,0.07],""right"":[-0.2,0.14,-0.04,0.28]}","{""agentview_camera_name"":""agentview"",""agentview_fovy_deg"":75.0,""agentview_position_m"":[0.6586131746834771,0.0,1.6103500240372424],""agentview_quaternion_wxyz"":[0.6380177736282349,0.3048497438430786,0.30484986305236816,0.6380177736282349],""apply_after_every_reset"":true,""camera_height"":128,""camera_protocol_version"":""libero_36_agentview_v1"",""camera_width"":128,""observation_refresh_after_apply"":true,""raw_reset_agentview_fovy_deg"":45.0}"
libero_36_proxy_tabletop_draft_v5,libero_registered_object_36_proxy_tabletop,32,2,cream_cheese*put_inside*right,cream_cheese,put_inside,right,Pick up the cream cheese box and place it inside the basket in the right region,data/libero_36/bddl/task_032_layout_2_cream_cheese_put_inside_right.bddl,d82d939b1b2d762e1ab12cd26243786f5c6a33c88a98526a98516ec7c1fbd9bc,"{""akita_black_bowl"":2,""alphabet_soup"":0,""cream_cheese"":1,""white_yellow_mug"":3}",(And (In cream_cheese_1 basket_1_contain_region)),"[[""in"",""cream_cheese_1"",""basket_1_contain_region""]]",main_table_target_right_region,"{""0"":[0.04,-0.244,0.11,-0.182],""1"":[0.04,-0.102,0.11,-0.04],""2"":[0.04,0.04,0.11,0.102],""3"":[0.04,0.182,0.11,0.244]}","{""left"":[-0.2,-0.28,-0.04,-0.14],""middle"":[-0.2,-0.07,-0.04,0.07],""right"":[-0.2,0.14,-0.04,0.28]}","{""agentview_camera_name"":""agentview"",""agentview_fovy_deg"":75.0,""agentview_position_m"":[0.6586131746834771,0.0,1.6103500240372424],""agentview_quaternion_wxyz"":[0.6380177736282349,0.3048497438430786,0.30484986305236816,0.6380177736282349],""apply_after_every_reset"":true,""camera_height"":128,""camera_protocol_version"":""libero_36_agentview_v1"",""camera_width"":128,""observation_refresh_after_apply"":true,""raw_reset_agentview_fovy_deg"":45.0}"
libero_36_proxy_tabletop_draft_v5,libero_registered_object_36_proxy_tabletop,32,3,cream_cheese*put_inside*right,cream_cheese,put_inside,right,Pick up the cream cheese box and place it inside the basket in the right region,data/libero_36/bddl/task_032_layout_3_cream_cheese_put_inside_right.bddl,52a086269eb5e5a5a1e3eb579d3aaa3103b39768b20c09917257d22c5794216a,"{""akita_black_bowl"":3,""alphabet_soup"":1,""cream_cheese"":2,""white_yellow_mug"":0}",(And (In cream_cheese_1 basket_1_contain_region)),"[[""in"",""cream_cheese_1"",""basket_1_contain_region""]]",main_table_target_right_region,"{""0"":[0.04,-0.244,0.11,-0.182],""1"":[0.04,-0.102,0.11,-0.04],""2"":[0.04,0.04,0.11,0.102],""3"":[0.04,0.182,0.11,0.244]}","{""left"":[-0.2,-0.28,-0.04,-0.14],""middle"":[-0.2,-0.07,-0.04,0.07],""right"":[-0.2,0.14,-0.04,0.28]}","{""agentview_camera_name"":""agentview"",""agentview_fovy_deg"":75.0,""agentview_position_m"":[0.6586131746834771,0.0,1.6103500240372424],""agentview_quaternion_wxyz"":[0.6380177736282349,0.3048497438430786,0.30484986305236816,0.6380177736282349],""apply_after_every_reset"":true,""camera_height"":128,""camera_protocol_version"":""libero_36_agentview_v1"",""camera_width"":128,""observation_refresh_after_apply"":true,""raw_reset_agentview_fovy_deg"":45.0}"
libero_36_proxy_tabletop_draft_v5,libero_registered_object_36_proxy_tabletop,33,0,cream_cheese*push_to*left,cream_cheese,push_to,left,Push the cream cheese box into the left target region,data/libero_36/bddl/task_033_layout_0_cream_cheese_push_to_left.bddl,44d0990761307c3a92929ae1a10df6923bc9868701c66047497b8e37e0c05ec0,"{""akita_black_bowl"":0,""alphabet_soup"":2,""cream_cheese"":3,""white_yellow_mug"":1}",(And (On cream_cheese_1 main_table_target_left_region)),"[[""on"",""cream_cheese_1"",""main_table_target_left_region""]]",main_table_target_left_region,"{""0"":[0.04,-0.244,0.11,-0.182],""1"":[0.04,-0.102,0.11,-0.04],""2"":[0.04,0.04,0.11,0.102],""3"":[0.04,0.182,0.11,0.244]}","{""left"":[-0.2,-0.28,-0.04,-0.14],""middle"":[-0.2,-0.07,-0.04,0.07],""right"":[-0.2,0.14,-0.04,0.28]}","{""agentview_camera_name"":""agentview"",""agentview_fovy_deg"":75.0,""agentview_position_m"":[0.6586131746834771,0.0,1.6103500240372424],""agentview_quaternion_wxyz"":[0.6380177736282349,0.3048497438430786,0.30484986305236816,0.6380177736282349],""apply_after_every_reset"":true,""camera_height"":128,""camera_protocol_version"":""libero_36_agentview_v1"",""camera_width"":128,""observation_refresh_after_apply"":true,""raw_reset_agentview_fovy_deg"":45.0}"
libero_36_proxy_tabletop_draft_v5,libero_registered_object_36_proxy_tabletop,33,1,cream_cheese*push_to*left,cream_cheese,push_to,left,Push the cream cheese box into the left target region,data/libero_36/bddl/task_033_layout_1_cream_cheese_push_to_left.bddl,c886f4399b930b4398c7e9646a29be13fdaa262988e1e2a6766bb78aafe8efae,"{""akita_black_bowl"":1,""alphabet_soup"":3,""cream_cheese"":0,""white_yellow_mug"":2}",(And (On cream_cheese_1 main_table_target_left_region)),"[[""on"",""cream_cheese_1"",""main_table_target_left_region""]]",main_table_target_left_region,"{""0"":[0.04,-0.244,0.11,-0.182],""1"":[0.04,-0.102,0.11,-0.04],""2"":[0.04,0.04,0.11,0.102],""3"":[0.04,0.182,0.11,0.244]}","{""left"":[-0.2,-0.28,-0.04,-0.14],""middle"":[-0.2,-0.07,-0.04,0.07],""right"":[-0.2,0.14,-0.04,0.28]}","{""agentview_camera_name"":""agentview"",""agentview_fovy_deg"":75.0,""agentview_position_m"":[0.6586131746834771,0.0,1.6103500240372424],""agentview_quaternion_wxyz"":[0.6380177736282349,0.3048497438430786,0.30484986305236816,0.6380177736282349],""apply_after_every_reset"":true,""camera_height"":128,""camera_protocol_version"":""libero_36_agentview_v1"",""camera_width"":128,""observation_refresh_after_apply"":true,""raw_reset_agentview_fovy_deg"":45.0}"
libero_36_proxy_tabletop_draft_v5,libero_registered_object_36_proxy_tabletop,33,2,cream_cheese*push_to*left,cream_cheese,push_to,left,Push the cream cheese box into the left target region,data/libero_36/bddl/task_033_layout_2_cream_cheese_push_to_left.bddl,72593892a2363b1daa3771b85c178edb762a8f03f4c3e85d4f22eafcee5ff971,"{""akita_black_bowl"":2,""alphabet_soup"":0,""cream_cheese"":1,""white_yellow_mug"":3}",(And (On cream_cheese_1 main_table_target_left_region)),"[[""on"",""cream_cheese_1"",""main_table_target_left_region""]]",main_table_target_left_region,"{""0"":[0.04,-0.244,0.11,-0.182],""1"":[0.04,-0.102,0.11,-0.04],""2"":[0.04,0.04,0.11,0.102],""3"":[0.04,0.182,0.11,0.244]}","{""left"":[-0.2,-0.28,-0.04,-0.14],""middle"":[-0.2,-0.07,-0.04,0.07],""right"":[-0.2,0.14,-0.04,0.28]}","{""agentview_camera_name"":""agentview"",""agentview_fovy_deg"":75.0,""agentview_position_m"":[0.6586131746834771,0.0,1.6103500240372424],""agentview_quaternion_wxyz"":[0.6380177736282349,0.3048497438430786,0.30484986305236816,0.6380177736282349],""apply_after_every_reset"":true,""camera_height"":128,""camera_protocol_version"":""libero_36_agentview_v1"",""camera_width"":128,""observation_refresh_after_apply"":true,""raw_reset_agentview_fovy_deg"":45.0}"
libero_36_proxy_tabletop_draft_v5,libero_registered_object_36_proxy_tabletop,33,3,cream_cheese*push_to*left,cream_cheese,push_to,left,Push the cream cheese box into the left target region,data/libero_36/bddl/task_033_layout_3_cream_cheese_push_to_left.bddl,0f2ac0dff1840c5d648d6d9f00fa18e44fc784d16a07b820ea3d144d2795144f,"{""akita_black_bowl"":3,""alphabet_soup"":1,""cream_cheese"":2,""white_yellow_mug"":0}",(And (On cream_cheese_1 main_table_target_left_region)),"[[""on"",""cream_cheese_1"",""main_table_target_left_region""]]",main_table_target_left_region,"{""0"":[0.04,-0.244,0.11,-0.182],""1"":[0.04,-0.102,0.11,-0.04],""2"":[0.04,0.04,0.11,0.102],""3"":[0.04,0.182,0.11,0.244]}","{""left"":[-0.2,-0.28,-0.04,-0.14],""middle"":[-0.2,-0.07,-0.04,0.07],""right"":[-0.2,0.14,-0.04,0.28]}","{""agentview_camera_name"":""agentview"",""agentview_fovy_deg"":75.0,""agentview_position_m"":[0.6586131746834771,0.0,1.6103500240372424],""agentview_quaternion_wxyz"":[0.6380177736282349,0.3048497438430786,0.30484986305236816,0.6380177736282349],""apply_after_every_reset"":true,""camera_height"":128,""camera_protocol_version"":""libero_36_agentview_v1"",""camera_width"":128,""observation_refresh_after_apply"":true,""raw_reset_agentview_fovy_deg"":45.0}"
libero_36_proxy_tabletop_draft_v5,libero_registered_object_36_proxy_tabletop,34,0,cream_cheese*push_to*middle,cream_cheese,push_to,middle,Push the cream cheese box into the middle target region,data/libero_36/bddl/task_034_layout_0_cream_cheese_push_to_middle.bddl,27ce1091c6d3365fe49aff88e2886fd7cf805105f7b2097f8ed48adc0ef2690a,"{""akita_black_bowl"":0,""alphabet_soup"":2,""cream_cheese"":3,""white_yellow_mug"":1}",(And (On cream_cheese_1 main_table_target_middle_region)),"[[""on"",""cream_cheese_1"",""main_table_target_middle_region""]]",main_table_target_middle_region,"{""0"":[0.04,-0.244,0.11,-0.182],""1"":[0.04,-0.102,0.11,-0.04],""2"":[0.04,0.04,0.11,0.102],""3"":[0.04,0.182,0.11,0.244]}","{""left"":[-0.2,-0.28,-0.04,-0.14],""middle"":[-0.2,-0.07,-0.04,0.07],""right"":[-0.2,0.14,-0.04,0.28]}","{""agentview_camera_name"":""agentview"",""agentview_fovy_deg"":75.0,""agentview_position_m"":[0.6586131746834771,0.0,1.6103500240372424],""agentview_quaternion_wxyz"":[0.6380177736282349,0.3048497438430786,0.30484986305236816,0.6380177736282349],""apply_after_every_reset"":true,""camera_height"":128,""camera_protocol_version"":""libero_36_agentview_v1"",""camera_width"":128,""observation_refresh_after_apply"":true,""raw_reset_agentview_fovy_deg"":45.0}"
libero_36_proxy_tabletop_draft_v5,libero_registered_object_36_proxy_tabletop,34,1,cream_cheese*push_to*middle,cream_cheese,push_to,middle,Push the cream cheese box into the middle target region,data/libero_36/bddl/task_034_layout_1_cream_cheese_push_to_middle.bddl,45c903cbbc8ec5140684fde74a693ad6afb4f9e482b22c0124ebd61f5f890c9a,"{""akita_black_bowl"":1,""alphabet_soup"":3,""cream_cheese"":0,""white_yellow_mug"":2}",(And (On cream_cheese_1 main_table_target_middle_region)),"[[""on"",""cream_cheese_1"",""main_table_target_middle_region""]]",main_table_target_middle_region,"{""0"":[0.04,-0.244,0.11,-0.182],""1"":[0.04,-0.102,0.11,-0.04],""2"":[0.04,0.04,0.11,0.102],""3"":[0.04,0.182,0.11,0.244]}","{""left"":[-0.2,-0.28,-0.04,-0.14],""middle"":[-0.2,-0.07,-0.04,0.07],""right"":[-0.2,0.14,-0.04,0.28]}","{""agentview_camera_name"":""agentview"",""agentview_fovy_deg"":75.0,""agentview_position_m"":[0.6586131746834771,0.0,1.6103500240372424],""agentview_quaternion_wxyz"":[0.6380177736282349,0.3048497438430786,0.30484986305236816,0.6380177736282349],""apply_after_every_reset"":true,""camera_height"":128,""camera_protocol_version"":""libero_36_agentview_v1"",""camera_width"":128,""observation_refresh_after_apply"":true,""raw_reset_agentview_fovy_deg"":45.0}"
libero_36_proxy_tabletop_draft_v5,libero_registered_object_36_proxy_tabletop,34,2,cream_cheese*push_to*middle,cream_cheese,push_to,middle,Push the cream cheese box into the middle target region,data/libero_36/bddl/task_034_layout_2_cream_cheese_push_to_middle.bddl,1eea54d0a5149fb95e974b612cc0ec18006c926905a10990ac55bc05e53f3fbf,"{""akita_black_bowl"":2,""alphabet_soup"":0,""cream_cheese"":1,""white_yellow_mug"":3}",(And (On cream_cheese_1 main_table_target_middle_region)),"[[""on"",""cream_cheese_1"",""main_table_target_middle_region""]]",main_table_target_middle_region,"{""0"":[0.04,-0.244,0.11,-0.182],""1"":[0.04,-0.102,0.11,-0.04],""2"":[0.04,0.04,0.11,0.102],""3"":[0.04,0.182,0.11,0.244]}","{""left"":[-0.2,-0.28,-0.04,-0.14],""middle"":[-0.2,-0.07,-0.04,0.07],""right"":[-0.2,0.14,-0.04,0.28]}","{""agentview_camera_name"":""agentview"",""agentview_fovy_deg"":75.0,""agentview_position_m"":[0.6586131746834771,0.0,1.6103500240372424],""agentview_quaternion_wxyz"":[0.6380177736282349,0.3048497438430786,0.30484986305236816,0.6380177736282349],""apply_after_every_reset"":true,""camera_height"":128,""camera_protocol_version"":""libero_36_agentview_v1"",""camera_width"":128,""observation_refresh_after_apply"":true,""raw_reset_agentview_fovy_deg"":45.0}"
libero_36_proxy_tabletop_draft_v5,libero_registered_object_36_proxy_tabletop,34,3,cream_cheese*push_to*middle,cream_cheese,push_to,middle,Push the cream cheese box into the middle target region,data/libero_36/bddl/task_034_layout_3_cream_cheese_push_to_middle.bddl,f90384bbfa60eaebb0008dc6a691418306cc0e2fdcbb41f4b421b058ccad2a1e,"{""akita_black_bowl"":3,""alphabet_soup"":1,""cream_cheese"":2,""white_yellow_mug"":0}",(And (On cream_cheese_1 main_table_target_middle_region)),"[[""on"",""cream_cheese_1"",""main_table_target_middle_region""]]",main_table_target_middle_region,"{""0"":[0.04,-0.244,0.11,-0.182],""1"":[0.04,-0.102,0.11,-0.04],""2"":[0.04,0.04,0.11,0.102],""3"":[0.04,0.182,0.11,0.244]}","{""left"":[-0.2,-0.28,-0.04,-0.14],""middle"":[-0.2,-0.07,-0.04,0.07],""right"":[-0.2,0.14,-0.04,0.28]}","{""agentview_camera_name"":""agentview"",""agentview_fovy_deg"":75.0,""agentview_position_m"":[0.6586131746834771,0.0,1.6103500240372424],""agentview_quaternion_wxyz"":[0.6380177736282349,0.3048497438430786,0.30484986305236816,0.6380177736282349],""apply_after_every_reset"":true,""camera_height"":128,""camera_protocol_version"":""libero_36_agentview_v1"",""camera_width"":128,""observation_refresh_after_apply"":true,""raw_reset_agentview_fovy_deg"":45.0}"
libero_36_proxy_tabletop_draft_v5,libero_registered_object_36_proxy_tabletop,35,0,cream_cheese*push_to*right,cream_cheese,push_to,right,Push the cream cheese box into the right target region,data/libero_36/bddl/task_035_layout_0_cream_cheese_push_to_right.bddl,06a7048060543c78f3a99d31a71a891dfc5ad06cab3747e3eb9f2d836fd8abb0,"{""akita_black_bowl"":0,""alphabet_soup"":2,""cream_cheese"":3,""white_yellow_mug"":1}",(And (On cream_cheese_1 main_table_target_right_region)),"[[""on"",""cream_cheese_1"",""main_table_target_right_region""]]",main_table_target_right_region,"{""0"":[0.04,-0.244,0.11,-0.182],""1"":[0.04,-0.102,0.11,-0.04],""2"":[0.04,0.04,0.11,0.102],""3"":[0.04,0.182,0.11,0.244]}","{""left"":[-0.2,-0.28,-0.04,-0.14],""middle"":[-0.2,-0.07,-0.04,0.07],""right"":[-0.2,0.14,-0.04,0.28]}","{""agentview_camera_name"":""agentview"",""agentview_fovy_deg"":75.0,""agentview_position_m"":[0.6586131746834771,0.0,1.6103500240372424],""agentview_quaternion_wxyz"":[0.6380177736282349,0.3048497438430786,0.30484986305236816,0.6380177736282349],""apply_after_every_reset"":true,""camera_height"":128,""camera_protocol_version"":""libero_36_agentview_v1"",""camera_width"":128,""observation_refresh_after_apply"":true,""raw_reset_agentview_fovy_deg"":45.0}"
libero_36_proxy_tabletop_draft_v5,libero_registered_object_36_proxy_tabletop,35,1,cream_cheese*push_to*right,cream_cheese,push_to,right,Push the cream cheese box into the right target region,data/libero_36/bddl/task_035_layout_1_cream_cheese_push_to_right.bddl,b4aeddb0e98896ce7f660faec7fd4bedcf41bc92a3c7749fdf695dab1158b3fa,"{""akita_black_bowl"":1,""alphabet_soup"":3,""cream_cheese"":0,""white_yellow_mug"":2}",(And (On cream_cheese_1 main_table_target_right_region)),"[[""on"",""cream_cheese_1"",""main_table_target_right_region""]]",main_table_target_right_region,"{""0"":[0.04,-0.244,0.11,-0.182],""1"":[0.04,-0.102,0.11,-0.04],""2"":[0.04,0.04,0.11,0.102],""3"":[0.04,0.182,0.11,0.244]}","{""left"":[-0.2,-0.28,-0.04,-0.14],""middle"":[-0.2,-0.07,-0.04,0.07],""right"":[-0.2,0.14,-0.04,0.28]}","{""agentview_camera_name"":""agentview"",""agentview_fovy_deg"":75.0,""agentview_position_m"":[0.6586131746834771,0.0,1.6103500240372424],""agentview_quaternion_wxyz"":[0.6380177736282349,0.3048497438430786,0.30484986305236816,0.6380177736282349],""apply_after_every_reset"":true,""camera_height"":128,""camera_protocol_version"":""libero_36_agentview_v1"",""camera_width"":128,""observation_refresh_after_apply"":true,""raw_reset_agentview_fovy_deg"":45.0}"
libero_36_proxy_tabletop_draft_v5,libero_registered_object_36_proxy_tabletop,35,2,cream_cheese*push_to*right,cream_cheese,push_to,right,Push the cream cheese box into the right target region,data/libero_36/bddl/task_035_layout_2_cream_cheese_push_to_right.bddl,c551783f3cac3147afd8c6187ea2baf0c7a0cb234c5c5adb848803bf7f3bc751,"{""akita_black_bowl"":2,""alphabet_soup"":0,""cream_cheese"":1,""white_yellow_mug"":3}",(And (On cream_cheese_1 main_table_target_right_region)),"[[""on"",""cream_cheese_1"",""main_table_target_right_region""]]",main_table_target_right_region,"{""0"":[0.04,-0.244,0.11,-0.182],""1"":[0.04,-0.102,0.11,-0.04],""2"":[0.04,0.04,0.11,0.102],""3"":[0.04,0.182,0.11,0.244]}","{""left"":[-0.2,-0.28,-0.04,-0.14],""middle"":[-0.2,-0.07,-0.04,0.07],""right"":[-0.2,0.14,-0.04,0.28]}","{""agentview_camera_name"":""agentview"",""agentview_fovy_deg"":75.0,""agentview_position_m"":[0.6586131746834771,0.0,1.6103500240372424],""agentview_quaternion_wxyz"":[0.6380177736282349,0.3048497438430786,0.30484986305236816,0.6380177736282349],""apply_after_every_reset"":true,""camera_height"":128,""camera_protocol_version"":""libero_36_agentview_v1"",""camera_width"":128,""observation_refresh_after_apply"":true,""raw_reset_agentview_fovy_deg"":45.0}"
libero_36_proxy_tabletop_draft_v5,libero_registered_object_36_proxy_tabletop,35,3,cream_cheese*push_to*right,cream_cheese,push_to,right,Push the cream cheese box into the right target region,data/libero_36/bddl/task_035_layout_3_cream_cheese_push_to_right.bddl,df776395b6437264309d9f31b11766668a8d31f04cff37ab760f46a10d99b223,"{""akita_black_bowl"":3,""alphabet_soup"":1,""cream_cheese"":2,""white_yellow_mug"":0}",(And (On cream_cheese_1 main_table_target_right_region)),"[[""on"",""cream_cheese_1"",""main_table_target_right_region""]]",main_table_target_right_region,"{""0"":[0.04,-0.244,0.11,-0.182],""1"":[0.04,-0.102,0.11,-0.04],""2"":[0.04,0.04,0.11,0.102],""3"":[0.04,0.182,0.11,0.244]}","{""left"":[-0.2,-0.28,-0.04,-0.14],""middle"":[-0.2,-0.07,-0.04,0.07],""right"":[-0.2,0.14,-0.04,0.28]}","{""agentview_camera_name"":""agentview"",""agentview_fovy_deg"":75.0,""agentview_position_m"":[0.6586131746834771,0.0,1.6103500240372424],""agentview_quaternion_wxyz"":[0.6380177736282349,0.3048497438430786,0.30484986305236816,0.6380177736282349],""apply_after_every_reset"":true,""camera_height"":128,""camera_protocol_version"":""libero_36_agentview_v1"",""camera_width"":128,""observation_refresh_after_apply"":true,""raw_reset_agentview_fovy_deg"":45.0}"
