protocol_version,benchmark_name,gate_protocol_version,gate_id,mode,task_id,layout_id,tuple,object,skill,spatial_region,case_type,case_index,seed,target_instance,receiver_instance,alternate_region,original_bddl_path,original_bddl_sha256,derived_bddl_sha256,object_to_slot_json,derived_init_predicates_json,construction_algorithm,reset_attempts,frozen_camera_record_json,parsed_semantics_ok,derived_initial_state_ok,expected_relation,expected_receiver_region,expected_composite_success,trajectory_constraints_evaluated,push_threshold_status,acquired,acquired_at_step,acquire_relation_trace_json,acquire_receiver_region_trace_json,acquire_composite_trace_json,relation_trace_json,receiver_region_trace_json,composite_success_trace_json,placement_trace_json,receiver_table_contact_trace_json,unexpected_contact_trace_json,relation_hold_ok,receiver_region_hold_ok,composite_hold_ok,placement_hold_ok,receiver_table_contact_hold_ok,no_unexpected_contacts,all_finite_poses,all_images_valid,max_final_window_motion_m,max_final_window_orientation_deg,stable_final_window,constructed_poses_json,terminal_poses_json,preview_artifacts_json,determinism_checked,repeated_reset_attempts,determinism_initial_state_max_abs,determinism_terminal_state_max_abs,determinism_trajectory_state_max_abs,determinism_trace_match,deterministic,failed_gate_checks_json,passed,error
libero_36_proxy_tabletop_draft_v4,libero_registered_object_36_proxy_tabletop,libero_36_oracle_goal_v1,gate4_terminal_goal_semantics,full,0,0,akita_black_bowl*put_on_top*left,akita_black_bowl,put_on_top,left,positive,0,460000,akita_black_bowl_1,plate_1,middle,/root/smolvla-libero-compositional-generalization/data/libero_36/bddl/task_000_layout_0_akita_black_bowl_put_on_top_left.bddl,71f6e9f451c590beea7268659af423958242197d457c38b4177ab18b006c5f99,5d628d2cd132dce169b133183fb6b630fd632368400140db936603395c645f79,"{""akita_black_bowl"":0,""alphabet_soup"":2,""cream_cheese"":3,""white_yellow_mug"":1}","[[""on"",""akita_black_bowl_1"",""plate_1""],[""on"",""white_yellow_mug_1"",""main_table_source_slot_1_region""],[""on"",""alphabet_soup_1"",""main_table_source_slot_2_region""],[""on"",""cream_cheese_1"",""main_table_source_slot_3_region""],[""on"",""plate_1"",""main_table_target_left_region""]]",deterministic_bddl_init_substitution_using_libero_conditional_and_table_region_samplers,1,"{""camera_id"":2,""camera_name"":""agentview"",""camera_protocol_version"":""libero_36_agentview_v1"",""fovy_deg"":75.0,""height"":128,""position_m"":[0.6586131746834771,0.0,1.6103500240372424],""pre_apply_fovy_deg"":45.0,""quaternion_wxyz"":[0.6380177212293417,0.30484971880648903,0.30484983801576876,0.6380177212293417],""width"":128}",True,True,True,True,True,False,not_applicable,True,10,"[false,false,false,true,true,true,true,true,true,true]","[true,true,true,true,true,true,true,true,true,true]","[false,false,false,true,true,true,true,true,true,true]","[true,true,true,true,true,true,true,true,true,true,true,true,true,true,true,true,true,true,true,true]","[true,true,true,true,true,true,true,true,true,true,true,true,true,true,true,true,true,true,true,true]","[true,true,true,true,true,true,true,true,true,true,true,true,true,true,true,true,true,true,true,true]","[true,true,true,true,true,true,true,true,true,true,true,true,true,true,true,true,true,true,true,true]","[true,true,true,true,true,true,true,true,true,true,true,true,true,true,true,true,true,true,true,true]","[[],[],[],[],[],[],[],[],[],[],[],[],[],[],[],[],[],[],[],[]]",True,True,True,True,True,True,True,True,1.8681991772830092e-10,1.7075472925031877e-06,True,"{""akita_black_bowl_1"":{""position"":[-0.12411556758048414,-0.23078891547820377,0.9062483207215521],""quaternion_xyzw"":[0.00903598978743954,-0.009036313072431006,0.7070814245613012,0.7070166582018977]},""alphabet_soup_1"":{""position"":[0.23119993578090065,0.1118581068960331,0.9383929103724417],""quaternion_xyzw"":[0.0022510880914946873,0.7077061030915417,0.7064997314595226,-0.00226576631870309]},""cream_cheese_1"":{""position"":[0.2356737362726414,0.361673244240962,0.9089214774185893],""quaternion_xyzw"":[0.0,0.0,1.0,0.0]},""plate_1"":{""position"":[-0.12415553283160342,-0.23020328768179785,0.9025031130141006],""quaternion_xyzw"":[-1.4449752718332151e-05,1.5053842589820684e-05,0.7071067511247082,0.7071068109405017]},""white_yellow_mug_1"":{""position"":[0.2441739259957368,-0.11736557547955308,0.9000940748294017],""quaternion_xyzw"":[-7.47788361870977e-06,-1.094782493805875e-05,0.7071071218390034,-0.7071064404096367]}}","{""akita_black_bowl_1"":{""position"":[-0.1241155675801133,-0.23078891921338404,0.9062483206267838],""quaternion_xyzw"":[0.009035989743752996,-0.009036313125900405,0.7070814283814539,0.7070166543812701]},""alphabet_soup_1"":{""position"":[0.23119993578090053,0.11185810689603298,0.9383929103724435],""quaternion_xyzw"":[0.0022510880914928416,0.7077061030915408,0.7064997314595235,-0.0022657663187014678]},""cream_cheese_1"":{""position"":[0.2356737362726414,0.361673244240962,0.9089214774186077],""quaternion_xyzw"":[0.0,0.0,1.0,0.0]},""plate_1"":{""position"":[-0.12415553283159779,-0.23020328768183967,0.902503113014826],""quaternion_xyzw"":[-1.4449747575388258e-05,1.5053837946298601e-05,0.7071067511245418,0.7071068109406683]},""white_yellow_mug_1"":{""position"":[0.2441739259957368,-0.11736557547955308,0.9000940748299845],""quaternion_xyzw"":[-7.477883678164801e-06,-1.0947825020278796e-05,0.7071071218390034,-0.7071064404096367]}}",{},True,1,0.0,0.0,0.0,True,True,[],True,
libero_36_proxy_tabletop_draft_v4,libero_registered_object_36_proxy_tabletop,libero_36_oracle_goal_v1,gate4_terminal_goal_semantics,full,0,0,akita_black_bowl*put_on_top*left,akita_black_bowl,put_on_top,left,relation_negative,1,460001,akita_black_bowl_1,plate_1,middle,/root/smolvla-libero-compositional-generalization/data/libero_36/bddl/task_000_layout_0_akita_black_bowl_put_on_top_left.bddl,71f6e9f451c590beea7268659af423958242197d457c38b4177ab18b006c5f99,0d632f20a512355f9f73abc032eee232046b09e9877cacd477b63026eb779611,"{""akita_black_bowl"":0,""alphabet_soup"":2,""cream_cheese"":3,""white_yellow_mug"":1}","[[""on"",""akita_black_bowl_1"",""main_table_target_middle_region""],[""on"",""white_yellow_mug_1"",""main_table_source_slot_1_region""],[""on"",""alphabet_soup_1"",""main_table_source_slot_2_region""],[""on"",""cream_cheese_1"",""main_table_source_slot_3_region""],[""on"",""plate_1"",""main_table_target_left_region""]]",deterministic_bddl_init_substitution_using_libero_conditional_and_table_region_samplers,1,"{""camera_id"":2,""camera_name"":""agentview"",""camera_protocol_version"":""libero_36_agentview_v1"",""fovy_deg"":75.0,""height"":128,""position_m"":[0.6586131746834771,0.0,1.6103500240372424],""pre_apply_fovy_deg"":45.0,""quaternion_wxyz"":[0.6380177212293417,0.30484971880648903,0.30484983801576876,0.6380177212293417],""width"":128}",True,True,False,True,False,False,not_applicable,True,9,"[false,false,false,false,false,false,false,false,false]","[true,true,true,true,true,true,true,true,true]","[false,false,false,false,false,false,false,false,false]","[false,false,false,false,false,false,false,false,false,false,false,false,false,false,false,false,false,false,false,false]","[true,true,true,true,true,true,true,true,true,true,true,true,true,true,true,true,true,true,true,true]","[false,false,false,false,false,false,false,false,false,false,false,false,false,false,false,false,false,false,false,false]","[true,true,true,true,true,true,true,true,true,true,true,true,true,true,true,true,true,true,true,true]","[true,true,true,true,true,true,true,true,true,true,true,true,true,true,true,true,true,true,true,true]","[[],[],[],[],[],[],[],[],[],[],[],[],[],[],[],[],[],[],[],[]]",True,True,True,True,True,True,True,True,0.0,1.7075472925031877e-06,True,"{""akita_black_bowl_1"":{""position"":[-0.16209665080541677,0.029899547222451126,0.8984070750855586],""quaternion_xyzw"":[-1.3874754374375365e-05,1.6673001080769397e-06,0.7071067792293568,0.7071067830056482]},""alphabet_soup_1"":{""position"":[0.22566935769420085,0.12683290747925435,0.938392910372391],""quaternion_xyzw"":[0.002251088091534163,0.7077061030915652,0.7064997314594987,-0.002265766318742616]},""cream_cheese_1"":{""position"":[0.23814662021337543,0.3574480256288973,0.9089214774181752],""quaternion_xyzw"":[0.0,0.0,1.0,0.0]},""plate_1"":{""position"":[-0.15248148103646356,-0.2021702939148817,0.9025063385199519],""quaternion_xyzw"":[-1.3218929662285758e-05,5.90520345767724e-06,0.7071067522302278,0.7071068099946484]},""white_yellow_mug_1"":{""position"":[0.23516042145847507,-0.1127950257182756,0.9000940748168837],""quaternion_xyzw"":[-7.4778824641586865e-06,-1.0947823346005127e-05,0.7071071218390036,-0.7071064404096369]}}","{""akita_black_bowl_1"":{""position"":[-0.16209665080541324,0.029899547222446483,0.8984070750980836],""quaternion_xyzw"":[-1.3874755319828387e-05,1.6673002342710733e-06,0.7071067792293568,0.7071067830056482]},""alphabet_soup_1"":{""position"":[0.2256693576941965,0.1268329074792518,0.9383929103724435],""quaternion_xyzw"":[0.0022510880914927475,0.7077061030915409,0.7064997314595235,-0.002265766318701587]},""cream_cheese_1"":{""position"":[0.23814662021337543,0.3574480256288973,0.9089214774186077],""quaternion_xyzw"":[0.0,0.0,1.0,0.0]},""plate_1"":{""position"":[-0.15248148103646514,-0.20217029391487662,0.902506338529415],""quaternion_xyzw"":[-1.3218930757407332e-05,5.905204028430046e-06,0.7071067522302278,0.7071068099946484]},""white_yellow_mug_1"":{""position"":[0.23516042145847493,-0.1127950257182747,0.9000940748299845],""quaternion_xyzw"":[-7.47788367815101e-06,-1.09478250202659e-05,0.7071071218390034,-0.7071064404096367]}}",{},True,1,0.0,0.0,0.0,True,True,[],True,
libero_36_proxy_tabletop_draft_v4,libero_registered_object_36_proxy_tabletop,libero_36_oracle_goal_v1,gate4_terminal_goal_semantics,full,0,0,akita_black_bowl*put_on_top*left,akita_black_bowl,put_on_top,left,receiver_region_negative,2,460002,akita_black_bowl_1,plate_1,middle,/root/smolvla-libero-compositional-generalization/data/libero_36/bddl/task_000_layout_0_akita_black_bowl_put_on_top_left.bddl,71f6e9f451c590beea7268659af423958242197d457c38b4177ab18b006c5f99,40eec61639e3a6bf2ea8113141aea793b83d049bf2df57b4d342b75dc7292514,"{""akita_black_bowl"":0,""alphabet_soup"":2,""cream_cheese"":3,""white_yellow_mug"":1}","[[""on"",""akita_black_bowl_1"",""plate_1""],[""on"",""white_yellow_mug_1"",""main_table_source_slot_1_region""],[""on"",""alphabet_soup_1"",""main_table_source_slot_2_region""],[""on"",""cream_cheese_1"",""main_table_source_slot_3_region""],[""on"",""plate_1"",""main_table_target_middle_region""]]",deterministic_bddl_init_substitution_using_libero_conditional_and_table_region_samplers,1,"{""camera_id"":2,""camera_name"":""agentview"",""camera_protocol_version"":""libero_36_agentview_v1"",""fovy_deg"":75.0,""height"":128,""position_m"":[0.6586131746834771,0.0,1.6103500240372424],""pre_apply_fovy_deg"":45.0,""quaternion_wxyz"":[0.6380177212293417,0.30484971880648903,0.30484983801576876,0.6380177212293417],""width"":128}",True,True,True,False,False,False,not_applicable,True,10,"[false,false,false,true,true,true,true,true,true,true]","[false,false,false,false,false,false,false,false,false,false]","[false,false,false,false,false,false,false,false,false,false]","[true,true,true,true,true,true,true,true,true,true,true,true,true,true,true,true,true,true,true,true]","[false,false,false,false,false,false,false,false,false,false,false,false,false,false,false,false,false,false,false,false]","[false,false,false,false,false,false,false,false,false,false,false,false,false,false,false,false,false,false,false,false]","[true,true,true,true,true,true,true,true,true,true,true,true,true,true,true,true,true,true,true,true]","[true,true,true,true,true,true,true,true,true,true,true,true,true,true,true,true,true,true,true,true]","[[],[],[],[],[],[],[],[],[],[],[],[],[],[],[],[],[],[],[],[]]",True,True,True,True,True,True,True,True,1.8682020843336512e-10,1.7075472925031877e-06,True,"{""akita_black_bowl_1"":{""position"":[-0.10083155966950502,0.025324817548586454,0.9062483207215521],""quaternion_xyzw"":[0.00903598978743951,-0.009036313072431058,0.7070814245613012,0.7070166582018979]},""alphabet_soup_1"":{""position"":[0.22916543083331023,0.12689689784742106,0.9383929103724417],""quaternion_xyzw"":[0.002251088091494493,0.7077061030915418,0.7064997314595226,-0.0022657663187032936]},""cream_cheese_1"":{""position"":[0.23432334388381842,0.3644460704872103,0.9089214774185893],""quaternion_xyzw"":[-2.7685186511123514e-17,1.0666035381216418e-17,1.0,3.636374958939994e-25]},""plate_1"":{""position"":[-0.10087152492062425,0.025910445344992827,0.9025031130141006],""quaternion_xyzw"":[-1.4449752718314953e-05,1.5053842589832983e-05,0.7071067511247084,0.7071068109405017]},""white_yellow_mug_1"":{""position"":[0.24255554147949643,-0.12048602069469957,0.9000940748294017],""quaternion_xyzw"":[-7.47788361871182e-06,-1.0947824938052117e-05,0.7071071218390034,-0.7071064404096367]}}","{""akita_black_bowl_1"":{""position"":[-0.10083155966913421,0.02532481381340092,0.9062483206267835],""quaternion_xyzw"":[0.00903598974375298,-0.009036313125900463,0.7070814283814538,0.7070166543812701]},""alphabet_soup_1"":{""position"":[0.22916543083331012,0.12689689784742106,0.9383929103724435],""quaternion_xyzw"":[0.0022510880914926646,0.7077061030915409,0.7064997314595235,-0.0022657663187016838]},""cream_cheese_1"":{""position"":[0.23432334388381842,0.3644460704872103,0.9089214774186077],""quaternion_xyzw"":[-4.208179234258301e-17,5.778738417427018e-18,1.0,5.170617539844253e-18]},""plate_1"":{""position"":[-0.10087152492061861,0.025910445344956096,0.902503113014826],""quaternion_xyzw"":[-1.4449747575397948e-05,1.5053837946284617e-05,0.7071067511245419,0.7071068109406682]},""white_yellow_mug_1"":{""position"":[0.24255554147949643,-0.12048602069469957,0.9000940748299845],""quaternion_xyzw"":[-7.477883678159e-06,-1.0947825020273146e-05,0.7071071218390034,-0.7071064404096367]}}",{},True,1,0.0,0.0,0.0,True,True,[],True,
libero_36_proxy_tabletop_draft_v4,libero_registered_object_36_proxy_tabletop,libero_36_oracle_goal_v1,gate4_terminal_goal_semantics,full,1,0,akita_black_bowl*put_on_top*middle,akita_black_bowl,put_on_top,middle,positive,0,460010,akita_black_bowl_1,plate_1,right,/root/smolvla-libero-compositional-generalization/data/libero_36/bddl/task_001_layout_0_akita_black_bowl_put_on_top_middle.bddl,0de2f6921d3fff9e955963579dbd58cc20547c2e71e8ee6df58937d8c7997190,38c7acf33ac6405594bb409d2238f041c6717ee76d3dc601a475d2f9f87a94e3,"{""akita_black_bowl"":0,""alphabet_soup"":2,""cream_cheese"":3,""white_yellow_mug"":1}","[[""on"",""akita_black_bowl_1"",""plate_1""],[""on"",""white_yellow_mug_1"",""main_table_source_slot_1_region""],[""on"",""alphabet_soup_1"",""main_table_source_slot_2_region""],[""on"",""cream_cheese_1"",""main_table_source_slot_3_region""],[""on"",""plate_1"",""main_table_target_middle_region""]]",deterministic_bddl_init_substitution_using_libero_conditional_and_table_region_samplers,1,"{""camera_id"":2,""camera_name"":""agentview"",""camera_protocol_version"":""libero_36_agentview_v1"",""fovy_deg"":75.0,""height"":128,""position_m"":[0.6586131746834771,0.0,1.6103500240372424],""pre_apply_fovy_deg"":45.0,""quaternion_wxyz"":[0.6380177212293417,0.30484971880648903,0.30484983801576876,0.6380177212293417],""width"":128}",True,True,True,True,True,False,not_applicable,True,10,"[false,false,false,true,true,true,true,true,true,true]","[true,true,true,true,true,true,true,true,true,true]","[false,false,false,true,true,true,true,true,true,true]","[true,true,true,true,true,true,true,true,true,true,true,true,true,true,true,true,true,true,true,true]","[true,true,true,true,true,true,true,true,true,true,true,true,true,true,true,true,true,true,true,true]","[true,true,true,true,true,true,true,true,true,true,true,true,true,true,true,true,true,true,true,true]","[true,true,true,true,true,true,true,true,true,true,true,true,true,true,true,true,true,true,true,true]","[true,true,true,true,true,true,true,true,true,true,true,true,true,true,true,true,true,true,true,true]","[[],[],[],[],[],[],[],[],[],[],[],[],[],[],[],[],[],[],[],[]]",True,True,True,True,True,True,True,True,1.8682021427197736e-10,1.7075472925031877e-06,True,"{""akita_black_bowl_1"":{""position"":[-0.14728814711208252,0.013534773326350665,0.9062483207215521],""quaternion_xyzw"":[0.009035989787439592,-0.009036313072431086,0.7070814245613014,0.7070166582018976]},""alphabet_soup_1"":{""position"":[0.24191030412506948,0.11797207592311493,0.9383929103724417],""quaternion_xyzw"":[0.0022510880914946548,0.7077061030915418,0.7064997314595226,-0.0022657663187031643]},""cream_cheese_1"":{""position"":[0.23116973691605167,0.3641985202411927,0.9089214774185893],""quaternion_xyzw"":[-6.265401389644971e-17,1.221404050452816e-17,1.0,1.9221414339908912e-25]},""plate_1"":{""position"":[-0.1473281123632015,0.014120401122757094,0.9025031130141006],""quaternion_xyzw"":[-1.4449752718329202e-05,1.505384258982878e-05,0.7071067511247086,0.7071068109405015]},""white_yellow_mug_1"":{""position"":[0.24288623822250996,-0.12203602251682263,0.9000940748294017],""quaternion_xyzw"":[-7.477883618712333e-06,-1.0947824938066745e-05,0.7071071218390034,-0.7071064404096367]}}","{""akita_black_bowl_1"":{""position"":[-0.14728814711171065,0.013534769591164945,0.9062483206267835],""quaternion_xyzw"":[0.009035989743753026,-0.009036313125900404,0.7070814283814542,0.70701665438127]},""alphabet_soup_1"":{""position"":[0.24191030412506936,0.11797207592311482,0.9383929103724435],""quaternion_xyzw"":[0.002251088091492853,0.7077061030915409,0.7064997314595235,-0.002265766318701498]},""cream_cheese_1"":{""position"":[0.23116973691605167,0.3641985202411927,0.9089214774186077],""quaternion_xyzw"":[-5.914940363507091e-17,1.7526156516323007e-17,1.0,-3.699709510291095e-19]},""plate_1"":{""position"":[-0.1473281123632023,0.014120401122721109,0.902503113014826],""quaternion_xyzw"":[-1.4449747575388793e-05,1.5053837946309502e-05,0.707106751124542,0.7071068109406681]},""white_yellow_mug_1"":{""position"":[0.24288623822250996,-0.12203602251682263,0.9000940748299845],""quaternion_xyzw"":[-7.4778836781545525e-06,-1.0947825020269396e-05,0.7071071218390034,-0.7071064404096367]}}",{},True,1,0.0,0.0,0.0,True,True,[],True,
libero_36_proxy_tabletop_draft_v4,libero_registered_object_36_proxy_tabletop,libero_36_oracle_goal_v1,gate4_terminal_goal_semantics,full,1,0,akita_black_bowl*put_on_top*middle,akita_black_bowl,put_on_top,middle,relation_negative,1,460011,akita_black_bowl_1,plate_1,right,/root/smolvla-libero-compositional-generalization/data/libero_36/bddl/task_001_layout_0_akita_black_bowl_put_on_top_middle.bddl,0de2f6921d3fff9e955963579dbd58cc20547c2e71e8ee6df58937d8c7997190,0e1c600af427b54856ceee6425ca19b84f44c8d80873d0e3abd3736726e6b135,"{""akita_black_bowl"":0,""alphabet_soup"":2,""cream_cheese"":3,""white_yellow_mug"":1}","[[""on"",""akita_black_bowl_1"",""main_table_target_right_region""],[""on"",""white_yellow_mug_1"",""main_table_source_slot_1_region""],[""on"",""alphabet_soup_1"",""main_table_source_slot_2_region""],[""on"",""cream_cheese_1"",""main_table_source_slot_3_region""],[""on"",""plate_1"",""main_table_target_middle_region""]]",deterministic_bddl_init_substitution_using_libero_conditional_and_table_region_samplers,1,"{""camera_id"":2,""camera_name"":""agentview"",""camera_protocol_version"":""libero_36_agentview_v1"",""fovy_deg"":75.0,""height"":128,""position_m"":[0.6586131746834771,0.0,1.6103500240372424],""pre_apply_fovy_deg"":45.0,""quaternion_wxyz"":[0.6380177212293417,0.30484971880648903,0.30484983801576876,0.6380177212293417],""width"":128}",True,True,False,True,False,False,not_applicable,True,9,"[false,false,false,false,false,false,false,false,false]","[true,true,true,true,true,true,true,true,true]","[false,false,false,false,false,false,false,false,false]","[false,false,false,false,false,false,false,false,false,false,false,false,false,false,false,false,false,false,false,false]","[true,true,true,true,true,true,true,true,true,true,true,true,true,true,true,true,true,true,true,true]","[false,false,false,false,false,false,false,false,false,false,false,false,false,false,false,false,false,false,false,false]","[true,true,true,true,true,true,true,true,true,true,true,true,true,true,true,true,true,true,true,true]","[true,true,true,true,true,true,true,true,true,true,true,true,true,true,true,true,true,true,true,true]","[[],[],[],[],[],[],[],[],[],[],[],[],[],[],[],[],[],[],[],[]]",True,True,True,True,True,True,True,True,0.0,1.7075472925031877e-06,True,"{""akita_black_bowl_1"":{""position"":[-0.10821867416896556,0.23435086669915547,0.8984070750855586],""quaternion_xyzw"":[-1.3874754374372188e-05,1.6673001080760732e-06,0.7071067792293568,0.7071067830056482]},""alphabet_soup_1"":{""position"":[0.22892221589506653,0.1240055352570471,0.9383929103723911],""quaternion_xyzw"":[0.0022510880915341995,0.7077061030915651,0.7064997314594988,-0.002265766318742601]},""cream_cheese_1"":{""position"":[0.23664420314278659,0.35834698515663266,0.9089214774181752],""quaternion_xyzw"":[0.0,0.0,1.0,0.0]},""plate_1"":{""position"":[-0.13055437089341052,0.04238850664017971,0.9025063385199519],""quaternion_xyzw"":[-1.3218929662284037e-05,5.905203457686346e-06,0.7071067522302278,0.7071068099946484]},""white_yellow_mug_1"":{""position"":[0.24001093883046343,-0.12593182011726797,0.9000940748168837],""quaternion_xyzw"":[-7.477882464138562e-06,-1.0947823345995558e-05,0.7071071218390036,-0.7071064404096369]}}","{""akita_black_bowl_1"":{""position"":[-0.10821867416896193,0.23435086669915098,0.8984070750980836],""quaternion_xyzw"":[-1.3874755319823029e-05,1.667300234266652e-06,0.7071067792293568,0.7071067830056482]},""alphabet_soup_1"":{""position"":[0.2289222158950622,0.1240055352570445,0.9383929103724437],""quaternion_xyzw"":[0.0022510880914928615,0.7077061030915408,0.7064997314595234,-0.002265766318701473]},""cream_cheese_1"":{""position"":[0.23664420314278659,0.35834698515663266,0.9089214774186077],""quaternion_xyzw"":[0.0,0.0,1.0,0.0]},""plate_1"":{""position"":[-0.1305543708934121,0.04238850664018495,0.902506338529415],""quaternion_xyzw"":[-1.3218930757379945e-05,5.905204028432055e-06,0.7071067522302278,0.7071068099946484]},""white_yellow_mug_1"":{""position"":[0.2400109388304633,-0.12593182011726714,0.9000940748299845],""quaternion_xyzw"":[-7.4778836781490815e-06,-1.0947825020268164e-05,0.7071071218390034,-0.7071064404096367]}}",{},True,1,0.0,0.0,0.0,True,True,[],True,
libero_36_proxy_tabletop_draft_v4,libero_registered_object_36_proxy_tabletop,libero_36_oracle_goal_v1,gate4_terminal_goal_semantics,full,1,0,akita_black_bowl*put_on_top*middle,akita_black_bowl,put_on_top,middle,receiver_region_negative,2,460012,akita_black_bowl_1,plate_1,right,/root/smolvla-libero-compositional-generalization/data/libero_36/bddl/task_001_layout_0_akita_black_bowl_put_on_top_middle.bddl,0de2f6921d3fff9e955963579dbd58cc20547c2e71e8ee6df58937d8c7997190,da86caf852cdda3eccb1fa2b7e2734b84dd156079c16e989155ba5a05e4bcd01,"{""akita_black_bowl"":0,""alphabet_soup"":2,""cream_cheese"":3,""white_yellow_mug"":1}","[[""on"",""akita_black_bowl_1"",""plate_1""],[""on"",""white_yellow_mug_1"",""main_table_source_slot_1_region""],[""on"",""alphabet_soup_1"",""main_table_source_slot_2_region""],[""on"",""cream_cheese_1"",""main_table_source_slot_3_region""],[""on"",""plate_1"",""main_table_target_right_region""]]",deterministic_bddl_init_substitution_using_libero_conditional_and_table_region_samplers,1,"{""camera_id"":2,""camera_name"":""agentview"",""camera_protocol_version"":""libero_36_agentview_v1"",""fovy_deg"":75.0,""height"":128,""position_m"":[0.6586131746834771,0.0,1.6103500240372424],""pre_apply_fovy_deg"":45.0,""quaternion_wxyz"":[0.6380177212293417,0.30484971880648903,0.30484983801576876,0.6380177212293417],""width"":128}",True,True,True,False,False,False,not_applicable,True,10,"[false,false,false,true,true,true,true,true,true,true]","[false,false,false,false,false,false,false,false,false,false]","[false,false,false,false,false,false,false,false,false,false]","[true,true,true,true,true,true,true,true,true,true,true,true,true,true,true,true,true,true,true,true]","[false,false,false,false,false,false,false,false,false,false,false,false,false,false,false,false,false,false,false,false]","[false,false,false,false,false,false,false,false,false,false,false,false,false,false,false,false,false,false,false,false]","[true,true,true,true,true,true,true,true,true,true,true,true,true,true,true,true,true,true,true,true]","[true,true,true,true,true,true,true,true,true,true,true,true,true,true,true,true,true,true,true,true]","[[],[],[],[],[],[],[],[],[],[],[],[],[],[],[],[],[],[],[],[]]",True,True,True,True,True,True,True,True,1.8681991772830092e-10,1.7075472925031877e-06,True,"{""akita_black_bowl_1"":{""position"":[-0.12294030726234902,0.21918782072981802,0.9062483207215521],""quaternion_xyzw"":[0.009035989787439504,-0.009036313072430933,0.7070814245613014,0.7070166582018976]},""alphabet_soup_1"":{""position"":[0.2274955113807011,0.11032047107515813,0.9383929103724417],""quaternion_xyzw"":[0.002251088091494522,0.7077061030915417,0.7064997314595226,-0.0022657663187032493]},""cream_cheese_1"":{""position"":[0.23005801042466603,0.36445432322197036,0.9089214774185893],""quaternion_xyzw"":[0.0,0.0,1.0,0.0]},""plate_1"":{""position"":[-0.12298027251346828,0.2197734485262239,0.9025031130141006],""quaternion_xyzw"":[-1.444975271830645e-05,1.5053842589841962e-05,0.7071067511247082,0.7071068109405018]},""white_yellow_mug_1"":{""position"":[0.2292739551319753,-0.11537827013990525,0.9000940748294017],""quaternion_xyzw"":[-7.477883618708877e-06,-1.0947824938045885e-05,0.7071071218390034,-0.7071064404096367]}}","{""akita_black_bowl_1"":{""position"":[-0.12294030726197824,0.21918781699463774,0.9062483206267838],""quaternion_xyzw"":[0.009035989743753008,-0.009036313125900492,0.7070814283814542,0.70701665438127]},""alphabet_soup_1"":{""position"":[0.22749551138070098,0.11032047107515802,0.9383929103724435],""quaternion_xyzw"":[0.0022510880914927045,0.7077061030915408,0.7064997314595235,-0.002265766318701615]},""cream_cheese_1"":{""position"":[0.23005801042466603,0.36445432322197036,0.9089214774186077],""quaternion_xyzw"":[0.0,0.0,1.0,0.0]},""plate_1"":{""position"":[-0.12298027251346265,0.21977344852618208,0.902503113014826],""quaternion_xyzw"":[-1.4449747575420659e-05,1.5053837946317863e-05,0.7071067511245418,0.7071068109406684]},""white_yellow_mug_1"":{""position"":[0.2292739551319753,-0.11537827013990525,0.9000940748299845],""quaternion_xyzw"":[-7.47788367816399e-06,-1.094782502027311e-05,0.7071071218390034,-0.7071064404096367]}}",{},True,1,0.0,0.0,0.0,True,True,[],True,
libero_36_proxy_tabletop_draft_v4,libero_registered_object_36_proxy_tabletop,libero_36_oracle_goal_v1,gate4_terminal_goal_semantics,full,2,0,akita_black_bowl*put_on_top*right,akita_black_bowl,put_on_top,right,positive,0,460020,akita_black_bowl_1,plate_1,left,/root/smolvla-libero-compositional-generalization/data/libero_36/bddl/task_002_layout_0_akita_black_bowl_put_on_top_right.bddl,4a163e2acab57b746c5ddf0dc9a41abf38785593ae1a663483c267d26e6cce39,9a6fba57fb6e3d062147f0686585ba4859969ad33a54c6a1e5f7d803719a9712,"{""akita_black_bowl"":0,""alphabet_soup"":2,""cream_cheese"":3,""white_yellow_mug"":1}","[[""on"",""akita_black_bowl_1"",""plate_1""],[""on"",""white_yellow_mug_1"",""main_table_source_slot_1_region""],[""on"",""alphabet_soup_1"",""main_table_source_slot_2_region""],[""on"",""cream_cheese_1"",""main_table_source_slot_3_region""],[""on"",""plate_1"",""main_table_target_right_region""]]",deterministic_bddl_init_substitution_using_libero_conditional_and_table_region_samplers,1,"{""camera_id"":2,""camera_name"":""agentview"",""camera_protocol_version"":""libero_36_agentview_v1"",""fovy_deg"":75.0,""height"":128,""position_m"":[0.6586131746834771,0.0,1.6103500240372424],""pre_apply_fovy_deg"":45.0,""quaternion_wxyz"":[0.6380177212293417,0.30484971880648903,0.30484983801576876,0.6380177212293417],""width"":128}",True,True,True,True,True,False,not_applicable,True,10,"[false,false,false,true,true,true,true,true,true,true]","[true,true,true,true,true,true,true,true,true,true]","[false,false,false,true,true,true,true,true,true,true]","[true,true,true,true,true,true,true,true,true,true,true,true,true,true,true,true,true,true,true,true]","[true,true,true,true,true,true,true,true,true,true,true,true,true,true,true,true,true,true,true,true]","[true,true,true,true,true,true,true,true,true,true,true,true,true,true,true,true,true,true,true,true]","[true,true,true,true,true,true,true,true,true,true,true,true,true,true,true,true,true,true,true,true]","[true,true,true,true,true,true,true,true,true,true,true,true,true,true,true,true,true,true,true,true]","[[],[],[],[],[],[],[],[],[],[],[],[],[],[],[],[],[],[],[],[]]",True,True,True,True,True,True,True,True,1.868199177310823e-10,1.7075472925031877e-06,True,"{""akita_black_bowl_1"":{""position"":[-0.16178112633686662,0.21397059286408132,0.9062483207215521],""quaternion_xyzw"":[0.009035989787439499,-0.009036313072431065,0.7070814245613014,0.7070166582018979]},""alphabet_soup_1"":{""position"":[0.24296485634618412,0.11320712067878753,0.9383929103724417],""quaternion_xyzw"":[0.002251088091494687,0.7077061030915417,0.7064997314595225,-0.002265766318703156]},""cream_cheese_1"":{""position"":[0.2359213972039786,0.36283705085073287,0.9089214774185893],""quaternion_xyzw"":[-2.741807611320966e-17,9.197275502069329e-18,1.0,3.6363762356104164e-25]},""plate_1"":{""position"":[-0.16182109158798552,0.21455622066048743,0.9025031130141006],""quaternion_xyzw"":[-1.444975271832755e-05,1.505384258981688e-05,0.7071067511247084,0.7071068109405017]},""white_yellow_mug_1"":{""position"":[0.24336675557486692,-0.12236296056759269,0.9000940748294017],""quaternion_xyzw"":[-7.477883618715851e-06,-1.0947824938058646e-05,0.7071071218390034,-0.7071064404096367]}}","{""akita_black_bowl_1"":{""position"":[-0.16178112633649475,0.21397058912890105,0.9062483206267838],""quaternion_xyzw"":[0.009035989743752873,-0.009036313125900499,0.7070814283814539,0.70701665438127]},""alphabet_soup_1"":{""position"":[0.242964856346184,0.11320712067878742,0.9383929103724435],""quaternion_xyzw"":[0.002251088091492782,0.7077061030915409,0.7064997314595235,-0.0022657663187015437]},""cream_cheese_1"":{""position"":[0.2359213972039786,0.36283705085073287,0.9089214774186077],""quaternion_xyzw"":[-4.038527818115571e-17,1.0474893241606492e-17,1.0,4.502219472018669e-18]},""plate_1"":{""position"":[-0.16182109158798633,0.2145562206604456,0.902503113014826],""quaternion_xyzw"":[-1.4449747575394006e-05,1.5053837946319275e-05,0.7071067511245419,0.7071068109406682]},""white_yellow_mug_1"":{""position"":[0.24336675557486692,-0.12236296056759269,0.9000940748299845],""quaternion_xyzw"":[-7.477883678162736e-06,-1.0947825020270565e-05,0.7071071218390034,-0.7071064404096367]}}",{},True,1,0.0,0.0,0.0,True,True,[],True,
libero_36_proxy_tabletop_draft_v4,libero_registered_object_36_proxy_tabletop,libero_36_oracle_goal_v1,gate4_terminal_goal_semantics,full,2,0,akita_black_bowl*put_on_top*right,akita_black_bowl,put_on_top,right,relation_negative,1,460021,akita_black_bowl_1,plate_1,left,/root/smolvla-libero-compositional-generalization/data/libero_36/bddl/task_002_layout_0_akita_black_bowl_put_on_top_right.bddl,4a163e2acab57b746c5ddf0dc9a41abf38785593ae1a663483c267d26e6cce39,d21a1e1b9c0c761774da904c1b729c0bbb86c10b499eeb2b5e52fcad373c8892,"{""akita_black_bowl"":0,""alphabet_soup"":2,""cream_cheese"":3,""white_yellow_mug"":1}","[[""on"",""akita_black_bowl_1"",""main_table_target_left_region""],[""on"",""white_yellow_mug_1"",""main_table_source_slot_1_region""],[""on"",""alphabet_soup_1"",""main_table_source_slot_2_region""],[""on"",""cream_cheese_1"",""main_table_source_slot_3_region""],[""on"",""plate_1"",""main_table_target_right_region""]]",deterministic_bddl_init_substitution_using_libero_conditional_and_table_region_samplers,1,"{""camera_id"":2,""camera_name"":""agentview"",""camera_protocol_version"":""libero_36_agentview_v1"",""fovy_deg"":75.0,""height"":128,""position_m"":[0.6586131746834771,0.0,1.6103500240372424],""pre_apply_fovy_deg"":45.0,""quaternion_wxyz"":[0.6380177212293417,0.30484971880648903,0.30484983801576876,0.6380177212293417],""width"":128}",True,True,False,True,False,False,not_applicable,True,9,"[false,false,false,false,false,false,false,false,false]","[true,true,true,true,true,true,true,true,true]","[false,false,false,false,false,false,false,false,false]","[false,false,false,false,false,false,false,false,false,false,false,false,false,false,false,false,false,false,false,false]","[true,true,true,true,true,true,true,true,true,true,true,true,true,true,true,true,true,true,true,true]","[false,false,false,false,false,false,false,false,false,false,false,false,false,false,false,false,false,false,false,false]","[true,true,true,true,true,true,true,true,true,true,true,true,true,true,true,true,true,true,true,true]","[true,true,true,true,true,true,true,true,true,true,true,true,true,true,true,true,true,true,true,true]","[[],[],[],[],[],[],[],[],[],[],[],[],[],[],[],[],[],[],[],[]]",True,True,True,True,True,True,True,True,0.0,1.7075472925031877e-06,True,"{""akita_black_bowl_1"":{""position"":[-0.1729213937195753,-0.1974815566601303,0.8984070750855586],""quaternion_xyzw"":[-1.3874754374374643e-05,1.6673001080750101e-06,0.7071067792293568,0.7071067830056482]},""alphabet_soup_1"":{""position"":[0.2298771995537338,0.12627876833961918,0.9383929103723911],""quaternion_xyzw"":[0.002251088091534022,0.7077061030915653,0.7064997314594988,-0.002265766318742694]},""cream_cheese_1"":{""position"":[0.23985712592247715,0.3584344902439855,0.9089214774181752],""quaternion_xyzw"":[-2.4959088902414922e-17,5.929620421294556e-18,1.0,3.636348498357565e-25]},""plate_1"":{""position"":[-0.11163550325839229,0.19392010709727484,0.9025063385199519],""quaternion_xyzw"":[-1.321892966228436e-05,5.9052034576784835e-06,0.7071067522302278,0.7071068099946484]},""white_yellow_mug_1"":{""position"":[0.22826177436854944,-0.12323622763729217,0.9000940748168837],""quaternion_xyzw"":[-7.477882464141397e-06,-1.0947823345992745e-05,0.7071071218390036,-0.7071064404096369]}}","{""akita_black_bowl_1"":{""position"":[-0.17292139371957177,-0.19748155666013478,0.8984070750980836],""quaternion_xyzw"":[-1.387475531982717e-05,1.6673002342710312e-06,0.7071067792293568,0.7071067830056482]},""alphabet_soup_1"":{""position"":[0.2298771995537295,0.12627876833961663,0.9383929103724437],""quaternion_xyzw"":[0.0022510880914926737,0.7077061030915407,0.7064997314595236,-0.0022657663187015922]},""cream_cheese_1"":{""position"":[0.23985712592247715,0.3584344902439855,0.9089214774186077],""quaternion_xyzw"":[-3.444036642706219e-17,1.1111650016965303e-17,1.0,1.355096668941341e-18]},""plate_1"":{""position"":[-0.11163550325839394,0.19392010709727991,0.902506338529415],""quaternion_xyzw"":[-1.3218930757418906e-05,5.905204028440623e-06,0.7071067522302278,0.7071068099946484]},""white_yellow_mug_1"":{""position"":[0.2282617743685493,-0.12323622763729127,0.9000940748299845],""quaternion_xyzw"":[-7.47788367815502e-06,-1.0947825020269653e-05,0.7071071218390034,-0.7071064404096367]}}",{},True,1,0.0,0.0,0.0,True,True,[],True,
libero_36_proxy_tabletop_draft_v4,libero_registered_object_36_proxy_tabletop,libero_36_oracle_goal_v1,gate4_terminal_goal_semantics,full,2,0,akita_black_bowl*put_on_top*right,akita_black_bowl,put_on_top,right,receiver_region_negative,2,460022,akita_black_bowl_1,plate_1,left,/root/smolvla-libero-compositional-generalization/data/libero_36/bddl/task_002_layout_0_akita_black_bowl_put_on_top_right.bddl,4a163e2acab57b746c5ddf0dc9a41abf38785593ae1a663483c267d26e6cce39,afb9d20ec9214f6c70b01215cf65b9ba880ce2eb2d88380819d77932e7dce730,"{""akita_black_bowl"":0,""alphabet_soup"":2,""cream_cheese"":3,""white_yellow_mug"":1}","[[""on"",""akita_black_bowl_1"",""plate_1""],[""on"",""white_yellow_mug_1"",""main_table_source_slot_1_region""],[""on"",""alphabet_soup_1"",""main_table_source_slot_2_region""],[""on"",""cream_cheese_1"",""main_table_source_slot_3_region""],[""on"",""plate_1"",""main_table_target_left_region""]]",deterministic_bddl_init_substitution_using_libero_conditional_and_table_region_samplers,1,"{""camera_id"":2,""camera_name"":""agentview"",""camera_protocol_version"":""libero_36_agentview_v1"",""fovy_deg"":75.0,""height"":128,""position_m"":[0.6586131746834771,0.0,1.6103500240372424],""pre_apply_fovy_deg"":45.0,""quaternion_wxyz"":[0.6380177212293417,0.30484971880648903,0.30484983801576876,0.6380177212293417],""width"":128}",True,True,True,False,False,False,not_applicable,True,10,"[false,false,false,true,true,true,true,true,true,true]","[false,false,false,false,false,false,false,false,false,false]","[false,false,false,false,false,false,false,false,false,false]","[true,true,true,true,true,true,true,true,true,true,true,true,true,true,true,true,true,true,true,true]","[false,false,false,false,false,false,false,false,false,false,false,false,false,false,false,false,false,false,false,false]","[false,false,false,false,false,false,false,false,false,false,false,false,false,false,false,false,false,false,false,false]","[true,true,true,true,true,true,true,true,true,true,true,true,true,true,true,true,true,true,true,true]","[true,true,true,true,true,true,true,true,true,true,true,true,true,true,true,true,true,true,true,true]","[[],[],[],[],[],[],[],[],[],[],[],[],[],[],[],[],[],[],[],[]]",True,True,True,True,True,True,True,True,1.868199177269118e-10,1.7075472925031877e-06,True,"{""akita_black_bowl_1"":{""position"":[-0.08952434970283871,-0.1730478604309282,0.9062483207215521],""quaternion_xyzw"":[0.009035989787439525,-0.009036313072430975,0.7070814245613014,0.7070166582018979]},""alphabet_soup_1"":{""position"":[0.23121629946093958,0.11719677340094048,0.9383929103724417],""quaternion_xyzw"":[0.002251088091494664,0.7077061030915417,0.7064997314595225,-0.002265766318703114]},""cream_cheese_1"":{""position"":[0.23940916817169686,0.3632868683817717,0.9089214774185893],""quaternion_xyzw"":[-6.369574897746715e-17,1.1386075981537146e-17,1.0,1.9219008040796417e-25]},""plate_1"":{""position"":[-0.08956431495395795,-0.17246223263452212,0.9025031130141006],""quaternion_xyzw"":[-1.4449752718314026e-05,1.5053842589857329e-05,0.7071067511247084,0.7071068109405015]},""white_yellow_mug_1"":{""position"":[0.2348955967419293,-0.11511925384994522,0.9000940748294017],""quaternion_xyzw"":[-7.477883618712162e-06,-1.0947824938045385e-05,0.7071071218390034,-0.7071064404096367]}}","{""akita_black_bowl_1"":{""position"":[-0.08952434970246792,-0.17304786416610848,0.9062483206267838],""quaternion_xyzw"":[0.00903598974375298,-0.009036313125900385,0.7070814283814539,0.70701665438127]},""alphabet_soup_1"":{""position"":[0.23121629946093947,0.11719677340094037,0.9383929103724435],""quaternion_xyzw"":[0.002251088091492786,0.7077061030915409,0.7064997314595235,-0.0022657663187015285]},""cream_cheese_1"":{""position"":[0.23940916817169686,0.3632868683817717,0.9089214774186077],""quaternion_xyzw"":[-5.990392200168265e-17,1.1077225060242204e-17,1.0,4.13708624182461e-19]},""plate_1"":{""position"":[-0.08956431495395231,-0.17246223263456395,0.902503113014826],""quaternion_xyzw"":[-1.4449747575393862e-05,1.5053837946315652e-05,0.707106751124542,0.7071068109406682]},""white_yellow_mug_1"":{""position"":[0.2348955967419293,-0.11511925384994522,0.9000940748299845],""quaternion_xyzw"":[-7.4778836781607434e-06,-1.0947825020275652e-05,0.7071071218390034,-0.7071064404096367]}}",{},True,1,0.0,0.0,0.0,True,True,[],True,
libero_36_proxy_tabletop_draft_v4,libero_registered_object_36_proxy_tabletop,libero_36_oracle_goal_v1,gate4_terminal_goal_semantics,full,3,0,akita_black_bowl*put_inside*left,akita_black_bowl,put_inside,left,positive,0,460030,akita_black_bowl_1,basket_1,middle,/root/smolvla-libero-compositional-generalization/data/libero_36/bddl/task_003_layout_0_akita_black_bowl_put_inside_left.bddl,2adde8fd8e8204d2bc6d649837bdd81275026cf6f5ff134dbc91df16c571c236,2cf1cb6aef0b7b932c61fd60f619cdbf499c8b668bf04a5d159ae5ca34d7fc03,"{""akita_black_bowl"":0,""alphabet_soup"":2,""cream_cheese"":3,""white_yellow_mug"":1}","[[""in"",""akita_black_bowl_1"",""basket_1_contain_region""],[""on"",""white_yellow_mug_1"",""main_table_source_slot_1_region""],[""on"",""alphabet_soup_1"",""main_table_source_slot_2_region""],[""on"",""cream_cheese_1"",""main_table_source_slot_3_region""],[""on"",""basket_1"",""main_table_target_left_region""]]",deterministic_bddl_init_substitution_using_libero_conditional_and_table_region_samplers,1,"{""camera_id"":2,""camera_name"":""agentview"",""camera_protocol_version"":""libero_36_agentview_v1"",""fovy_deg"":75.0,""height"":128,""position_m"":[0.6586131746834771,0.0,1.6103500240372424],""pre_apply_fovy_deg"":45.0,""quaternion_wxyz"":[0.6380177212293417,0.30484971880648903,0.30484983801576876,0.6380177212293417],""width"":128}",True,True,True,True,True,False,not_applicable,True,10,"[true,true,true,true,true,true,true,true,true,true]","[true,true,true,true,true,true,true,true,true,true]","[true,true,true,true,true,true,true,true,true,true]","[true,true,true,true,true,true,true,true,true,true,true,true,true,true,true,true,true,true,true,true]","[true,true,true,true,true,true,true,true,true,true,true,true,true,true,true,true,true,true,true,true]","[true,true,true,true,true,true,true,true,true,true,true,true,true,true,true,true,true,true,true,true]","[true,true,true,true,true,true,true,true,true,true,true,true,true,true,true,true,true,true,true,true]","[true,true,true,true,true,true,true,true,true,true,true,true,true,true,true,true,true,true,true,true]","[[],[],[],[],[],[],[],[],[],[],[],[],[],[],[],[],[],[],[],[]]",True,True,True,True,True,True,True,True,1.3256738189514616e-14,1.7075472925031877e-06,True,"{""akita_black_bowl_1"":{""position"":[-0.1715554597037622,-0.24207153692068856,0.9153948575333539],""quaternion_xyzw"":[7.100404196159217e-07,-1.0066417762002767e-06,0.7071068030766628,0.7071067592953586]},""alphabet_soup_1"":{""position"":[0.23782195660229705,0.118005624806429,0.9383929103724418],""quaternion_xyzw"":[0.00225108809149462,0.7077061030915417,0.7064997314595225,-0.00226576631870313]},""basket_1"":{""position"":[-0.17161164313070573,-0.24184072131688922,0.8954170582354405],""quaternion_xyzw"":[-0.0016942113386672064,0.0016939833821108226,0.7071047529386498,0.7071047506839508]},""cream_cheese_1"":{""position"":[0.2382987906851365,0.36154143303567493,0.9089214774185893],""quaternion_xyzw"":[0.0,0.0,1.0,0.0]},""white_yellow_mug_1"":{""position"":[0.23029587805949886,-0.11159876329298307,0.9000940748294017],""quaternion_xyzw"":[-7.477883618708615e-06,-1.0947824938044716e-05,0.7071071218390034,-0.7071064404096367]}}","{""akita_black_bowl_1"":{""position"":[-0.17155545970378996,-0.2420715369209466,0.9153948575341208],""quaternion_xyzw"":[7.100402940852071e-07,-1.006641647209933e-06,0.7071068030769959,0.7071067592950255]},""alphabet_soup_1"":{""position"":[0.23782195660229694,0.11800562480642889,0.9383929103724437],""quaternion_xyzw"":[0.002251088091492834,0.7077061030915408,0.7064997314595234,-0.0022657663187014765]},""basket_1"":{""position"":[-0.17161164313070573,-0.24184072131689083,0.8954170582362071],""quaternion_xyzw"":[-0.0016942113387957577,0.0016939833822422973,0.7071047529386496,0.7071047506839506]},""cream_cheese_1"":{""position"":[0.2382987906851365,0.36154143303567493,0.9089214774186077],""quaternion_xyzw"":[0.0,0.0,1.0,0.0]},""white_yellow_mug_1"":{""position"":[0.23029587805949886,-0.11159876329298307,0.9000940748299845],""quaternion_xyzw"":[-7.477883678153719e-06,-1.0947825020270378e-05,0.7071071218390034,-0.7071064404096367]}}",{},True,1,0.0,0.0,0.0,True,True,[],True,
libero_36_proxy_tabletop_draft_v4,libero_registered_object_36_proxy_tabletop,libero_36_oracle_goal_v1,gate4_terminal_goal_semantics,full,3,0,akita_black_bowl*put_inside*left,akita_black_bowl,put_inside,left,relation_negative,1,460031,akita_black_bowl_1,basket_1,middle,/root/smolvla-libero-compositional-generalization/data/libero_36/bddl/task_003_layout_0_akita_black_bowl_put_inside_left.bddl,2adde8fd8e8204d2bc6d649837bdd81275026cf6f5ff134dbc91df16c571c236,f42e5ee17d8e13cdbdaad083d30d361e9529e8a5934ba57e2370cf6c3b70c47a,"{""akita_black_bowl"":0,""alphabet_soup"":2,""cream_cheese"":3,""white_yellow_mug"":1}","[[""on"",""akita_black_bowl_1"",""main_table_target_middle_region""],[""on"",""white_yellow_mug_1"",""main_table_source_slot_1_region""],[""on"",""alphabet_soup_1"",""main_table_source_slot_2_region""],[""on"",""cream_cheese_1"",""main_table_source_slot_3_region""],[""on"",""basket_1"",""main_table_target_left_region""]]",deterministic_bddl_init_substitution_using_libero_conditional_and_table_region_samplers,1,"{""camera_id"":2,""camera_name"":""agentview"",""camera_protocol_version"":""libero_36_agentview_v1"",""fovy_deg"":75.0,""height"":128,""position_m"":[0.6586131746834771,0.0,1.6103500240372424],""pre_apply_fovy_deg"":45.0,""quaternion_wxyz"":[0.6380177212293417,0.30484971880648903,0.30484983801576876,0.6380177212293417],""width"":128}",True,True,False,True,False,False,not_applicable,True,9,"[false,false,false,false,false,false,false,false,false]","[true,true,true,true,true,true,true,true,true]","[false,false,false,false,false,false,false,false,false]","[false,false,false,false,false,false,false,false,false,false,false,false,false,false,false,false,false,false,false,false]","[true,true,true,true,true,true,true,true,true,true,true,true,true,true,true,true,true,true,true,true]","[false,false,false,false,false,false,false,false,false,false,false,false,false,false,false,false,false,false,false,false]","[true,true,true,true,true,true,true,true,true,true,true,true,true,true,true,true,true,true,true,true]","[true,true,true,true,true,true,true,true,true,true,true,true,true,true,true,true,true,true,true,true]","[[],[],[],[],[],[],[],[],[],[],[],[],[],[],[],[],[],[],[],[]]",True,True,True,True,True,True,True,True,0.0,1.7075472925031877e-06,True,"{""akita_black_bowl_1"":{""position"":[-0.11870448590817136,-0.014469562812416679,0.8984070750855586],""quaternion_xyzw"":[-1.3874754374372022e-05,1.667300108076299e-06,0.7071067792293568,0.7071067830056482]},""alphabet_soup_1"":{""position"":[0.24477345061836514,0.1278548682000922,0.938392910372391],""quaternion_xyzw"":[0.0022510880915341293,0.7077061030915652,0.7064997314594987,-0.0022657663187425833]},""basket_1"":{""position"":[-0.10155168297829598,-0.20500892076188007,0.8954176546581495],""quaternion_xyzw"":[-0.001694211823302476,0.0016940206597040757,0.7071047529253541,0.7071047506067798]},""cream_cheese_1"":{""position"":[0.2338770164568351,0.3561918787420873,0.9089214774181752],""quaternion_xyzw"":[0.0,0.0,1.0,0.0]},""white_yellow_mug_1"":{""position"":[0.22881425725528146,-0.12583589869789594,0.9000940748168837],""quaternion_xyzw"":[-7.4778824641344274e-06,-1.0947823346004e-05,0.7071071218390036,-0.7071064404096369]}}","{""akita_black_bowl_1"":{""position"":[-0.11870448590816772,-0.014469562812421333,0.8984070750980836],""quaternion_xyzw"":[-1.3874755319814018e-05,1.667300234262541e-06,0.7071067792293568,0.7071067830056482]},""alphabet_soup_1"":{""position"":[0.24477345061836084,0.12785486820008965,0.9383929103724435],""quaternion_xyzw"":[0.002251088091492812,0.7077061030915408,0.7064997314595235,-0.00226576631870152]},""basket_1"":{""position"":[-0.10155168297829575,-0.20500892076191898,0.8954176546734635],""quaternion_xyzw"":[-0.0016942118263254778,0.0016940206626867302,0.707104752925347,0.7071047506067727]},""cream_cheese_1"":{""position"":[0.2338770164568351,0.3561918787420873,0.9089214774186077],""quaternion_xyzw"":[0.0,0.0,1.0,0.0]},""white_yellow_mug_1"":{""position"":[0.22881425725528132,-0.1258358986978951,0.9000940748299845],""quaternion_xyzw"":[-7.477883678152886e-06,-1.0947825020271854e-05,0.7071071218390034,-0.7071064404096367]}}",{},True,1,0.0,0.0,0.0,True,True,[],True,
libero_36_proxy_tabletop_draft_v4,libero_registered_object_36_proxy_tabletop,libero_36_oracle_goal_v1,gate4_terminal_goal_semantics,full,3,0,akita_black_bowl*put_inside*left,akita_black_bowl,put_inside,left,receiver_region_negative,2,460032,akita_black_bowl_1,basket_1,middle,/root/smolvla-libero-compositional-generalization/data/libero_36/bddl/task_003_layout_0_akita_black_bowl_put_inside_left.bddl,2adde8fd8e8204d2bc6d649837bdd81275026cf6f5ff134dbc91df16c571c236,fb9eaf992fb9ec2c095dceb61d8ddebd502c9c99258fe52ab554d7362564e22f,"{""akita_black_bowl"":0,""alphabet_soup"":2,""cream_cheese"":3,""white_yellow_mug"":1}","[[""in"",""akita_black_bowl_1"",""basket_1_contain_region""],[""on"",""white_yellow_mug_1"",""main_table_source_slot_1_region""],[""on"",""alphabet_soup_1"",""main_table_source_slot_2_region""],[""on"",""cream_cheese_1"",""main_table_source_slot_3_region""],[""on"",""basket_1"",""main_table_target_middle_region""]]",deterministic_bddl_init_substitution_using_libero_conditional_and_table_region_samplers,1,"{""camera_id"":2,""camera_name"":""agentview"",""camera_protocol_version"":""libero_36_agentview_v1"",""fovy_deg"":75.0,""height"":128,""position_m"":[0.6586131746834771,0.0,1.6103500240372424],""pre_apply_fovy_deg"":45.0,""quaternion_wxyz"":[0.6380177212293417,0.30484971880648903,0.30484983801576876,0.6380177212293417],""width"":128}",True,True,True,False,False,False,not_applicable,True,10,"[true,true,true,true,true,true,true,true,true,true]","[false,false,false,false,false,false,false,false,false,false]","[false,false,false,false,false,false,false,false,false,false]","[true,true,true,true,true,true,true,true,true,true,true,true,true,true,true,true,true,true,true,true]","[false,false,false,false,false,false,false,false,false,false,false,false,false,false,false,false,false,false,false,false]","[false,false,false,false,false,false,false,false,false,false,false,false,false,false,false,false,false,false,false,false]","[true,true,true,true,true,true,true,true,true,true,true,true,true,true,true,true,true,true,true,true]","[true,true,true,true,true,true,true,true,true,true,true,true,true,true,true,true,true,true,true,true]","[[],[],[],[],[],[],[],[],[],[],[],[],[],[],[],[],[],[],[],[]]",True,True,True,True,True,True,True,True,1.3170481721646353e-14,1.7075472925031877e-06,True,"{""akita_black_bowl_1"":{""position"":[-0.15208420764926853,-0.0231780995365018,0.9153948575333539],""quaternion_xyzw"":[7.100404196178162e-07,-1.0066417762106005e-06,0.7071068030766627,0.7071067592953587]},""alphabet_soup_1"":{""position"":[0.23006287804294345,0.11693092702588224,0.9383929103724418],""quaternion_xyzw"":[0.0022510880914945585,0.7077061030915418,0.7064997314595226,-0.0022657663187032454]},""basket_1"":{""position"":[-0.15214039107621188,-0.022947283932702393,0.8954170582354405],""quaternion_xyzw"":[-0.0016942113386672086,0.001693983382110823,0.7071047529386498,0.7071047506839508]},""cream_cheese_1"":{""position"":[0.23968405077256624,0.35789515456530463,0.9089214774185893],""quaternion_xyzw"":[-3.73746504525129e-17,1.0393442593302202e-17,1.0,1.9221140513802444e-25]},""white_yellow_mug_1"":{""position"":[0.23950075651898428,-0.11401706817296484,0.9000940748294017],""quaternion_xyzw"":[-7.477883618704271e-06,-1.0947824938061763e-05,0.7071071218390034,-0.7071064404096367]}}","{""akita_black_bowl_1"":{""position"":[-0.15208420764929628,-0.02317809953675822,0.9153948575341208],""quaternion_xyzw"":[7.100402940417067e-07,-1.006641647235948e-06,0.7071068030769958,0.7071067592950256]},""alphabet_soup_1"":{""position"":[0.23006287804294334,0.11693092702588213,0.9383929103724435],""quaternion_xyzw"":[0.002251088091492754,0.7077061030915409,0.7064997314595235,-0.002265766318701572]},""basket_1"":{""position"":[-0.15214039107621188,-0.02294728393270408,0.8954170582362071],""quaternion_xyzw"":[-0.0016942113387957583,0.0016939833822422984,0.7071047529386496,0.7071047506839506]},""cream_cheese_1"":{""position"":[0.23968405077256624,0.35789515456530463,0.9089214774186077],""quaternion_xyzw"":[-3.2470814342030744e-17,1.1424241583992401e-17,1.0,-1.0146916439476806e-18]},""white_yellow_mug_1"":{""position"":[0.23950075651898428,-0.11401706817296484,0.9000940748299845],""quaternion_xyzw"":[-7.477883678154228e-06,-1.0947825020273226e-05,0.7071071218390034,-0.7071064404096367]}}",{},True,1,0.0,0.0,0.0,True,True,[],True,
libero_36_proxy_tabletop_draft_v4,libero_registered_object_36_proxy_tabletop,libero_36_oracle_goal_v1,gate4_terminal_goal_semantics,full,4,0,akita_black_bowl*put_inside*middle,akita_black_bowl,put_inside,middle,positive,0,460040,akita_black_bowl_1,basket_1,right,/root/smolvla-libero-compositional-generalization/data/libero_36/bddl/task_004_layout_0_akita_black_bowl_put_inside_middle.bddl,d0331b9e8669c9ca2496eba6f5d1f1a0140f36ec444653b39b7a843ad6a9b98e,a21d5f3aeb8fce892e974c28cb1195bed7ca706ab1dc4e7b96fa461afe6a1d0b,"{""akita_black_bowl"":0,""alphabet_soup"":2,""cream_cheese"":3,""white_yellow_mug"":1}","[[""in"",""akita_black_bowl_1"",""basket_1_contain_region""],[""on"",""white_yellow_mug_1"",""main_table_source_slot_1_region""],[""on"",""alphabet_soup_1"",""main_table_source_slot_2_region""],[""on"",""cream_cheese_1"",""main_table_source_slot_3_region""],[""on"",""basket_1"",""main_table_target_middle_region""]]",deterministic_bddl_init_substitution_using_libero_conditional_and_table_region_samplers,1,"{""camera_id"":2,""camera_name"":""agentview"",""camera_protocol_version"":""libero_36_agentview_v1"",""fovy_deg"":75.0,""height"":128,""position_m"":[0.6586131746834771,0.0,1.6103500240372424],""pre_apply_fovy_deg"":45.0,""quaternion_wxyz"":[0.6380177212293417,0.30484971880648903,0.30484983801576876,0.6380177212293417],""width"":128}",True,True,True,True,True,False,not_applicable,True,10,"[true,true,true,true,true,true,true,true,true,true]","[true,true,true,true,true,true,true,true,true,true]","[true,true,true,true,true,true,true,true,true,true]","[true,true,true,true,true,true,true,true,true,true,true,true,true,true,true,true,true,true,true,true]","[true,true,true,true,true,true,true,true,true,true,true,true,true,true,true,true,true,true,true,true]","[true,true,true,true,true,true,true,true,true,true,true,true,true,true,true,true,true,true,true,true]","[true,true,true,true,true,true,true,true,true,true,true,true,true,true,true,true,true,true,true,true]","[true,true,true,true,true,true,true,true,true,true,true,true,true,true,true,true,true,true,true,true]","[[],[],[],[],[],[],[],[],[],[],[],[],[],[],[],[],[],[],[],[]]",True,True,True,True,True,True,True,True,1.3211545116826363e-14,1.7075472925031877e-06,True,"{""akita_black_bowl_1"":{""position"":[-0.06986349342168703,-0.015381795187858115,0.9153948575333539],""quaternion_xyzw"":[7.100404196178147e-07,-1.0066417761973182e-06,0.7071068030766624,0.7071067592953592]},""alphabet_soup_1"":{""position"":[0.22755034695175774,0.12476152425395251,0.9383929103724418],""quaternion_xyzw"":[0.0022510880914946166,0.7077061030915417,0.7064997314595226,-0.0022657663187032246]},""basket_1"":{""position"":[-0.069919676848631,-0.015150979584058512,0.8954170582354405],""quaternion_xyzw"":[-0.0016942113386672068,0.001693983382110826,0.7071047529386498,0.7071047506839508]},""cream_cheese_1"":{""position"":[0.2398682911160824,0.3626090234302307,0.9089214774185893],""quaternion_xyzw"":[0.0,0.0,1.0,0.0]},""white_yellow_mug_1"":{""position"":[0.24360715299984043,-0.12178771967647155,0.9000940748294017],""quaternion_xyzw"":[-7.477883618703672e-06,-1.0947824938061902e-05,0.7071071218390034,-0.7071064404096367]}}","{""akita_black_bowl_1"":{""position"":[-0.06986349342172161,-0.015381795188114512,0.9153948575341208],""quaternion_xyzw"":[7.100402941095738e-07,-1.0066416471745367e-06,0.7071068030769955,0.7071067592950261]},""alphabet_soup_1"":{""position"":[0.22755034695175763,0.1247615242539524,0.9383929103724437],""quaternion_xyzw"":[0.0022510880914926945,0.7077061030915408,0.7064997314595235,-0.0022657663187015905]},""basket_1"":{""position"":[-0.069919676848631,-0.015150979584060196,0.8954170582362071],""quaternion_xyzw"":[-0.0016942113387957566,0.0016939833822422962,0.7071047529386496,0.7071047506839506]},""cream_cheese_1"":{""position"":[0.2398682911160824,0.3626090234302307,0.9089214774186077],""quaternion_xyzw"":[0.0,0.0,1.0,0.0]},""white_yellow_mug_1"":{""position"":[0.24360715299984043,-0.12178771967647155,0.9000940748299845],""quaternion_xyzw"":[-7.477883678162279e-06,-1.0947825020272025e-05,0.7071071218390034,-0.7071064404096367]}}",{},True,1,0.0,0.0,0.0,True,True,[],True,
libero_36_proxy_tabletop_draft_v4,libero_registered_object_36_proxy_tabletop,libero_36_oracle_goal_v1,gate4_terminal_goal_semantics,full,4,0,akita_black_bowl*put_inside*middle,akita_black_bowl,put_inside,middle,relation_negative,1,460041,akita_black_bowl_1,basket_1,right,/root/smolvla-libero-compositional-generalization/data/libero_36/bddl/task_004_layout_0_akita_black_bowl_put_inside_middle.bddl,d0331b9e8669c9ca2496eba6f5d1f1a0140f36ec444653b39b7a843ad6a9b98e,32b41c684a3474c03c6298dce34d079dc0577777520b9d261569848fc39271a4,"{""akita_black_bowl"":0,""alphabet_soup"":2,""cream_cheese"":3,""white_yellow_mug"":1}","[[""on"",""akita_black_bowl_1"",""main_table_target_right_region""],[""on"",""white_yellow_mug_1"",""main_table_source_slot_1_region""],[""on"",""alphabet_soup_1"",""main_table_source_slot_2_region""],[""on"",""cream_cheese_1"",""main_table_source_slot_3_region""],[""on"",""basket_1"",""main_table_target_middle_region""]]",deterministic_bddl_init_substitution_using_libero_conditional_and_table_region_samplers,1,"{""camera_id"":2,""camera_name"":""agentview"",""camera_protocol_version"":""libero_36_agentview_v1"",""fovy_deg"":75.0,""height"":128,""position_m"":[0.6586131746834771,0.0,1.6103500240372424],""pre_apply_fovy_deg"":45.0,""quaternion_wxyz"":[0.6380177212293417,0.30484971880648903,0.30484983801576876,0.6380177212293417],""width"":128}",True,True,False,True,False,False,not_applicable,True,9,"[false,false,false,false,false,false,false,false,false]","[true,true,true,true,true,true,true,true,true]","[false,false,false,false,false,false,false,false,false]","[false,false,false,false,false,false,false,false,false,false,false,false,false,false,false,false,false,false,false,false]","[true,true,true,true,true,true,true,true,true,true,true,true,true,true,true,true,true,true,true,true]","[false,false,false,false,false,false,false,false,false,false,false,false,false,false,false,false,false,false,false,false]","[true,true,true,true,true,true,true,true,true,true,true,true,true,true,true,true,true,true,true,true]","[true,true,true,true,true,true,true,true,true,true,true,true,true,true,true,true,true,true,true,true]","[[],[],[],[],[],[],[],[],[],[],[],[],[],[],[],[],[],[],[],[]]",True,True,True,True,True,True,True,True,0.0,1.7075472925031877e-06,True,"{""akita_black_bowl_1"":{""position"":[-0.07204903125695197,0.2303913325149943,0.8984070750855586],""quaternion_xyzw"":[-1.387475437437315e-05,1.6673001080764518e-06,0.7071067792293568,0.7071067830056482]},""alphabet_soup_1"":{""position"":[0.241154107697941,0.12043803995194195,0.9383929103723911],""quaternion_xyzw"":[0.002251088091534169,0.7077061030915653,0.7064997314594988,-0.002265766318742531]},""basket_1"":{""position"":[-0.14316600499657167,0.02322409269307132,0.8954176546581495],""quaternion_xyzw"":[-0.001694211823302477,0.0016940206597040749,0.7071047529253541,0.7071047506067798]},""cream_cheese_1"":{""position"":[0.2306865119619779,0.3618482914059988,0.9089214774181752],""quaternion_xyzw"":[0.0,0.0,1.0,0.0]},""white_yellow_mug_1"":{""position"":[0.24092127284285053,-0.12377741618615014,0.9000940748168837],""quaternion_xyzw"":[-7.477882464147822e-06,-1.0947823346018217e-05,0.7071071218390036,-0.7071064404096369]}}","{""akita_black_bowl_1"":{""position"":[-0.07204903125694834,0.2303913325149898,0.8984070750980836],""quaternion_xyzw"":[-1.3874755319819676e-05,1.6673002342648235e-06,0.7071067792293568,0.7071067830056482]},""alphabet_soup_1"":{""position"":[0.24115410769793671,0.12043803995193934,0.9383929103724437],""quaternion_xyzw"":[0.0022510880914928715,0.7077061030915407,0.7064997314595236,-0.002265766318701403]},""basket_1"":{""position"":[-0.14316600499657148,0.0232240926930323,0.8954176546734635],""quaternion_xyzw"":[-0.0016942118263254782,0.0016940206626867296,0.707104752925347,0.7071047506067727]},""cream_cheese_1"":{""position"":[0.2306865119619779,0.3618482914059988,0.9089214774186077],""quaternion_xyzw"":[0.0,0.0,1.0,0.0]},""white_yellow_mug_1"":{""position"":[0.2409212728428504,-0.12377741618614924,0.9000940748299845],""quaternion_xyzw"":[-7.477883678156846e-06,-1.0947825020275701e-05,0.7071071218390034,-0.7071064404096367]}}",{},True,1,0.0,0.0,0.0,True,True,[],True,
libero_36_proxy_tabletop_draft_v4,libero_registered_object_36_proxy_tabletop,libero_36_oracle_goal_v1,gate4_terminal_goal_semantics,full,4,0,akita_black_bowl*put_inside*middle,akita_black_bowl,put_inside,middle,receiver_region_negative,2,460042,akita_black_bowl_1,basket_1,right,/root/smolvla-libero-compositional-generalization/data/libero_36/bddl/task_004_layout_0_akita_black_bowl_put_inside_middle.bddl,d0331b9e8669c9ca2496eba6f5d1f1a0140f36ec444653b39b7a843ad6a9b98e,8ee0fba92839338e67d4a1e744965d60e29db0e148e1554ade1f5bc02498f03a,"{""akita_black_bowl"":0,""alphabet_soup"":2,""cream_cheese"":3,""white_yellow_mug"":1}","[[""in"",""akita_black_bowl_1"",""basket_1_contain_region""],[""on"",""white_yellow_mug_1"",""main_table_source_slot_1_region""],[""on"",""alphabet_soup_1"",""main_table_source_slot_2_region""],[""on"",""cream_cheese_1"",""main_table_source_slot_3_region""],[""on"",""basket_1"",""main_table_target_right_region""]]",deterministic_bddl_init_substitution_using_libero_conditional_and_table_region_samplers,1,"{""camera_id"":2,""camera_name"":""agentview"",""camera_protocol_version"":""libero_36_agentview_v1"",""fovy_deg"":75.0,""height"":128,""position_m"":[0.6586131746834771,0.0,1.6103500240372424],""pre_apply_fovy_deg"":45.0,""quaternion_wxyz"":[0.6380177212293417,0.30484971880648903,0.30484983801576876,0.6380177212293417],""width"":128}",True,True,True,False,False,False,not_applicable,True,10,"[true,true,true,true,true,true,true,true,true,true]","[false,false,false,false,false,false,false,false,false,false]","[false,false,false,false,false,false,false,false,false,false]","[true,true,true,true,true,true,true,true,true,true,true,true,true,true,true,true,true,true,true,true]","[false,false,false,false,false,false,false,false,false,false,false,false,false,false,false,false,false,false,false,false]","[false,false,false,false,false,false,false,false,false,false,false,false,false,false,false,false,false,false,false,false]","[true,true,true,true,true,true,true,true,true,true,true,true,true,true,true,true,true,true,true,true]","[true,true,true,true,true,true,true,true,true,true,true,true,true,true,true,true,true,true,true,true]","[[],[],[],[],[],[],[],[],[],[],[],[],[],[],[],[],[],[],[],[]]",True,True,True,True,True,True,True,True,1.3297535223456002e-14,1.7075472925031877e-06,True,"{""akita_black_bowl_1"":{""position"":[-0.11842137803537703,0.20050710470891064,0.9153948575333539],""quaternion_xyzw"":[7.100404196440476e-07,-1.0066417762030606e-06,0.7071068030766626,0.7071067592953589]},""alphabet_soup_1"":{""position"":[0.22695136524287976,0.12409208991660459,0.9383929103724418],""quaternion_xyzw"":[0.002251088091494689,0.7077061030915417,0.7064997314595226,-0.0022657663187031912]},""basket_1"":{""position"":[-0.11847756146232107,0.20073792031271,0.8954170582354405],""quaternion_xyzw"":[-0.0016942113386672064,0.001693983382110823,0.7071047529386498,0.7071047506839508]},""cream_cheese_1"":{""position"":[0.23328211148282416,0.35709736433239375,0.9089214774185893],""quaternion_xyzw"":[-5.814880508025359e-17,7.628442209954299e-18,1.0,1.9219223450854545e-25]},""white_yellow_mug_1"":{""position"":[0.22619205756775768,-0.11562678685770109,0.9000940748294017],""quaternion_xyzw"":[-7.477883618711721e-06,-1.0947824938043669e-05,0.7071071218390034,-0.7071064404096367]}}","{""akita_black_bowl_1"":{""position"":[-0.11842137803541161,0.20050710470865257,0.9153948575341208],""quaternion_xyzw"":[7.100402940906731e-07,-1.0066416471740505e-06,0.7071068030769957,0.7071067592950259]},""alphabet_soup_1"":{""position"":[0.22695136524287965,0.12409208991660448,0.9383929103724437],""quaternion_xyzw"":[0.002251088091492837,0.7077061030915407,0.7064997314595236,-0.002265766318701442]},""basket_1"":{""position"":[-0.11847756146232107,0.2007379203127084,0.8954170582362071],""quaternion_xyzw"":[-0.0016942113387957561,0.001693983382242297,0.7071047529386496,0.7071047506839506]},""cream_cheese_1"":{""position"":[0.23328211148282416,0.35709736433239375,0.9089214774186077],""quaternion_xyzw"":[-5.207696546122662e-17,7.766809690155054e-18,1.0,3.1738104335007015e-18]},""white_yellow_mug_1"":{""position"":[0.22619205756775768,-0.11562678685770109,0.9000940748299845],""quaternion_xyzw"":[-7.477883678160983e-06,-1.0947825020273985e-05,0.7071071218390034,-0.7071064404096367]}}",{},True,1,0.0,0.0,0.0,True,True,[],True,
libero_36_proxy_tabletop_draft_v4,libero_registered_object_36_proxy_tabletop,libero_36_oracle_goal_v1,gate4_terminal_goal_semantics,full,5,0,akita_black_bowl*put_inside*right,akita_black_bowl,put_inside,right,positive,0,460050,akita_black_bowl_1,basket_1,left,/root/smolvla-libero-compositional-generalization/data/libero_36/bddl/task_005_layout_0_akita_black_bowl_put_inside_right.bddl,db3b452fe2c58b06639cf8e85daa5c716dca8b76a04a49c59de4910b4d99394c,174babbb37ce0f7de8b1c37b459116fd6d461c5d20f4c8532f35febdd1c8fb0e,"{""akita_black_bowl"":0,""alphabet_soup"":2,""cream_cheese"":3,""white_yellow_mug"":1}","[[""in"",""akita_black_bowl_1"",""basket_1_contain_region""],[""on"",""white_yellow_mug_1"",""main_table_source_slot_1_region""],[""on"",""alphabet_soup_1"",""main_table_source_slot_2_region""],[""on"",""cream_cheese_1"",""main_table_source_slot_3_region""],[""on"",""basket_1"",""main_table_target_right_region""]]",deterministic_bddl_init_substitution_using_libero_conditional_and_table_region_samplers,1,"{""camera_id"":2,""camera_name"":""agentview"",""camera_protocol_version"":""libero_36_agentview_v1"",""fovy_deg"":75.0,""height"":128,""position_m"":[0.6586131746834771,0.0,1.6103500240372424],""pre_apply_fovy_deg"":45.0,""quaternion_wxyz"":[0.6380177212293417,0.30484971880648903,0.30484983801576876,0.6380177212293417],""width"":128}",True,True,True,True,True,False,not_applicable,True,10,"[true,true,true,true,true,true,true,true,true,true]","[true,true,true,true,true,true,true,true,true,true]","[true,true,true,true,true,true,true,true,true,true]","[true,true,true,true,true,true,true,true,true,true,true,true,true,true,true,true,true,true,true,true]","[true,true,true,true,true,true,true,true,true,true,true,true,true,true,true,true,true,true,true,true]","[true,true,true,true,true,true,true,true,true,true,true,true,true,true,true,true,true,true,true,true]","[true,true,true,true,true,true,true,true,true,true,true,true,true,true,true,true,true,true,true,true]","[true,true,true,true,true,true,true,true,true,true,true,true,true,true,true,true,true,true,true,true]","[[],[],[],[],[],[],[],[],[],[],[],[],[],[],[],[],[],[],[],[]]",True,True,True,True,True,True,True,True,1.3256738189514616e-14,1.7075472925031877e-06,True,"{""akita_black_bowl_1"":{""position"":[-0.12763116469609712,0.21171349322759828,0.9153948575333539],""quaternion_xyzw"":[7.100404195810534e-07,-1.0066417761606044e-06,0.7071068030766628,0.7071067592953585]},""alphabet_soup_1"":{""position"":[0.2427283975488154,0.11043670590086782,0.9383929103724417],""quaternion_xyzw"":[0.0022510880914946123,0.7077061030915417,0.7064997314595225,-0.0022657663187032]},""basket_1"":{""position"":[-0.12768734812304072,0.2119443088313974,0.8954170582354405],""quaternion_xyzw"":[-0.0016942113386672084,0.0016939833821108226,0.7071047529386498,0.7071047506839508]},""cream_cheese_1"":{""position"":[0.23168371280702688,0.36231559301994987,0.9089214774185893],""quaternion_xyzw"":[-6.040978513503254e-19,1.284525005175009e-17,1.0,3.6365984303586892e-25]},""white_yellow_mug_1"":{""position"":[0.22780946319332263,-0.11158172339316,0.9000940748294017],""quaternion_xyzw"":[-7.477883618709813e-06,-1.094782493805526e-05,0.7071071218390034,-0.7071064404096367]}}","{""akita_black_bowl_1"":{""position"":[-0.12763116469612487,0.21171349322734026,0.9153948575341208],""quaternion_xyzw"":[7.100402941213129e-07,-1.0066416471378608e-06,0.7071068030769959,0.7071067592950254]},""alphabet_soup_1"":{""position"":[0.24272839754881528,0.11043670590086771,0.9383929103724435],""quaternion_xyzw"":[0.002251088091492726,0.7077061030915409,0.7064997314595235,-0.002265766318701604]},""basket_1"":{""position"":[-0.12768734812304072,0.21194430883139578,0.8954170582362071],""quaternion_xyzw"":[-0.001694211338795757,0.0016939833822422947,0.7071047529386496,0.7071047506839506]},""cream_cheese_1"":{""position"":[0.23168371280702688,0.36231559301994987,0.9089214774186077],""quaternion_xyzw"":[-1.2668621239031878e-17,1.122109509996751e-17,1.0,5.022987206329422e-18]},""white_yellow_mug_1"":{""position"":[0.22780946319332263,-0.11158172339316,0.9000940748299845],""quaternion_xyzw"":[-7.477883678161218e-06,-1.0947825020276365e-05,0.7071071218390034,-0.7071064404096367]}}",{},True,1,0.0,0.0,0.0,True,True,[],True,
libero_36_proxy_tabletop_draft_v4,libero_registered_object_36_proxy_tabletop,libero_36_oracle_goal_v1,gate4_terminal_goal_semantics,full,5,0,akita_black_bowl*put_inside*right,akita_black_bowl,put_inside,right,relation_negative,1,460051,akita_black_bowl_1,basket_1,left,/root/smolvla-libero-compositional-generalization/data/libero_36/bddl/task_005_layout_0_akita_black_bowl_put_inside_right.bddl,db3b452fe2c58b06639cf8e85daa5c716dca8b76a04a49c59de4910b4d99394c,1224169b17a90beec4775996e01621fc1afa9f818c684282664a64d6c005243c,"{""akita_black_bowl"":0,""alphabet_soup"":2,""cream_cheese"":3,""white_yellow_mug"":1}","[[""on"",""akita_black_bowl_1"",""main_table_target_left_region""],[""on"",""white_yellow_mug_1"",""main_table_source_slot_1_region""],[""on"",""alphabet_soup_1"",""main_table_source_slot_2_region""],[""on"",""cream_cheese_1"",""main_table_source_slot_3_region""],[""on"",""basket_1"",""main_table_target_right_region""]]",deterministic_bddl_init_substitution_using_libero_conditional_and_table_region_samplers,1,"{""camera_id"":2,""camera_name"":""agentview"",""camera_protocol_version"":""libero_36_agentview_v1"",""fovy_deg"":75.0,""height"":128,""position_m"":[0.6586131746834771,0.0,1.6103500240372424],""pre_apply_fovy_deg"":45.0,""quaternion_wxyz"":[0.6380177212293417,0.30484971880648903,0.30484983801576876,0.6380177212293417],""width"":128}",True,True,False,True,False,False,not_applicable,True,9,"[false,false,false,false,false,false,false,false,false]","[true,true,true,true,true,true,true,true,true]","[false,false,false,false,false,false,false,false,false]","[false,false,false,false,false,false,false,false,false,false,false,false,false,false,false,false,false,false,false,false]","[true,true,true,true,true,true,true,true,true,true,true,true,true,true,true,true,true,true,true,true]","[false,false,false,false,false,false,false,false,false,false,false,false,false,false,false,false,false,false,false,false]","[true,true,true,true,true,true,true,true,true,true,true,true,true,true,true,true,true,true,true,true]","[true,true,true,true,true,true,true,true,true,true,true,true,true,true,true,true,true,true,true,true]","[[],[],[],[],[],[],[],[],[],[],[],[],[],[],[],[],[],[],[],[]]",True,True,True,True,True,True,True,True,0.0,1.7075472925031877e-06,True,"{""akita_black_bowl_1"":{""position"":[-0.14509787321549836,-0.2533003920792207,0.8984070750855586],""quaternion_xyzw"":[-1.3874754374375577e-05,1.6673001080758008e-06,0.7071067792293568,0.7071067830056482]},""alphabet_soup_1"":{""position"":[0.22808990051600175,0.12866195272470066,0.938392910372391],""quaternion_xyzw"":[0.0022510880915341098,0.7077061030915652,0.7064997314594987,-0.0022657663187426167]},""basket_1"":{""position"":[-0.16593959255903754,0.22929569586771933,0.8954176546581495],""quaternion_xyzw"":[-0.0016942118233024793,0.0016940206597040762,0.7071047529253541,0.7071047506067798]},""cream_cheese_1"":{""position"":[0.23162747850426377,0.3598300232001195,0.9089214774181752],""quaternion_xyzw"":[0.0,0.0,1.0,0.0]},""white_yellow_mug_1"":{""position"":[0.22649802947433909,-0.11242101077258676,0.9000940748168837],""quaternion_xyzw"":[-7.477882464142555e-06,-1.0947823346002264e-05,0.7071071218390036,-0.7071064404096369]}}","{""akita_black_bowl_1"":{""position"":[-0.14509787321549483,-0.2533003920792254,0.8984070750980836],""quaternion_xyzw"":[-1.3874755319824592e-05,1.6673002342674023e-06,0.7071067792293568,0.7071067830056482]},""alphabet_soup_1"":{""position"":[0.22808990051599742,0.1286619527246981,0.9383929103724435],""quaternion_xyzw"":[0.002251088091492737,0.7077061030915409,0.7064997314595235,-0.002265766318701591]},""basket_1"":{""position"":[-0.16593959255903734,0.22929569586768042,0.8954176546734635],""quaternion_xyzw"":[-0.0016942118263254759,0.001694020662686731,0.707104752925347,0.7071047506067727]},""cream_cheese_1"":{""position"":[0.23162747850426377,0.3598300232001195,0.9089214774186077],""quaternion_xyzw"":[0.0,0.0,1.0,0.0]},""white_yellow_mug_1"":{""position"":[0.22649802947433895,-0.11242101077258586,0.9000940748299845],""quaternion_xyzw"":[-7.477883678163674e-06,-1.0947825020273533e-05,0.7071071218390034,-0.7071064404096367]}}",{},True,1,0.0,0.0,0.0,True,True,[],True,
libero_36_proxy_tabletop_draft_v4,libero_registered_object_36_proxy_tabletop,libero_36_oracle_goal_v1,gate4_terminal_goal_semantics,full,5,0,akita_black_bowl*put_inside*right,akita_black_bowl,put_inside,right,receiver_region_negative,2,460052,akita_black_bowl_1,basket_1,left,/root/smolvla-libero-compositional-generalization/data/libero_36/bddl/task_005_layout_0_akita_black_bowl_put_inside_right.bddl,db3b452fe2c58b06639cf8e85daa5c716dca8b76a04a49c59de4910b4d99394c,fc5940125f404c111a0f7df6e46b175075ea7bb6f38384c3b10ee676f4135c92,"{""akita_black_bowl"":0,""alphabet_soup"":2,""cream_cheese"":3,""white_yellow_mug"":1}","[[""in"",""akita_black_bowl_1"",""basket_1_contain_region""],[""on"",""white_yellow_mug_1"",""main_table_source_slot_1_region""],[""on"",""alphabet_soup_1"",""main_table_source_slot_2_region""],[""on"",""cream_cheese_1"",""main_table_source_slot_3_region""],[""on"",""basket_1"",""main_table_target_left_region""]]",deterministic_bddl_init_substitution_using_libero_conditional_and_table_region_samplers,1,"{""camera_id"":2,""camera_name"":""agentview"",""camera_protocol_version"":""libero_36_agentview_v1"",""fovy_deg"":75.0,""height"":128,""position_m"":[0.6586131746834771,0.0,1.6103500240372424],""pre_apply_fovy_deg"":45.0,""quaternion_wxyz"":[0.6380177212293417,0.30484971880648903,0.30484983801576876,0.6380177212293417],""width"":128}",True,True,True,False,False,False,not_applicable,True,10,"[true,true,true,true,true,true,true,true,true,true]","[false,false,false,false,false,false,false,false,false,false]","[false,false,false,false,false,false,false,false,false,false]","[true,true,true,true,true,true,true,true,true,true,true,true,true,true,true,true,true,true,true,true]","[false,false,false,false,false,false,false,false,false,false,false,false,false,false,false,false,false,false,false,false]","[false,false,false,false,false,false,false,false,false,false,false,false,false,false,false,false,false,false,false,false]","[true,true,true,true,true,true,true,true,true,true,true,true,true,true,true,true,true,true,true,true]","[true,true,true,true,true,true,true,true,true,true,true,true,true,true,true,true,true,true,true,true]","[[],[],[],[],[],[],[],[],[],[],[],[],[],[],[],[],[],[],[],[]]",True,True,True,True,True,True,True,True,1.3256738189514616e-14,1.7075472925031877e-06,True,"{""akita_black_bowl_1"":{""position"":[-0.16619338075196685,-0.18740375850090898,0.9153948575333539],""quaternion_xyzw"":[7.100404196179354e-07,-1.006641776195799e-06,0.7071068030766623,0.7071067592953592]},""alphabet_soup_1"":{""position"":[0.24272407848782646,0.12141154582043764,0.9383929103724418],""quaternion_xyzw"":[0.0022510880914946795,0.7077061030915417,0.7064997314595226,-0.00226576631870319]},""basket_1"":{""position"":[-0.1662495641789107,-0.18717294289710965,0.8954170582354405],""quaternion_xyzw"":[-0.001694211338667207,0.0016939833821108226,0.7071047529386498,0.7071047506839508]},""cream_cheese_1"":{""position"":[0.2312400657055697,0.3579105389476396,0.9089214774185893],""quaternion_xyzw"":[-9.619018073636506e-18,9.765016808032419e-18,1.0,3.636349638790966e-25]},""white_yellow_mug_1"":{""position"":[0.23499475164871392,-0.12170150790119728,0.9000940748294017],""quaternion_xyzw"":[-7.477883618721958e-06,-1.09478249380642e-05,0.7071071218390034,-0.7071064404096367]}}","{""akita_black_bowl_1"":{""position"":[-0.1661933807519946,-0.18740375850116706,0.9153948575341208],""quaternion_xyzw"":[7.100402940923031e-07,-1.0066416471626812e-06,0.7071068030769954,0.7071067592950261]},""alphabet_soup_1"":{""position"":[0.24272407848782634,0.12141154582043753,0.9383929103724437],""quaternion_xyzw"":[0.002251088091492812,0.7077061030915407,0.7064997314595236,-0.0022657663187014457]},""basket_1"":{""position"":[-0.1662495641789107,-0.18717294289711126,0.8954170582362071],""quaternion_xyzw"":[-0.0016942113387957561,0.0016939833822422956,0.7071047529386496,0.7071047506839506]},""cream_cheese_1"":{""position"":[0.2312400657055697,0.3579105389476396,0.9089214774186077],""quaternion_xyzw"":[-2.5304629119128578e-17,9.721969444729735e-18,1.0,2.1442832766222516e-18]},""white_yellow_mug_1"":{""position"":[0.23499475164871392,-0.12170150790119728,0.9000940748299845],""quaternion_xyzw"":[-7.477883678153307e-06,-1.0947825020266497e-05,0.7071071218390034,-0.7071064404096367]}}",{},True,1,0.0,0.0,0.0,True,True,[],True,
libero_36_proxy_tabletop_draft_v4,libero_registered_object_36_proxy_tabletop,libero_36_oracle_goal_v1,gate4_terminal_goal_semantics,full,6,0,akita_black_bowl*push_to*left,akita_black_bowl,push_to,left,positive,0,460060,akita_black_bowl_1,,middle,/root/smolvla-libero-compositional-generalization/data/libero_36/bddl/task_006_layout_0_akita_black_bowl_push_to_left.bddl,8af424f1f02a451cc407d6cd3287585b010e70aafcd07559d97ef4dadd94ddcf,cea9fc360e99053178f166a7a66e58a8ba71921b6791e38277d82819a33bd32d,"{""akita_black_bowl"":0,""alphabet_soup"":2,""cream_cheese"":3,""white_yellow_mug"":1}","[[""on"",""akita_black_bowl_1"",""main_table_target_left_region""],[""on"",""white_yellow_mug_1"",""main_table_source_slot_1_region""],[""on"",""alphabet_soup_1"",""main_table_source_slot_2_region""],[""on"",""cream_cheese_1"",""main_table_source_slot_3_region""]]",deterministic_bddl_init_substitution_using_libero_conditional_and_table_region_samplers,1,"{""camera_id"":2,""camera_name"":""agentview"",""camera_protocol_version"":""libero_36_agentview_v1"",""fovy_deg"":75.0,""height"":128,""position_m"":[0.6586131746834771,0.0,1.6103500240372424],""pre_apply_fovy_deg"":45.0,""quaternion_wxyz"":[0.6380177212293417,0.30484971880648903,0.30484983801576876,0.6380177212293417],""width"":128}",True,True,True,True,True,False,not_evaluated_gate5_required,True,9,"[true,true,false,true,true,true,true,true,true]","[true,true,true,true,true,true,true,true,true]","[true,true,false,true,true,true,true,true,true]","[true,true,true,true,true,true,true,true,true,true,true,true,true,true,true,true,true,true,true,true]","[true,true,true,true,true,true,true,true,true,true,true,true,true,true,true,true,true,true,true,true]","[true,true,true,true,true,true,true,true,true,true,true,true,true,true,true,true,true,true,true,true]","[true,true,true,true,true,true,true,true,true,true,true,true,true,true,true,true,true,true,true,true]","[true,true,true,true,true,true,true,true,true,true,true,true,true,true,true,true,true,true,true,true]","[[],[],[],[],[],[],[],[],[],[],[],[],[],[],[],[],[],[],[],[]]",True,True,True,True,True,True,True,True,0.0,1.7075472925031877e-06,True,"{""akita_black_bowl_1"":{""position"":[-0.07772051213210923,-0.2432658955860491,0.8984070750855586],""quaternion_xyzw"":[-1.3874754374374125e-05,1.6673001080763e-06,0.7071067792293568,0.7071067830056482]},""alphabet_soup_1"":{""position"":[0.23385497068941874,0.13003069807755485,0.938392910372391],""quaternion_xyzw"":[0.0022510880915340525,0.7077061030915652,0.7064997314594987,-0.0022657663187426623]},""cream_cheese_1"":{""position"":[0.23902692775543574,0.3620786756407571,0.9089214774181752],""quaternion_xyzw"":[0.0,0.0,1.0,0.0]},""white_yellow_mug_1"":{""position"":[0.22827794863916442,-0.12673230415457895,0.9000940748168837],""quaternion_xyzw"":[-7.477882464156025e-06,-1.0947823345993249e-05,0.7071071218390036,-0.7071064404096369]}}","{""akita_black_bowl_1"":{""position"":[-0.0777205121321056,-0.2432658955860536,0.8984070750980836],""quaternion_xyzw"":[-1.3874755319834957e-05,1.6673002342749468e-06,0.7071067792293568,0.7071067830056482]},""alphabet_soup_1"":{""position"":[0.23385497068941444,0.1300306980775523,0.9383929103724435],""quaternion_xyzw"":[0.002251088091492692,0.7077061030915408,0.7064997314595235,-0.0022657663187016213]},""cream_cheese_1"":{""position"":[0.23902692775543574,0.3620786756407571,0.9089214774186077],""quaternion_xyzw"":[0.0,0.0,1.0,0.0]},""white_yellow_mug_1"":{""position"":[0.22827794863916429,-0.12673230415457812,0.9000940748299845],""quaternion_xyzw"":[-7.477883678149046e-06,-1.0947825020264625e-05,0.7071071218390034,-0.7071064404096367]}}",{},True,1,0.0,0.0,0.0,True,True,[],True,
libero_36_proxy_tabletop_draft_v4,libero_registered_object_36_proxy_tabletop,libero_36_oracle_goal_v1,gate4_terminal_goal_semantics,full,6,0,akita_black_bowl*push_to*left,akita_black_bowl,push_to,left,relation_negative,1,460061,akita_black_bowl_1,,middle,/root/smolvla-libero-compositional-generalization/data/libero_36/bddl/task_006_layout_0_akita_black_bowl_push_to_left.bddl,8af424f1f02a451cc407d6cd3287585b010e70aafcd07559d97ef4dadd94ddcf,805a5b8b2e0b43f8768a3da315a1042a231a93c0bae5a76a511b52cc603741cb,"{""akita_black_bowl"":0,""alphabet_soup"":2,""cream_cheese"":3,""white_yellow_mug"":1}","[[""on"",""akita_black_bowl_1"",""main_table_target_middle_region""],[""on"",""white_yellow_mug_1"",""main_table_source_slot_1_region""],[""on"",""alphabet_soup_1"",""main_table_source_slot_2_region""],[""on"",""cream_cheese_1"",""main_table_source_slot_3_region""]]",deterministic_bddl_init_substitution_using_libero_conditional_and_table_region_samplers,1,"{""camera_id"":2,""camera_name"":""agentview"",""camera_protocol_version"":""libero_36_agentview_v1"",""fovy_deg"":75.0,""height"":128,""position_m"":[0.6586131746834771,0.0,1.6103500240372424],""pre_apply_fovy_deg"":45.0,""quaternion_wxyz"":[0.6380177212293417,0.30484971880648903,0.30484983801576876,0.6380177212293417],""width"":128}",True,True,False,True,False,False,not_evaluated_gate5_required,True,9,"[false,false,false,false,false,false,false,false,false]","[true,true,true,true,true,true,true,true,true]","[false,false,false,false,false,false,false,false,false]","[false,false,false,false,false,false,false,false,false,false,false,false,false,false,false,false,false,false,false,false]","[true,true,true,true,true,true,true,true,true,true,true,true,true,true,true,true,true,true,true,true]","[false,false,false,false,false,false,false,false,false,false,false,false,false,false,false,false,false,false,false,false]","[true,true,true,true,true,true,true,true,true,true,true,true,true,true,true,true,true,true,true,true]","[true,true,true,true,true,true,true,true,true,true,true,true,true,true,true,true,true,true,true,true]","[[],[],[],[],[],[],[],[],[],[],[],[],[],[],[],[],[],[],[],[]]",True,True,True,True,True,True,True,True,0.0,1.7075472925031877e-06,True,"{""akita_black_bowl_1"":{""position"":[-0.155948742715733,0.04422237564020512,0.8984070750855586],""quaternion_xyzw"":[-1.3874754374374069e-05,1.6673001080759743e-06,0.7071067792293568,0.7071067830056482]},""alphabet_soup_1"":{""position"":[0.22995713232088544,0.11554307471415208,0.938392910372391],""quaternion_xyzw"":[0.002251088091534144,0.7077061030915652,0.7064997314594987,-0.0022657663187425586]},""cream_cheese_1"":{""position"":[0.2366693388243834,0.3583513134503784,0.9089214774181752],""quaternion_xyzw"":[-2.7201261170169903e-17,1.442618461731488e-17,1.0,3.5809317965573616e-25]},""white_yellow_mug_1"":{""position"":[0.2426881587052308,-0.12451440526874548,0.9000940748168837],""quaternion_xyzw"":[-7.4778824641653975e-06,-1.0947823346003615e-05,0.7071071218390036,-0.7071064404096369]}}","{""akita_black_bowl_1"":{""position"":[-0.15594874271572948,0.04422237564020047,0.8984070750980836],""quaternion_xyzw"":[-1.3874755319821912e-05,1.6673002342652072e-06,0.7071067792293568,0.7071067830056482]},""alphabet_soup_1"":{""position"":[0.22995713232088114,0.11554307471414947,0.9383929103724435],""quaternion_xyzw"":[0.0022510880914927748,0.7077061030915409,0.7064997314595235,-0.0022657663187015615]},""cream_cheese_1"":{""position"":[0.2366693388243834,0.3583513134503784,0.9089214774186077],""quaternion_xyzw"":[-3.813549502038136e-17,6.376728530812885e-18,1.0,1.7554890119007909e-19]},""white_yellow_mug_1"":{""position"":[0.24268815870523067,-0.12451440526874458,0.9000940748299845],""quaternion_xyzw"":[-7.477883678161215e-06,-1.0947825020278401e-05,0.7071071218390034,-0.7071064404096367]}}",{},True,1,0.0,0.0,0.0,True,True,[],True,
libero_36_proxy_tabletop_draft_v4,libero_registered_object_36_proxy_tabletop,libero_36_oracle_goal_v1,gate4_terminal_goal_semantics,full,7,0,akita_black_bowl*push_to*middle,akita_black_bowl,push_to,middle,positive,0,460070,akita_black_bowl_1,,right,/root/smolvla-libero-compositional-generalization/data/libero_36/bddl/task_007_layout_0_akita_black_bowl_push_to_middle.bddl,4694cf676fc0abd6298b0ab3f0b38d772224307876e810e93f8d9269335abe04,e937d081c52a6365a7cbaf8a2c2d3c59d129bd21b62287f3eaf6ee108573e385,"{""akita_black_bowl"":0,""alphabet_soup"":2,""cream_cheese"":3,""white_yellow_mug"":1}","[[""on"",""akita_black_bowl_1"",""main_table_target_middle_region""],[""on"",""white_yellow_mug_1"",""main_table_source_slot_1_region""],[""on"",""alphabet_soup_1"",""main_table_source_slot_2_region""],[""on"",""cream_cheese_1"",""main_table_source_slot_3_region""]]",deterministic_bddl_init_substitution_using_libero_conditional_and_table_region_samplers,1,"{""camera_id"":2,""camera_name"":""agentview"",""camera_protocol_version"":""libero_36_agentview_v1"",""fovy_deg"":75.0,""height"":128,""position_m"":[0.6586131746834771,0.0,1.6103500240372424],""pre_apply_fovy_deg"":45.0,""quaternion_wxyz"":[0.6380177212293417,0.30484971880648903,0.30484983801576876,0.6380177212293417],""width"":128}",True,True,True,True,True,False,not_evaluated_gate5_required,True,9,"[true,true,false,true,true,true,true,true,true]","[true,true,true,true,true,true,true,true,true]","[true,true,false,true,true,true,true,true,true]","[true,true,true,true,true,true,true,true,true,true,true,true,true,true,true,true,true,true,true,true]","[true,true,true,true,true,true,true,true,true,true,true,true,true,true,true,true,true,true,true,true]","[true,true,true,true,true,true,true,true,true,true,true,true,true,true,true,true,true,true,true,true]","[true,true,true,true,true,true,true,true,true,true,true,true,true,true,true,true,true,true,true,true]","[true,true,true,true,true,true,true,true,true,true,true,true,true,true,true,true,true,true,true,true]","[[],[],[],[],[],[],[],[],[],[],[],[],[],[],[],[],[],[],[],[]]",True,True,True,True,True,True,True,True,0.0,1.7075472925031877e-06,True,"{""akita_black_bowl_1"":{""position"":[-0.11917384023134173,-0.004838117687319593,0.8984070750855586],""quaternion_xyzw"":[-1.3874754374371482e-05,1.6673001080764895e-06,0.7071067792293568,0.7071067830056482]},""alphabet_soup_1"":{""position"":[0.2370097895341937,0.12565189857684395,0.938392910372391],""quaternion_xyzw"":[0.0022510880915342247,0.7077061030915652,0.7064997314594987,-0.002265766318742541]},""cream_cheese_1"":{""position"":[0.2354377937307607,0.3631765765729525,0.9089214774181752],""quaternion_xyzw"":[0.0,0.0,1.0,0.0]},""white_yellow_mug_1"":{""position"":[0.2252538243201717,-0.12413296337720398,0.9000940748168837],""quaternion_xyzw"":[-7.477882464140908e-06,-1.0947823346002629e-05,0.7071071218390036,-0.7071064404096369]}}","{""akita_black_bowl_1"":{""position"":[-0.11917384023133809,-0.004838117687324248,0.8984070750980836],""quaternion_xyzw"":[-1.3874755319822992e-05,1.667300234264869e-06,0.7071067792293568,0.7071067830056482]},""alphabet_soup_1"":{""position"":[0.23700978953418936,0.1256518985768414,0.9383929103724435],""quaternion_xyzw"":[0.0022510880914928286,0.7077061030915409,0.7064997314595235,-0.0022657663187014964]},""cream_cheese_1"":{""position"":[0.2354377937307607,0.3631765765729525,0.9089214774186077],""quaternion_xyzw"":[0.0,0.0,1.0,0.0]},""white_yellow_mug_1"":{""position"":[0.22525382432017158,-0.12413296337720307,0.9000940748299845],""quaternion_xyzw"":[-7.477883678150557e-06,-1.0947825020266882e-05,0.7071071218390034,-0.7071064404096367]}}",{},True,1,0.0,0.0,0.0,True,True,[],True,
libero_36_proxy_tabletop_draft_v4,libero_registered_object_36_proxy_tabletop,libero_36_oracle_goal_v1,gate4_terminal_goal_semantics,full,7,0,akita_black_bowl*push_to*middle,akita_black_bowl,push_to,middle,relation_negative,1,460071,akita_black_bowl_1,,right,/root/smolvla-libero-compositional-generalization/data/libero_36/bddl/task_007_layout_0_akita_black_bowl_push_to_middle.bddl,4694cf676fc0abd6298b0ab3f0b38d772224307876e810e93f8d9269335abe04,a0fdfed69d68af911062f51e10af7ae29c9f1a3e6363e3fbdb3c9d98eff1c98b,"{""akita_black_bowl"":0,""alphabet_soup"":2,""cream_cheese"":3,""white_yellow_mug"":1}","[[""on"",""akita_black_bowl_1"",""main_table_target_right_region""],[""on"",""white_yellow_mug_1"",""main_table_source_slot_1_region""],[""on"",""alphabet_soup_1"",""main_table_source_slot_2_region""],[""on"",""cream_cheese_1"",""main_table_source_slot_3_region""]]",deterministic_bddl_init_substitution_using_libero_conditional_and_table_region_samplers,1,"{""camera_id"":2,""camera_name"":""agentview"",""camera_protocol_version"":""libero_36_agentview_v1"",""fovy_deg"":75.0,""height"":128,""position_m"":[0.6586131746834771,0.0,1.6103500240372424],""pre_apply_fovy_deg"":45.0,""quaternion_wxyz"":[0.6380177212293417,0.30484971880648903,0.30484983801576876,0.6380177212293417],""width"":128}",True,True,False,True,False,False,not_evaluated_gate5_required,True,9,"[false,false,false,false,false,false,false,false,false]","[true,true,true,true,true,true,true,true,true]","[false,false,false,false,false,false,false,false,false]","[false,false,false,false,false,false,false,false,false,false,false,false,false,false,false,false,false,false,false,false]","[true,true,true,true,true,true,true,true,true,true,true,true,true,true,true,true,true,true,true,true]","[false,false,false,false,false,false,false,false,false,false,false,false,false,false,false,false,false,false,false,false]","[true,true,true,true,true,true,true,true,true,true,true,true,true,true,true,true,true,true,true,true]","[true,true,true,true,true,true,true,true,true,true,true,true,true,true,true,true,true,true,true,true]","[[],[],[],[],[],[],[],[],[],[],[],[],[],[],[],[],[],[],[],[]]",True,True,True,True,True,True,True,True,0.0,1.7075472925031877e-06,True,"{""akita_black_bowl_1"":{""position"":[-0.162103808443592,0.24283136741549766,0.8984070750855586],""quaternion_xyzw"":[-1.3874754374373979e-05,1.6673001080762451e-06,0.7071067792293568,0.7071067830056482]},""alphabet_soup_1"":{""position"":[0.2274449869058602,0.11295956886694095,0.938392910372391],""quaternion_xyzw"":[0.0022510880915341635,0.7077061030915652,0.7064997314594987,-0.0022657663187425534]},""cream_cheese_1"":{""position"":[0.23375052923020603,0.3604080854477842,0.9089214774181752],""quaternion_xyzw"":[0.0,0.0,1.0,0.0]},""white_yellow_mug_1"":{""position"":[0.2433210553260326,-0.12616118186135122,0.9000940748168837],""quaternion_xyzw"":[-7.477882464161729e-06,-1.0947823346015917e-05,0.7071071218390036,-0.7071064404096369]}}","{""akita_black_bowl_1"":{""position"":[-0.1621038084435885,0.24283136741549316,0.8984070750980836],""quaternion_xyzw"":[-1.3874755319830733e-05,1.6673002342741603e-06,0.7071067792293568,0.7071067830056482]},""alphabet_soup_1"":{""position"":[0.2274449869058559,0.11295956886693835,0.9383929103724435],""quaternion_xyzw"":[0.0022510880914928207,0.7077061030915408,0.7064997314595235,-0.0022657663187015094]},""cream_cheese_1"":{""position"":[0.23375052923020603,0.3604080854477842,0.9089214774186077],""quaternion_xyzw"":[0.0,0.0,1.0,0.0]},""white_yellow_mug_1"":{""position"":[0.24332105532603246,-0.1261611818613504,0.9000940748299845],""quaternion_xyzw"":[-7.4778836781577305e-06,-1.0947825020270346e-05,0.7071071218390034,-0.7071064404096367]}}",{},True,1,0.0,0.0,0.0,True,True,[],True,
libero_36_proxy_tabletop_draft_v4,libero_registered_object_36_proxy_tabletop,libero_36_oracle_goal_v1,gate4_terminal_goal_semantics,full,8,0,akita_black_bowl*push_to*right,akita_black_bowl,push_to,right,positive,0,460080,akita_black_bowl_1,,left,/root/smolvla-libero-compositional-generalization/data/libero_36/bddl/task_008_layout_0_akita_black_bowl_push_to_right.bddl,8f236582deaad5aa1425814302bc3a7d1ec9a8a951dbe3aed6f84b64c208e7ac,172b4dd1b2cd3df6424d60754ceb01f15030e955f5c39e02e704c8c36dcfc5ea,"{""akita_black_bowl"":0,""alphabet_soup"":2,""cream_cheese"":3,""white_yellow_mug"":1}","[[""on"",""akita_black_bowl_1"",""main_table_target_right_region""],[""on"",""white_yellow_mug_1"",""main_table_source_slot_1_region""],[""on"",""alphabet_soup_1"",""main_table_source_slot_2_region""],[""on"",""cream_cheese_1"",""main_table_source_slot_3_region""]]",deterministic_bddl_init_substitution_using_libero_conditional_and_table_region_samplers,1,"{""camera_id"":2,""camera_name"":""agentview"",""camera_protocol_version"":""libero_36_agentview_v1"",""fovy_deg"":75.0,""height"":128,""position_m"":[0.6586131746834771,0.0,1.6103500240372424],""pre_apply_fovy_deg"":45.0,""quaternion_wxyz"":[0.6380177212293417,0.30484971880648903,0.30484983801576876,0.6380177212293417],""width"":128}",True,True,True,True,True,False,not_evaluated_gate5_required,True,9,"[true,true,false,true,true,true,true,true,true]","[true,true,true,true,true,true,true,true,true]","[true,true,false,true,true,true,true,true,true]","[true,true,true,true,true,true,true,true,true,true,true,true,true,true,true,true,true,true,true,true]","[true,true,true,true,true,true,true,true,true,true,true,true,true,true,true,true,true,true,true,true]","[true,true,true,true,true,true,true,true,true,true,true,true,true,true,true,true,true,true,true,true]","[true,true,true,true,true,true,true,true,true,true,true,true,true,true,true,true,true,true,true,true]","[true,true,true,true,true,true,true,true,true,true,true,true,true,true,true,true,true,true,true,true]","[[],[],[],[],[],[],[],[],[],[],[],[],[],[],[],[],[],[],[],[]]",True,True,True,True,True,True,True,True,0.0,1.7075472925031877e-06,True,"{""akita_black_bowl_1"":{""position"":[-0.14396271457530635,0.2260995321576085,0.8984070750855586],""quaternion_xyzw"":[-1.387475437437698e-05,1.6673001080751463e-06,0.7071067792293568,0.7071067830056482]},""alphabet_soup_1"":{""position"":[0.23401252116936996,0.11883694274795867,0.9383929103723911],""quaternion_xyzw"":[0.002251088091534102,0.7077061030915652,0.7064997314594988,-0.002265766318742581]},""cream_cheese_1"":{""position"":[0.2337817411986309,0.3645854109531487,0.9089214774181752],""quaternion_xyzw"":[-2.3660524650834352e-17,1.1778947253474826e-17,1.0,1.93947115168134e-25]},""white_yellow_mug_1"":{""position"":[0.23332375654164478,-0.12514407827637222,0.9000940748168837],""quaternion_xyzw"":[-7.477882464161099e-06,-1.0947823346006894e-05,0.7071071218390036,-0.7071064404096369]}}","{""akita_black_bowl_1"":{""position"":[-0.14396271457530282,0.226099532157604,0.8984070750980836],""quaternion_xyzw"":[-1.387475531983353e-05,1.667300234274629e-06,0.7071067792293568,0.7071067830056482]},""alphabet_soup_1"":{""position"":[0.23401252116936566,0.11883694274795606,0.9383929103724435],""quaternion_xyzw"":[0.0022510880914927782,0.7077061030915408,0.7064997314595235,-0.0022657663187015367]},""cream_cheese_1"":{""position"":[0.2337817411986309,0.3645854109531487,0.9089214774186077],""quaternion_xyzw"":[-2.2473249246170918e-17,1.055313469275745e-17,1.0,-4.295099284067036e-18]},""white_yellow_mug_1"":{""position"":[0.23332375654164464,-0.1251440782763714,0.9000940748299845],""quaternion_xyzw"":[-7.477883678160704e-06,-1.0947825020275941e-05,0.7071071218390034,-0.7071064404096367]}}",{},True,1,0.0,0.0,0.0,True,True,[],True,
libero_36_proxy_tabletop_draft_v4,libero_registered_object_36_proxy_tabletop,libero_36_oracle_goal_v1,gate4_terminal_goal_semantics,full,8,0,akita_black_bowl*push_to*right,akita_black_bowl,push_to,right,relation_negative,1,460081,akita_black_bowl_1,,left,/root/smolvla-libero-compositional-generalization/data/libero_36/bddl/task_008_layout_0_akita_black_bowl_push_to_right.bddl,8f236582deaad5aa1425814302bc3a7d1ec9a8a951dbe3aed6f84b64c208e7ac,0c84cf9e8e791839c810e80016fe9b748e7d4d15ee43c083d4169403b6cbf310,"{""akita_black_bowl"":0,""alphabet_soup"":2,""cream_cheese"":3,""white_yellow_mug"":1}","[[""on"",""akita_black_bowl_1"",""main_table_target_left_region""],[""on"",""white_yellow_mug_1"",""main_table_source_slot_1_region""],[""on"",""alphabet_soup_1"",""main_table_source_slot_2_region""],[""on"",""cream_cheese_1"",""main_table_source_slot_3_region""]]",deterministic_bddl_init_substitution_using_libero_conditional_and_table_region_samplers,1,"{""camera_id"":2,""camera_name"":""agentview"",""camera_protocol_version"":""libero_36_agentview_v1"",""fovy_deg"":75.0,""height"":128,""position_m"":[0.6586131746834771,0.0,1.6103500240372424],""pre_apply_fovy_deg"":45.0,""quaternion_wxyz"":[0.6380177212293417,0.30484971880648903,0.30484983801576876,0.6380177212293417],""width"":128}",True,True,False,True,False,False,not_evaluated_gate5_required,True,9,"[false,false,false,false,false,false,false,false,false]","[true,true,true,true,true,true,true,true,true]","[false,false,false,false,false,false,false,false,false]","[false,false,false,false,false,false,false,false,false,false,false,false,false,false,false,false,false,false,false,false]","[true,true,true,true,true,true,true,true,true,true,true,true,true,true,true,true,true,true,true,true]","[false,false,false,false,false,false,false,false,false,false,false,false,false,false,false,false,false,false,false,false]","[true,true,true,true,true,true,true,true,true,true,true,true,true,true,true,true,true,true,true,true]","[true,true,true,true,true,true,true,true,true,true,true,true,true,true,true,true,true,true,true,true]","[[],[],[],[],[],[],[],[],[],[],[],[],[],[],[],[],[],[],[],[]]",True,True,True,True,True,True,True,True,0.0,1.7075472925031877e-06,True,"{""akita_black_bowl_1"":{""position"":[-0.14058572618541995,-0.20379876073225095,0.8984070750855586],""quaternion_xyzw"":[-1.387475437437282e-05,1.6673001080758447e-06,0.7071067792293568,0.7071067830056482]},""alphabet_soup_1"":{""position"":[0.2354759018288112,0.11534052977938417,0.9383929103723911],""quaternion_xyzw"":[0.002251088091534163,0.7077061030915652,0.7064997314594988,-0.0022657663187425872]},""cream_cheese_1"":{""position"":[0.2380844976524458,0.3560552457759771,0.9089214774181752],""quaternion_xyzw"":[0.0,0.0,1.0,0.0]},""white_yellow_mug_1"":{""position"":[0.23941685013597452,-0.12837076884104626,0.9000940748168837],""quaternion_xyzw"":[-7.477882464144274e-06,-1.094782334599995e-05,0.7071071218390036,-0.7071064404096369]}}","{""akita_black_bowl_1"":{""position"":[-0.14058572618541643,-0.20379876073225545,0.8984070750980836],""quaternion_xyzw"":[-1.3874755319828887e-05,1.6673002342716436e-06,0.7071067792293568,0.7071067830056482]},""alphabet_soup_1"":{""position"":[0.2354759018288069,0.11534052977938156,0.9383929103724435],""quaternion_xyzw"":[0.002251088091492787,0.7077061030915408,0.7064997314595235,-0.0022657663187015233]},""cream_cheese_1"":{""position"":[0.2380844976524458,0.3560552457759771,0.9089214774186077],""quaternion_xyzw"":[0.0,0.0,1.0,0.0]},""white_yellow_mug_1"":{""position"":[0.23941685013597439,-0.12837076884104542,0.9000940748299845],""quaternion_xyzw"":[-7.477883678160021e-06,-1.0947825020273829e-05,0.7071071218390034,-0.7071064404096367]}}",{},True,1,0.0,0.0,0.0,True,True,[],True,
libero_36_proxy_tabletop_draft_v4,libero_registered_object_36_proxy_tabletop,libero_36_oracle_goal_v1,gate4_terminal_goal_semantics,full,9,0,white_yellow_mug*put_on_top*left,white_yellow_mug,put_on_top,left,positive,0,460090,white_yellow_mug_1,plate_1,middle,/root/smolvla-libero-compositional-generalization/data/libero_36/bddl/task_009_layout_0_white_yellow_mug_put_on_top_left.bddl,e4be5ee07004a1f61aac08eca703b2f06b860e6a7454de81aa4a9b03f281f94c,d67bc51c9b71acb7841d2ddc611a473b98b1db4082529a7ccb11d66e1cc56494,"{""akita_black_bowl"":0,""alphabet_soup"":2,""cream_cheese"":3,""white_yellow_mug"":1}","[[""on"",""akita_black_bowl_1"",""main_table_source_slot_0_region""],[""on"",""white_yellow_mug_1"",""plate_1""],[""on"",""alphabet_soup_1"",""main_table_source_slot_2_region""],[""on"",""cream_cheese_1"",""main_table_source_slot_3_region""],[""on"",""plate_1"",""main_table_target_left_region""]]",deterministic_bddl_init_substitution_using_libero_conditional_and_table_region_samplers,1,"{""camera_id"":2,""camera_name"":""agentview"",""camera_protocol_version"":""libero_36_agentview_v1"",""fovy_deg"":75.0,""height"":128,""position_m"":[0.6586131746834771,0.0,1.6103500240372424],""pre_apply_fovy_deg"":45.0,""quaternion_wxyz"":[0.6380177212293417,0.30484971880648903,0.30484983801576876,0.6380177212293417],""width"":128}",True,True,True,True,True,False,not_applicable,True,22,"[false,false,false,true,true,true,true,true,true,true,true,true,true,true,true,true,true,true,true,true,true,true]","[true,true,true,true,true,true,true,true,true,true,true,true,true,true,true,true,true,true,true,true,true,true]","[false,false,false,true,true,true,true,true,true,true,true,true,true,true,true,true,true,true,true,true,true,true]","[true,true,true,true,true,true,true,true,true,true,true,true,true,true,true,true,true,true,true,true]","[true,true,true,true,true,true,true,true,true,true,true,true,true,true,true,true,true,true,true,true]","[true,true,true,true,true,true,true,true,true,true,true,true,true,true,true,true,true,true,true,true]","[true,true,true,true,true,true,true,true,true,true,true,true,true,true,true,true,true,true,true,true]","[true,true,true,true,true,true,true,true,true,true,true,true,true,true,true,true,true,true,true,true]","[[],[],[],[],[],[],[],[],[],[],[],[],[],[],[],[],[],[],[],[]]",True,True,True,True,True,True,True,True,1.650989383374357e-08,5.122641877509564e-06,True,"{""akita_black_bowl_1"":{""position"":[0.23763893110344944,-0.35217532424094483,0.8984070750980836],""quaternion_xyzw"":[-1.3874755319812548e-05,1.6673002342330142e-06,0.7071067792293568,0.7071067830056483]},""alphabet_soup_1"":{""position"":[0.24239084213045264,0.11160959318906272,0.9383929103724437],""quaternion_xyzw"":[0.0022510880914928103,0.7077061030915408,0.7064997314595237,-0.00226576631870146]},""cream_cheese_1"":{""position"":[0.23821754414632226,0.3616598928032139,0.9089214774186077],""quaternion_xyzw"":[0.0,0.0,1.0,0.0]},""plate_1"":{""position"":[-0.12249756270772941,-0.24689690639349351,0.9024877970665615],""quaternion_xyzw"":[-5.5206257372748926e-05,0.0001321712026984928,0.6947845555422063,0.7192179091645738]},""white_yellow_mug_1"":{""position"":[-0.1229969897566843,-0.2476409044266449,0.9084196419801562],""quaternion_xyzw"":[-0.02375546254968943,-0.025377574242278843,0.762837577669871,-0.6456550834767674]}}","{""akita_black_bowl_1"":{""position"":[0.23763893110344944,-0.35217532424094483,0.8984070750980836],""quaternion_xyzw"":[-1.3874755319815773e-05,1.6673002342333774e-06,0.7071067792293568,0.7071067830056483]},""alphabet_soup_1"":{""position"":[0.24239084213045264,0.11160959318906272,0.9383929103724437],""quaternion_xyzw"":[0.0022510880914926876,0.7077061030915408,0.7064997314595237,-0.002265766318701569]},""cream_cheese_1"":{""position"":[0.23821754414632226,0.3616598928032139,0.9089214774186077],""quaternion_xyzw"":[0.0,0.0,1.0,0.0]},""plate_1"":{""position"":[-0.12249766685987858,-0.24689690999286004,0.902487922150055],""quaternion_xyzw"":[-6.567053184640571e-05,0.00012090785526112448,0.694784610948612,0.7192178567427658]},""white_yellow_mug_1"":{""position"":[-0.12299736661469601,-0.24763894928622932,0.9083896590742477],""quaternion_xyzw"":[-0.026395939901899337,-0.023555200190896783,0.7628909582426848,-0.6455585122451878]}}",{},True,1,0.0,0.0,0.0,True,True,[],True,
libero_36_proxy_tabletop_draft_v4,libero_registered_object_36_proxy_tabletop,libero_36_oracle_goal_v1,gate4_terminal_goal_semantics,full,9,0,white_yellow_mug*put_on_top*left,white_yellow_mug,put_on_top,left,relation_negative,1,460091,white_yellow_mug_1,plate_1,middle,/root/smolvla-libero-compositional-generalization/data/libero_36/bddl/task_009_layout_0_white_yellow_mug_put_on_top_left.bddl,e4be5ee07004a1f61aac08eca703b2f06b860e6a7454de81aa4a9b03f281f94c,2e0037f1aa4528de3d8911c2428f646bb368e00d94bbdf051de16eadc3880442,"{""akita_black_bowl"":0,""alphabet_soup"":2,""cream_cheese"":3,""white_yellow_mug"":1}","[[""on"",""akita_black_bowl_1"",""main_table_source_slot_0_region""],[""on"",""white_yellow_mug_1"",""main_table_target_middle_region""],[""on"",""alphabet_soup_1"",""main_table_source_slot_2_region""],[""on"",""cream_cheese_1"",""main_table_source_slot_3_region""],[""on"",""plate_1"",""main_table_target_left_region""]]",deterministic_bddl_init_substitution_using_libero_conditional_and_table_region_samplers,1,"{""camera_id"":2,""camera_name"":""agentview"",""camera_protocol_version"":""libero_36_agentview_v1"",""fovy_deg"":75.0,""height"":128,""position_m"":[0.6586131746834771,0.0,1.6103500240372424],""pre_apply_fovy_deg"":45.0,""quaternion_wxyz"":[0.6380177212293417,0.30484971880648903,0.30484983801576876,0.6380177212293417],""width"":128}",True,True,False,True,False,False,not_applicable,True,9,"[false,false,false,false,false,false,false,false,false]","[true,true,true,true,true,true,true,true,true]","[false,false,false,false,false,false,false,false,false]","[false,false,false,false,false,false,false,false,false,false,false,false,false,false,false,false,false,false,false,false]","[true,true,true,true,true,true,true,true,true,true,true,true,true,true,true,true,true,true,true,true]","[false,false,false,false,false,false,false,false,false,false,false,false,false,false,false,false,false,false,false,false]","[true,true,true,true,true,true,true,true,true,true,true,true,true,true,true,true,true,true,true,true]","[true,true,true,true,true,true,true,true,true,true,true,true,true,true,true,true,true,true,true,true]","[[],[],[],[],[],[],[],[],[],[],[],[],[],[],[],[],[],[],[],[]]",True,True,True,True,True,True,True,True,0.0,1.7075472925031877e-06,True,"{""akita_black_bowl_1"":{""position"":[0.2403322875258296,-0.35887606145239886,0.8984070750855586],""quaternion_xyzw"":[-1.3874754374373533e-05,1.6673001080762606e-06,0.7071067792293568,0.7071067830056482]},""alphabet_soup_1"":{""position"":[0.24009798893270756,0.12155860675786123,0.9383929103723911],""quaternion_xyzw"":[0.0022510880915341015,0.7077061030915653,0.7064997314594988,-0.002265766318742606]},""cream_cheese_1"":{""position"":[0.23609798498274995,0.35904088521994154,0.9089214774181752],""quaternion_xyzw"":[0.0,0.0,1.0,0.0]},""plate_1"":{""position"":[-0.1636392772805609,-0.2494928001301673,0.9025063385199519],""quaternion_xyzw"":[-1.321892966229447e-05,5.905203457687017e-06,0.7071067522302278,0.7071068099946484]},""white_yellow_mug_1"":{""position"":[-0.1432386816382508,-0.031690745714047855,0.9000940748168837],""quaternion_xyzw"":[-7.477882464148451e-06,-1.0947823346021929e-05,0.7071071218390036,-0.7071064404096369]}}","{""akita_black_bowl_1"":{""position"":[0.24033228752583313,-0.3588760614524035,0.8984070750980836],""quaternion_xyzw"":[-1.3874755319834379e-05,1.6673002342751425e-06,0.7071067792293568,0.7071067830056482]},""alphabet_soup_1"":{""position"":[0.24009798893270326,0.12155860675785861,0.9383929103724437],""quaternion_xyzw"":[0.0022510880914928,0.7077061030915408,0.7064997314595237,-0.0022657663187014916]},""cream_cheese_1"":{""position"":[0.23609798498274995,0.35904088521994154,0.9089214774186077],""quaternion_xyzw"":[0.0,0.0,1.0,0.0]},""plate_1"":{""position"":[-0.1636392772805625,-0.24949280013016223,0.902506338529415],""quaternion_xyzw"":[-1.3218930757373995e-05,5.905204028420338e-06,0.7071067522302278,0.7071068099946484]},""white_yellow_mug_1"":{""position"":[-0.14323868163825093,-0.03169074571404693,0.9000940748299845],""quaternion_xyzw"":[-7.477883678161763e-06,-1.0947825020276346e-05,0.7071071218390034,-0.7071064404096367]}}",{},True,1,0.0,0.0,0.0,True,True,[],True,
libero_36_proxy_tabletop_draft_v4,libero_registered_object_36_proxy_tabletop,libero_36_oracle_goal_v1,gate4_terminal_goal_semantics,full,9,0,white_yellow_mug*put_on_top*left,white_yellow_mug,put_on_top,left,receiver_region_negative,2,460092,white_yellow_mug_1,plate_1,middle,/root/smolvla-libero-compositional-generalization/data/libero_36/bddl/task_009_layout_0_white_yellow_mug_put_on_top_left.bddl,e4be5ee07004a1f61aac08eca703b2f06b860e6a7454de81aa4a9b03f281f94c,f998d9388afccabddd69ef1b7878bd1f61459e6f3a18286fc20fa47d99442780,"{""akita_black_bowl"":0,""alphabet_soup"":2,""cream_cheese"":3,""white_yellow_mug"":1}","[[""on"",""akita_black_bowl_1"",""main_table_source_slot_0_region""],[""on"",""white_yellow_mug_1"",""plate_1""],[""on"",""alphabet_soup_1"",""main_table_source_slot_2_region""],[""on"",""cream_cheese_1"",""main_table_source_slot_3_region""],[""on"",""plate_1"",""main_table_target_middle_region""]]",deterministic_bddl_init_substitution_using_libero_conditional_and_table_region_samplers,1,"{""camera_id"":2,""camera_name"":""agentview"",""camera_protocol_version"":""libero_36_agentview_v1"",""fovy_deg"":75.0,""height"":128,""position_m"":[0.6586131746834771,0.0,1.6103500240372424],""pre_apply_fovy_deg"":45.0,""quaternion_wxyz"":[0.6380177212293417,0.30484971880648903,0.30484983801576876,0.6380177212293417],""width"":128}",True,True,True,False,False,False,not_applicable,True,22,"[false,false,false,true,true,true,true,true,true,true,true,true,true,true,true,true,true,true,true,true,true,true]","[false,false,false,false,false,false,false,false,false,false,false,false,false,false,false,false,false,false,false,false,false,false]","[false,false,false,false,false,false,false,false,false,false,false,false,false,false,false,false,false,false,false,false,false,false]","[true,true,true,true,true,true,true,true,true,true,true,true,true,true,true,true,true,true,true,true]","[false,false,false,false,false,false,false,false,false,false,false,false,false,false,false,false,false,false,false,false]","[false,false,false,false,false,false,false,false,false,false,false,false,false,false,false,false,false,false,false,false]","[true,true,true,true,true,true,true,true,true,true,true,true,true,true,true,true,true,true,true,true]","[true,true,true,true,true,true,true,true,true,true,true,true,true,true,true,true,true,true,true,true]","[[],[],[],[],[],[],[],[],[],[],[],[],[],[],[],[],[],[],[],[]]",True,True,True,True,True,True,True,True,1.650989384070941e-08,5.122641877509564e-06,True,"{""akita_black_bowl_1"":{""position"":[0.24142857353505795,-0.35919165151302307,0.8984070750980836],""quaternion_xyzw"":[-1.3874755319831436e-05,1.6673002342697306e-06,0.7071067792293568,0.7071067830056482]},""alphabet_soup_1"":{""position"":[0.22625860317261715,0.1296432435830487,0.9383929103724437],""quaternion_xyzw"":[0.002251088091492816,0.7077061030915407,0.7064997314595237,-0.0022657663187014526]},""cream_cheese_1"":{""position"":[0.2392382955921035,0.35742623237642274,0.9089214774186077],""quaternion_xyzw"":[0.0,0.0,1.0,0.0]},""plate_1"":{""position"":[-0.13808400622125147,0.014532389239268017,0.9024877970665615],""quaternion_xyzw"":[-5.5206257372652554e-05,0.00013217120269859992,0.6947845555422161,0.7192179091645646]},""white_yellow_mug_1"":{""position"":[-0.138583433270205,0.013788391206110934,0.9084196419801388],""quaternion_xyzw"":[-0.02375546255113839,-0.025377574241258683,0.7628375776698993,-0.6456550834767206]}}","{""akita_black_bowl_1"":{""position"":[0.24142857353505795,-0.35919165151302307,0.8984070750980836],""quaternion_xyzw"":[-1.3874755319831154e-05,1.66730023427454e-06,0.7071067792293568,0.7071067830056482]},""alphabet_soup_1"":{""position"":[0.22625860317261715,0.1296432435830487,0.9383929103724437],""quaternion_xyzw"":[0.0022510880914927535,0.7077061030915407,0.7064997314595237,-0.0022657663187015263]},""cream_cheese_1"":{""position"":[0.2392382955921035,0.35742623237642274,0.9089214774186077],""quaternion_xyzw"":[0.0,0.0,1.0,0.0]},""plate_1"":{""position"":[-0.13808411037340113,0.01453238563989813,0.902487922150055],""quaternion_xyzw"":[-6.567053184641435e-05,0.00012090785526115748,0.6947846109486213,0.7192178567427568]},""white_yellow_mug_1"":{""position"":[-0.13858381012821658,0.013790346346530388,0.9083896590742478],""quaternion_xyzw"":[-0.026395939901903274,-0.023555200190899534,0.762890958242715,-0.6455585122451518]}}",{},True,1,0.0,0.0,0.0,True,True,[],True,
libero_36_proxy_tabletop_draft_v4,libero_registered_object_36_proxy_tabletop,libero_36_oracle_goal_v1,gate4_terminal_goal_semantics,full,10,0,white_yellow_mug*put_on_top*middle,white_yellow_mug,put_on_top,middle,positive,0,460100,white_yellow_mug_1,plate_1,right,/root/smolvla-libero-compositional-generalization/data/libero_36/bddl/task_010_layout_0_white_yellow_mug_put_on_top_middle.bddl,38fd040750d5c57f61144b1f4ed0af7e124896013f16b54137eb1c6ba06cc0d3,d6e6b1a9109db039100c2f90e36fe1528bbf848c8ebec987b93feca127a232a0,"{""akita_black_bowl"":0,""alphabet_soup"":2,""cream_cheese"":3,""white_yellow_mug"":1}","[[""on"",""akita_black_bowl_1"",""main_table_source_slot_0_region""],[""on"",""white_yellow_mug_1"",""plate_1""],[""on"",""alphabet_soup_1"",""main_table_source_slot_2_region""],[""on"",""cream_cheese_1"",""main_table_source_slot_3_region""],[""on"",""plate_1"",""main_table_target_middle_region""]]",deterministic_bddl_init_substitution_using_libero_conditional_and_table_region_samplers,1,"{""camera_id"":2,""camera_name"":""agentview"",""camera_protocol_version"":""libero_36_agentview_v1"",""fovy_deg"":75.0,""height"":128,""position_m"":[0.6586131746834771,0.0,1.6103500240372424],""pre_apply_fovy_deg"":45.0,""quaternion_wxyz"":[0.6380177212293417,0.30484971880648903,0.30484983801576876,0.6380177212293417],""width"":128}",True,True,True,True,True,False,not_applicable,True,22,"[false,false,false,true,true,true,true,true,true,true,true,true,true,true,true,true,true,true,true,true,true,true]","[true,true,true,true,true,true,true,true,true,true,true,true,true,true,true,true,true,true,true,true,true,true]","[false,false,false,true,true,true,true,true,true,true,true,true,true,true,true,true,true,true,true,true,true,true]","[true,true,true,true,true,true,true,true,true,true,true,true,true,true,true,true,true,true,true,true]","[true,true,true,true,true,true,true,true,true,true,true,true,true,true,true,true,true,true,true,true]","[true,true,true,true,true,true,true,true,true,true,true,true,true,true,true,true,true,true,true,true]","[true,true,true,true,true,true,true,true,true,true,true,true,true,true,true,true,true,true,true,true]","[true,true,true,true,true,true,true,true,true,true,true,true,true,true,true,true,true,true,true,true]","[[],[],[],[],[],[],[],[],[],[],[],[],[],[],[],[],[],[],[],[]]",True,True,True,True,True,True,True,True,1.6509893838922345e-08,5.399738656763832e-06,True,"{""akita_black_bowl_1"":{""position"":[0.23420391325254084,-0.35521908702160004,0.8984070750980836],""quaternion_xyzw"":[-1.3874755319824574e-05,1.667300234267952e-06,0.7071067792293568,0.7071067830056482]},""alphabet_soup_1"":{""position"":[0.23823098645824303,0.12487177207240635,0.9383929103724437],""quaternion_xyzw"":[0.002251088091492546,0.7077061030915408,0.7064997314595235,-0.0022657663187017527]},""cream_cheese_1"":{""position"":[0.23397232809738117,0.3616351827700371,0.9089214774186077],""quaternion_xyzw"":[4.5859147397934175e-17,8.506096476240928e-18,1.0,3.2632107766060014e-18]},""plate_1"":{""position"":[-0.06900720876380721,-0.01222931359247393,0.9024877970665615],""quaternion_xyzw"":[-5.5206257372729336e-05,0.00013217120269849906,0.6947845555422181,0.7192179091645625]},""white_yellow_mug_1"":{""position"":[-0.06950663581276204,-0.012973311625626732,0.9084196419801579],""quaternion_xyzw"":[-0.02375546254952909,-0.025377574242386014,0.7628375776698728,-0.6456550834767671]}}","{""akita_black_bowl_1"":{""position"":[0.23420391325254084,-0.35521908702160004,0.8984070750980836],""quaternion_xyzw"":[-1.3874755319839629e-05,1.6673002342875864e-06,0.7071067792293568,0.7071067830056482]},""alphabet_soup_1"":{""position"":[0.23823098645824303,0.12487177207240635,0.9383929103724437],""quaternion_xyzw"":[0.0022510880914924014,0.7077061030915408,0.7064997314595235,-0.0022657663187018876]},""cream_cheese_1"":{""position"":[0.23397232809738117,0.3616351827700371,0.9089214774186077],""quaternion_xyzw"":[2.757275408853743e-17,9.83630993290967e-18,1.0,1.040014677128146e-18]},""plate_1"":{""position"":[-0.06900731291595648,-0.01222931719184358,0.902487922150055],""quaternion_xyzw"":[-6.567053184647199e-05,0.00012090785526112744,0.6947846109486239,0.7192178567427544]},""white_yellow_mug_1"":{""position"":[-0.06950701267077375,-0.012971356485211746,0.9083896590742478],""quaternion_xyzw"":[-0.026395939901901644,-0.02355520019089846,0.7628909582426863,-0.645558512245186]}}",{},True,1,0.0,0.0,0.0,True,True,[],True,
libero_36_proxy_tabletop_draft_v4,libero_registered_object_36_proxy_tabletop,libero_36_oracle_goal_v1,gate4_terminal_goal_semantics,full,10,0,white_yellow_mug*put_on_top*middle,white_yellow_mug,put_on_top,middle,relation_negative,1,460101,white_yellow_mug_1,plate_1,right,/root/smolvla-libero-compositional-generalization/data/libero_36/bddl/task_010_layout_0_white_yellow_mug_put_on_top_middle.bddl,38fd040750d5c57f61144b1f4ed0af7e124896013f16b54137eb1c6ba06cc0d3,0e327aa9ddf835e9ce0141da6af6b240a8eea83424180ccd1d4587e0d44dd653,"{""akita_black_bowl"":0,""alphabet_soup"":2,""cream_cheese"":3,""white_yellow_mug"":1}","[[""on"",""akita_black_bowl_1"",""main_table_source_slot_0_region""],[""on"",""white_yellow_mug_1"",""main_table_target_right_region""],[""on"",""alphabet_soup_1"",""main_table_source_slot_2_region""],[""on"",""cream_cheese_1"",""main_table_source_slot_3_region""],[""on"",""plate_1"",""main_table_target_middle_region""]]",deterministic_bddl_init_substitution_using_libero_conditional_and_table_region_samplers,1,"{""camera_id"":2,""camera_name"":""agentview"",""camera_protocol_version"":""libero_36_agentview_v1"",""fovy_deg"":75.0,""height"":128,""position_m"":[0.6586131746834771,0.0,1.6103500240372424],""pre_apply_fovy_deg"":45.0,""quaternion_wxyz"":[0.6380177212293417,0.30484971880648903,0.30484983801576876,0.6380177212293417],""width"":128}",True,True,False,True,False,False,not_applicable,True,9,"[false,false,false,false,false,false,false,false,false]","[true,true,true,true,true,true,true,true,true]","[false,false,false,false,false,false,false,false,false]","[false,false,false,false,false,false,false,false,false,false,false,false,false,false,false,false,false,false,false,false]","[true,true,true,true,true,true,true,true,true,true,true,true,true,true,true,true,true,true,true,true]","[false,false,false,false,false,false,false,false,false,false,false,false,false,false,false,false,false,false,false,false]","[true,true,true,true,true,true,true,true,true,true,true,true,true,true,true,true,true,true,true,true]","[true,true,true,true,true,true,true,true,true,true,true,true,true,true,true,true,true,true,true,true]","[[],[],[],[],[],[],[],[],[],[],[],[],[],[],[],[],[],[],[],[]]",True,True,True,True,True,True,True,True,0.0,1.7075472925031877e-06,True,"{""akita_black_bowl_1"":{""position"":[0.23275778662010177,-0.36825731856311,0.8984070750855586],""quaternion_xyzw"":[-1.3874754374367003e-05,1.6673001080842517e-06,0.7071067792293568,0.7071067830056483]},""alphabet_soup_1"":{""position"":[0.2279523373559854,0.11974251706815543,0.9383929103723911],""quaternion_xyzw"":[0.002251088091534164,0.7077061030915652,0.7064997314594988,-0.002265766318742547]},""cream_cheese_1"":{""position"":[0.23741706647997504,0.3578577615220262,0.9089214774181752],""quaternion_xyzw"":[0.0,0.0,1.0,0.0]},""plate_1"":{""position"":[-0.08813378060892611,-0.033918663503952604,0.9025063385199519],""quaternion_xyzw"":[-1.3218929662297868e-05,5.905203457706118e-06,0.7071067522302278,0.7071068099946484]},""white_yellow_mug_1"":{""position"":[-0.14766612828964115,0.20466493416569004,0.9000940748168837],""quaternion_xyzw"":[-7.4778824641639304e-06,-1.0947823346002166e-05,0.7071071218390036,-0.7071064404096369]}}","{""akita_black_bowl_1"":{""position"":[0.2327577866201053,-0.36825731856311467,0.8984070750980836],""quaternion_xyzw"":[-1.3874755319831026e-05,1.667300234244705e-06,0.7071067792293568,0.7071067830056483]},""alphabet_soup_1"":{""position"":[0.2279523373559811,0.11974251706815282,0.9383929103724435],""quaternion_xyzw"":[0.0022510880914928632,0.7077061030915409,0.7064997314595235,-0.0022657663187014686]},""cream_cheese_1"":{""position"":[0.23741706647997504,0.3578577615220262,0.9089214774186077],""quaternion_xyzw"":[0.0,0.0,1.0,0.0]},""plate_1"":{""position"":[-0.08813378060892776,-0.03391866350394736,0.902506338529415],""quaternion_xyzw"":[-1.3218930757359633e-05,5.905204028436682e-06,0.7071067522302278,0.7071068099946484]},""white_yellow_mug_1"":{""position"":[-0.1476661282896413,0.20466493416569087,0.9000940748299845],""quaternion_xyzw"":[-7.477883678157952e-06,-1.0947825020269673e-05,0.7071071218390034,-0.7071064404096367]}}",{},True,1,0.0,0.0,0.0,True,True,[],True,
libero_36_proxy_tabletop_draft_v4,libero_registered_object_36_proxy_tabletop,libero_36_oracle_goal_v1,gate4_terminal_goal_semantics,full,10,0,white_yellow_mug*put_on_top*middle,white_yellow_mug,put_on_top,middle,receiver_region_negative,2,460102,white_yellow_mug_1,plate_1,right,/root/smolvla-libero-compositional-generalization/data/libero_36/bddl/task_010_layout_0_white_yellow_mug_put_on_top_middle.bddl,38fd040750d5c57f61144b1f4ed0af7e124896013f16b54137eb1c6ba06cc0d3,fefa4957b82a80f75e0f2d26592848411607402d621b493f8f943283a14e71a0,"{""akita_black_bowl"":0,""alphabet_soup"":2,""cream_cheese"":3,""white_yellow_mug"":1}","[[""on"",""akita_black_bowl_1"",""main_table_source_slot_0_region""],[""on"",""white_yellow_mug_1"",""plate_1""],[""on"",""alphabet_soup_1"",""main_table_source_slot_2_region""],[""on"",""cream_cheese_1"",""main_table_source_slot_3_region""],[""on"",""plate_1"",""main_table_target_right_region""]]",deterministic_bddl_init_substitution_using_libero_conditional_and_table_region_samplers,1,"{""camera_id"":2,""camera_name"":""agentview"",""camera_protocol_version"":""libero_36_agentview_v1"",""fovy_deg"":75.0,""height"":128,""position_m"":[0.6586131746834771,0.0,1.6103500240372424],""pre_apply_fovy_deg"":45.0,""quaternion_wxyz"":[0.6380177212293417,0.30484971880648903,0.30484983801576876,0.6380177212293417],""width"":128}",True,True,True,False,False,False,not_applicable,True,22,"[false,false,false,true,true,true,true,true,true,true,true,true,true,true,true,true,true,true,true,true,true,true]","[false,false,false,false,false,false,false,false,false,false,false,false,false,false,false,false,false,false,false,false,false,false]","[false,false,false,false,false,false,false,false,false,false,false,false,false,false,false,false,false,false,false,false,false,false]","[true,true,true,true,true,true,true,true,true,true,true,true,true,true,true,true,true,true,true,true]","[false,false,false,false,false,false,false,false,false,false,false,false,false,false,false,false,false,false,false,false]","[false,false,false,false,false,false,false,false,false,false,false,false,false,false,false,false,false,false,false,false]","[true,true,true,true,true,true,true,true,true,true,true,true,true,true,true,true,true,true,true,true]","[true,true,true,true,true,true,true,true,true,true,true,true,true,true,true,true,true,true,true,true]","[[],[],[],[],[],[],[],[],[],[],[],[],[],[],[],[],[],[],[],[]]",True,True,True,True,True,True,True,True,1.650989385206857e-08,5.399738656763832e-06,True,"{""akita_black_bowl_1"":{""position"":[0.23266396282388604,-0.35450554970929393,0.8984070750980836],""quaternion_xyzw"":[-1.3874755319831308e-05,1.6673002342462453e-06,0.7071067792293568,0.7071067830056483]},""alphabet_soup_1"":{""position"":[0.24479124108270903,0.1271691951061553,0.9383929103724437],""quaternion_xyzw"":[0.002251088091492797,0.7077061030915408,0.7064997314595235,-0.0022657663187014964]},""cream_cheese_1"":{""position"":[0.2329610115638458,0.36184788384565336,0.9089214774186077],""quaternion_xyzw"":[7.199725083289512e-17,8.431736925759075e-18,1.0,-8.124022784629975e-19]},""plate_1"":{""position"":[-0.0808771481184489,0.23333734517321605,0.9024877970665613],""quaternion_xyzw"":[-5.520625737277972e-05,0.00013217120269843453,0.6947845555422147,0.7192179091645657]},""white_yellow_mug_1"":{""position"":[-0.08137657516740562,0.23259334714006416,0.9084196419801581],""quaternion_xyzw"":[-0.023755462549508687,-0.02537757424240212,0.7628375776698476,-0.645655083476797]}}","{""akita_black_bowl_1"":{""position"":[0.23266396282388604,-0.35450554970929393,0.8984070750980836],""quaternion_xyzw"":[-1.3874755319820449e-05,1.6673002342337007e-06,0.7071067792293568,0.7071067830056483]},""alphabet_soup_1"":{""position"":[0.24479124108270903,0.1271691951061553,0.9383929103724437],""quaternion_xyzw"":[0.002251088091492636,0.7077061030915408,0.7064997314595235,-0.0022657663187016547]},""cream_cheese_1"":{""position"":[0.2329610115638458,0.36184788384565336,0.9089214774186077],""quaternion_xyzw"":[5.557864625951056e-17,1.2104500524018947e-17,1.0,-1.0285337952075137e-19]},""plate_1"":{""position"":[-0.08087725227059799,0.23333734157384978,0.902487922150055],""quaternion_xyzw"":[-6.567053184646002e-05,0.00012090785526106061,0.6947846109486205,0.7192178567427576]},""white_yellow_mug_1"":{""position"":[-0.08137695202541734,0.2325953022804789,0.9083896590742476],""quaternion_xyzw"":[-0.02639593990189546,-0.023555200190893598,0.7628909582426618,-0.6455585122452153]}}",{},True,1,0.0,0.0,0.0,True,True,[],True,
libero_36_proxy_tabletop_draft_v4,libero_registered_object_36_proxy_tabletop,libero_36_oracle_goal_v1,gate4_terminal_goal_semantics,full,11,0,white_yellow_mug*put_on_top*right,white_yellow_mug,put_on_top,right,positive,0,460110,white_yellow_mug_1,plate_1,left,/root/smolvla-libero-compositional-generalization/data/libero_36/bddl/task_011_layout_0_white_yellow_mug_put_on_top_right.bddl,7a3460206428b43642fabb0ae3ccbe1993d2e91fb1c3b7464c5dba13da46b68a,c15575ab1bddb2f49249ae1cba553b914062655071440a2fcb6e67b29411d12f,"{""akita_black_bowl"":0,""alphabet_soup"":2,""cream_cheese"":3,""white_yellow_mug"":1}","[[""on"",""akita_black_bowl_1"",""main_table_source_slot_0_region""],[""on"",""white_yellow_mug_1"",""plate_1""],[""on"",""alphabet_soup_1"",""main_table_source_slot_2_region""],[""on"",""cream_cheese_1"",""main_table_source_slot_3_region""],[""on"",""plate_1"",""main_table_target_right_region""]]",deterministic_bddl_init_substitution_using_libero_conditional_and_table_region_samplers,1,"{""camera_id"":2,""camera_name"":""agentview"",""camera_protocol_version"":""libero_36_agentview_v1"",""fovy_deg"":75.0,""height"":128,""position_m"":[0.6586131746834771,0.0,1.6103500240372424],""pre_apply_fovy_deg"":45.0,""quaternion_wxyz"":[0.6380177212293417,0.30484971880648903,0.30484983801576876,0.6380177212293417],""width"":128}",True,True,True,True,True,False,not_applicable,True,22,"[false,false,false,true,true,true,true,true,true,true,true,true,true,true,true,true,true,true,true,true,true,true]","[true,true,true,true,true,true,true,true,true,true,true,true,true,true,true,true,true,true,true,true,true,true]","[false,false,false,true,true,true,true,true,true,true,true,true,true,true,true,true,true,true,true,true,true,true]","[true,true,true,true,true,true,true,true,true,true,true,true,true,true,true,true,true,true,true,true]","[true,true,true,true,true,true,true,true,true,true,true,true,true,true,true,true,true,true,true,true]","[true,true,true,true,true,true,true,true,true,true,true,true,true,true,true,true,true,true,true,true]","[true,true,true,true,true,true,true,true,true,true,true,true,true,true,true,true,true,true,true,true]","[true,true,true,true,true,true,true,true,true,true,true,true,true,true,true,true,true,true,true,true]","[[],[],[],[],[],[],[],[],[],[],[],[],[],[],[],[],[],[],[],[]]",True,True,True,True,True,True,True,True,1.6509893834468212e-08,5.399738656763832e-06,True,"{""akita_black_bowl_1"":{""position"":[0.23438655754938656,-0.36746883935063307,0.8984070750980836],""quaternion_xyzw"":[-1.3874755319833019e-05,1.6673002342448142e-06,0.7071067792293568,0.7071067830056483]},""alphabet_soup_1"":{""position"":[0.2386695530610219,0.1246627308014991,0.9383929103724435],""quaternion_xyzw"":[0.0022510880914927444,0.7077061030915408,0.7064997314595235,-0.0022657663187015736]},""cream_cheese_1"":{""position"":[0.23558156575744135,0.35624074971314,0.9089214774186077],""quaternion_xyzw"":[-5.846005422117569e-17,1.6578078888996355e-17,1.0,-1.3782555923073817e-19]},""plate_1"":{""position"":[-0.1583910037241276,0.2038201726185946,0.9024877970665615],""quaternion_xyzw"":[-5.520625737281866e-05,0.0001321712026984554,0.6947845555422196,0.7192179091645611]},""white_yellow_mug_1"":{""position"":[-0.15889043077308407,0.20307617458544114,0.908419641980162],""quaternion_xyzw"":[-0.023755462549167244,-0.025377574242632844,0.7628375776698537,-0.6456550834767932]}}","{""akita_black_bowl_1"":{""position"":[0.23438655754938656,-0.36746883935063307,0.8984070750980836],""quaternion_xyzw"":[-1.3874755319826874e-05,1.667300234234901e-06,0.7071067792293568,0.7071067830056483]},""alphabet_soup_1"":{""position"":[0.2386695530610219,0.1246627308014991,0.9383929103724435],""quaternion_xyzw"":[0.0022510880914926555,0.7077061030915408,0.7064997314595235,-0.0022657663187016603]},""cream_cheese_1"":{""position"":[0.23558156575744135,0.35624074971314,0.9089214774186077],""quaternion_xyzw"":[-5.885609689174993e-17,1.0670970208434567e-17,1.0,1.2060364296792937e-18]},""plate_1"":{""position"":[-0.1583911078762774,0.20382016901922836,0.902487922150055],""quaternion_xyzw"":[-6.567053184643376e-05,0.00012090785526107332,0.6947846109486255,0.7192178567427527]},""white_yellow_mug_1"":{""position"":[-0.1588908076310961,0.20307812972585515,0.9083896590742474],""quaternion_xyzw"":[-0.02639593990189008,-0.023555200190890437,0.7628909582426667,-0.6455585122452098]}}",{},True,1,0.0,0.0,0.0,True,True,[],True,
libero_36_proxy_tabletop_draft_v4,libero_registered_object_36_proxy_tabletop,libero_36_oracle_goal_v1,gate4_terminal_goal_semantics,full,11,0,white_yellow_mug*put_on_top*right,white_yellow_mug,put_on_top,right,relation_negative,1,460111,white_yellow_mug_1,plate_1,left,/root/smolvla-libero-compositional-generalization/data/libero_36/bddl/task_011_layout_0_white_yellow_mug_put_on_top_right.bddl,7a3460206428b43642fabb0ae3ccbe1993d2e91fb1c3b7464c5dba13da46b68a,1061bb51913ca09e7da95aa6e5e3d68c32339e23f0cd0a0894a5a7634a9f6334,"{""akita_black_bowl"":0,""alphabet_soup"":2,""cream_cheese"":3,""white_yellow_mug"":1}","[[""on"",""akita_black_bowl_1"",""main_table_source_slot_0_region""],[""on"",""white_yellow_mug_1"",""main_table_target_left_region""],[""on"",""alphabet_soup_1"",""main_table_source_slot_2_region""],[""on"",""cream_cheese_1"",""main_table_source_slot_3_region""],[""on"",""plate_1"",""main_table_target_right_region""]]",deterministic_bddl_init_substitution_using_libero_conditional_and_table_region_samplers,1,"{""camera_id"":2,""camera_name"":""agentview"",""camera_protocol_version"":""libero_36_agentview_v1"",""fovy_deg"":75.0,""height"":128,""position_m"":[0.6586131746834771,0.0,1.6103500240372424],""pre_apply_fovy_deg"":45.0,""quaternion_wxyz"":[0.6380177212293417,0.30484971880648903,0.30484983801576876,0.6380177212293417],""width"":128}",True,True,False,True,False,False,not_applicable,True,9,"[false,false,false,false,false,false,false,false,false]","[true,true,true,true,true,true,true,true,true]","[false,false,false,false,false,false,false,false,false]","[false,false,false,false,false,false,false,false,false,false,false,false,false,false,false,false,false,false,false,false]","[true,true,true,true,true,true,true,true,true,true,true,true,true,true,true,true,true,true,true,true]","[false,false,false,false,false,false,false,false,false,false,false,false,false,false,false,false,false,false,false,false]","[true,true,true,true,true,true,true,true,true,true,true,true,true,true,true,true,true,true,true,true]","[true,true,true,true,true,true,true,true,true,true,true,true,true,true,true,true,true,true,true,true]","[[],[],[],[],[],[],[],[],[],[],[],[],[],[],[],[],[],[],[],[]]",True,True,True,True,True,True,True,True,0.0,1.7075472925031877e-06,True,"{""akita_black_bowl_1"":{""position"":[0.22710655628118578,-0.3549306292989336,0.8984070750855586],""quaternion_xyzw"":[-1.3874754374369236e-05,1.6673001080843197e-06,0.7071067792293568,0.7071067830056483]},""alphabet_soup_1"":{""position"":[0.24261267749246174,0.11445200768405644,0.9383929103723911],""quaternion_xyzw"":[0.0022510880915341414,0.7077061030915653,0.7064997314594988,-0.002265766318742571]},""cream_cheese_1"":{""position"":[0.23896390158239608,0.36142839575072744,0.9089214774181752],""quaternion_xyzw"":[0.0,0.0,1.0,0.0]},""plate_1"":{""position"":[-0.14959415445805843,0.17617029474004614,0.9025063385199519],""quaternion_xyzw"":[-1.3218929662294608e-05,5.905203457686557e-06,0.7071067522302278,0.7071068099946484]},""white_yellow_mug_1"":{""position"":[-0.10942282256821265,-0.25370448708807947,0.9000940748168837],""quaternion_xyzw"":[-7.477882464133564e-06,-1.0947823346004851e-05,0.7071071218390036,-0.7071064404096369]}}","{""akita_black_bowl_1"":{""position"":[0.2271065562811893,-0.35493062929893826,0.8984070750980836],""quaternion_xyzw"":[-1.3874755319832751e-05,1.6673002342439028e-06,0.7071067792293568,0.7071067830056483]},""alphabet_soup_1"":{""position"":[0.24261267749245746,0.11445200768405384,0.9383929103724437],""quaternion_xyzw"":[0.0022510880914928307,0.7077061030915407,0.7064997314595236,-0.002265766318701462]},""cream_cheese_1"":{""position"":[0.23896390158239608,0.36142839575072744,0.9089214774186077],""quaternion_xyzw"":[0.0,0.0,1.0,0.0]},""plate_1"":{""position"":[-0.14959415445806,0.17617029474005122,0.902506338529415],""quaternion_xyzw"":[-1.321893075732543e-05,5.9052040284430385e-06,0.7071067522302278,0.7071068099946484]},""white_yellow_mug_1"":{""position"":[-0.10942282256821283,-0.2537044870880787,0.9000940748299845],""quaternion_xyzw"":[-7.4778836781552335e-06,-1.0947825020269431e-05,0.7071071218390034,-0.7071064404096367]}}",{},True,1,0.0,0.0,0.0,True,True,[],True,
libero_36_proxy_tabletop_draft_v4,libero_registered_object_36_proxy_tabletop,libero_36_oracle_goal_v1,gate4_terminal_goal_semantics,full,11,0,white_yellow_mug*put_on_top*right,white_yellow_mug,put_on_top,right,receiver_region_negative,2,460112,white_yellow_mug_1,plate_1,left,/root/smolvla-libero-compositional-generalization/data/libero_36/bddl/task_011_layout_0_white_yellow_mug_put_on_top_right.bddl,7a3460206428b43642fabb0ae3ccbe1993d2e91fb1c3b7464c5dba13da46b68a,7a4d6971cc92768d233c4a7aec96e57bfe73889546d235271bffd59d0c85c909,"{""akita_black_bowl"":0,""alphabet_soup"":2,""cream_cheese"":3,""white_yellow_mug"":1}","[[""on"",""akita_black_bowl_1"",""main_table_source_slot_0_region""],[""on"",""white_yellow_mug_1"",""plate_1""],[""on"",""alphabet_soup_1"",""main_table_source_slot_2_region""],[""on"",""cream_cheese_1"",""main_table_source_slot_3_region""],[""on"",""plate_1"",""main_table_target_left_region""]]",deterministic_bddl_init_substitution_using_libero_conditional_and_table_region_samplers,1,"{""camera_id"":2,""camera_name"":""agentview"",""camera_protocol_version"":""libero_36_agentview_v1"",""fovy_deg"":75.0,""height"":128,""position_m"":[0.6586131746834771,0.0,1.6103500240372424],""pre_apply_fovy_deg"":45.0,""quaternion_wxyz"":[0.6380177212293417,0.30484971880648903,0.30484983801576876,0.6380177212293417],""width"":128}",True,True,True,False,False,False,not_applicable,True,22,"[false,false,false,true,true,true,true,true,true,true,true,true,true,true,true,true,true,true,true,true,true,true]","[false,false,false,false,false,false,false,false,false,false,false,false,false,false,false,false,false,false,false,false,false,false]","[false,false,false,false,false,false,false,false,false,false,false,false,false,false,false,false,false,false,false,false,false,false]","[true,true,true,true,true,true,true,true,true,true,true,true,true,true,true,true,true,true,true,true]","[false,false,false,false,false,false,false,false,false,false,false,false,false,false,false,false,false,false,false,false]","[false,false,false,false,false,false,false,false,false,false,false,false,false,false,false,false,false,false,false,false]","[true,true,true,true,true,true,true,true,true,true,true,true,true,true,true,true,true,true,true,true]","[true,true,true,true,true,true,true,true,true,true,true,true,true,true,true,true,true,true,true,true]","[[],[],[],[],[],[],[],[],[],[],[],[],[],[],[],[],[],[],[],[]]",True,True,True,True,True,True,True,True,1.650989380612344e-08,5.663293681020316e-06,True,"{""akita_black_bowl_1"":{""position"":[0.2436874078072355,-0.36782812609531734,0.8984070750980836],""quaternion_xyzw"":[-1.3874755319833878e-05,1.667300234243586e-06,0.7071067792293568,0.7071067830056483]},""alphabet_soup_1"":{""position"":[0.22893100170712585,0.1150871326587343,0.9383929103724435],""quaternion_xyzw"":[0.002251088091492831,0.7077061030915409,0.7064997314595235,-0.0022657663187015016]},""cream_cheese_1"":{""position"":[0.2344822586714335,0.3613894179208847,0.9089214774186077],""quaternion_xyzw"":[0.0,0.0,1.0,0.0]},""plate_1"":{""position"":[-0.10372651556639079,-0.16882138719294035,0.9024877970665615],""quaternion_xyzw"":[-5.520625737265816e-05,0.0001321712026985221,0.6947845555422102,0.7192179091645703]},""white_yellow_mug_1"":{""position"":[-0.1042259426153456,-0.16956538522609746,0.9084196419801412],""quaternion_xyzw"":[-0.023755462550927024,-0.025377574241403928,0.762837577669882,-0.6456550834767434]}}","{""akita_black_bowl_1"":{""position"":[0.2436874078072355,-0.36782812609531734,0.8984070750980836],""quaternion_xyzw"":[-1.3874755319832926e-05,1.6673002342449866e-06,0.7071067792293568,0.7071067830056483]},""alphabet_soup_1"":{""position"":[0.22893100170712585,0.1150871326587343,0.9383929103724435],""quaternion_xyzw"":[0.002251088091492696,0.7077061030915409,0.7064997314595235,-0.002265766318701654]},""cream_cheese_1"":{""position"":[0.2344822586714335,0.3613894179208847,0.9089214774186077],""quaternion_xyzw"":[0.0,0.0,1.0,0.0]},""plate_1"":{""position"":[-0.1037266197185398,-0.1688213907923068,0.9024879221500551],""quaternion_xyzw"":[-6.56705318464155e-05,0.00012090785526111047,0.6947846109486154,0.7192178567427626]},""white_yellow_mug_1"":{""position"":[-0.10422631947335707,-0.16956343008567865,0.9083896590742475],""quaternion_xyzw"":[-0.026395939901893956,-0.023555200190892113,0.7628909582426978,-0.6455585122451729]}}",{},True,1,0.0,0.0,0.0,True,True,[],True,
libero_36_proxy_tabletop_draft_v4,libero_registered_object_36_proxy_tabletop,libero_36_oracle_goal_v1,gate4_terminal_goal_semantics,full,12,0,white_yellow_mug*put_inside*left,white_yellow_mug,put_inside,left,positive,0,460120,white_yellow_mug_1,basket_1,middle,/root/smolvla-libero-compositional-generalization/data/libero_36/bddl/task_012_layout_0_white_yellow_mug_put_inside_left.bddl,24149018632017e8e932b251f170641eae683cd39502d53a0919062d3b833b5f,d87d337021e5c5a83a3f85abc3e25d369c3e3474c5d3b941608e327b899c738d,"{""akita_black_bowl"":0,""alphabet_soup"":2,""cream_cheese"":3,""white_yellow_mug"":1}","[[""on"",""akita_black_bowl_1"",""main_table_source_slot_0_region""],[""in"",""white_yellow_mug_1"",""basket_1_contain_region""],[""on"",""alphabet_soup_1"",""main_table_source_slot_2_region""],[""on"",""cream_cheese_1"",""main_table_source_slot_3_region""],[""on"",""basket_1"",""main_table_target_left_region""]]",deterministic_bddl_init_substitution_using_libero_conditional_and_table_region_samplers,1,"{""camera_id"":2,""camera_name"":""agentview"",""camera_protocol_version"":""libero_36_agentview_v1"",""fovy_deg"":75.0,""height"":128,""position_m"":[0.6586131746834771,0.0,1.6103500240372424],""pre_apply_fovy_deg"":45.0,""quaternion_wxyz"":[0.6380177212293417,0.30484971880648903,0.30484983801576876,0.6380177212293417],""width"":128}",True,True,True,True,True,False,not_applicable,True,10,"[true,true,true,true,true,true,true,true,true,true]","[true,true,true,true,true,true,true,true,true,true]","[true,true,true,true,true,true,true,true,true,true]","[true,true,true,true,true,true,true,true,true,true,true,true,true,true,true,true,true,true,true,true]","[true,true,true,true,true,true,true,true,true,true,true,true,true,true,true,true,true,true,true,true]","[true,true,true,true,true,true,true,true,true,true,true,true,true,true,true,true,true,true,true,true]","[true,true,true,true,true,true,true,true,true,true,true,true,true,true,true,true,true,true,true,true]","[true,true,true,true,true,true,true,true,true,true,true,true,true,true,true,true,true,true,true,true]","[[],[],[],[],[],[],[],[],[],[],[],[],[],[],[],[],[],[],[],[]]",True,True,True,True,True,True,True,True,1.2626974466479803e-05,0.012410084043651605,True,"{""akita_black_bowl_1"":{""position"":[0.24300363293905963,-0.3624455054012072,0.8984070750975269],""quaternion_xyzw"":[-1.3874755277177076e-05,1.667300228330919e-06,0.7071067792293568,0.7071067830056482]},""alphabet_soup_1"":{""position"":[0.22690033127370815,0.11064999559971571,0.9383929103724418],""quaternion_xyzw"":[0.00225108809149464,0.7077061030915417,0.7064997314595226,-0.002265766318703199]},""basket_1"":{""position"":[-0.08568699107834114,-0.21165693962917315,0.8954143796257403],""quaternion_xyzw"":[-0.0016969410321458623,0.0016969914211078438,0.7070338827553803,0.7071756000083016]},""cream_cheese_1"":{""position"":[0.2311526189713424,0.3552640645821856,0.9089214774185893],""quaternion_xyzw"":[0.0,0.0,1.0,0.0]},""white_yellow_mug_1"":{""position"":[-0.08298905231569734,-0.20658838591378284,0.9235460920549816],""quaternion_xyzw"":[-0.03627585420063956,0.011042239758189415,0.7064929228446885,-0.7067035314143448]}}","{""akita_black_bowl_1"":{""position"":[0.24300363293905972,-0.3624455054012072,0.8984070750980836],""quaternion_xyzw"":[-1.3874755319832893e-05,1.6673002342693608e-06,0.7071067792293568,0.7071067830056482]},""alphabet_soup_1"":{""position"":[0.22690033127370804,0.1106499955997156,0.9383929103724437],""quaternion_xyzw"":[0.002251088091492724,0.7077061030915408,0.7064997314595235,-0.0022657663187015567]},""basket_1"":{""position"":[-0.08568699122216418,-0.21165693960947773,0.8954143792620435],""quaternion_xyzw"":[-0.0016969195131823522,0.0016970161869918699,0.7070338838274187,0.7071755989286841]},""cream_cheese_1"":{""position"":[0.2311526189713424,0.3552640645821856,0.9089214774186077],""quaternion_xyzw"":[0.0,0.0,1.0,0.0]},""white_yellow_mug_1"":{""position"":[-0.08261906389734724,-0.20630310887141107,0.9237300915680251],""quaternion_xyzw"":[-0.04013562998597703,0.011254985900195908,0.7076010955268488,-0.7053815606515518]}}",{},True,1,0.0,0.0,0.0,True,True,[],True,
libero_36_proxy_tabletop_draft_v4,libero_registered_object_36_proxy_tabletop,libero_36_oracle_goal_v1,gate4_terminal_goal_semantics,full,12,0,white_yellow_mug*put_inside*left,white_yellow_mug,put_inside,left,relation_negative,1,460121,white_yellow_mug_1,basket_1,middle,/root/smolvla-libero-compositional-generalization/data/libero_36/bddl/task_012_layout_0_white_yellow_mug_put_inside_left.bddl,24149018632017e8e932b251f170641eae683cd39502d53a0919062d3b833b5f,7de6dd81d7719503d774ee90bc5a07b02d4dce31b30a29148b38e7e64f19e683,"{""akita_black_bowl"":0,""alphabet_soup"":2,""cream_cheese"":3,""white_yellow_mug"":1}","[[""on"",""akita_black_bowl_1"",""main_table_source_slot_0_region""],[""on"",""white_yellow_mug_1"",""main_table_target_middle_region""],[""on"",""alphabet_soup_1"",""main_table_source_slot_2_region""],[""on"",""cream_cheese_1"",""main_table_source_slot_3_region""],[""on"",""basket_1"",""main_table_target_left_region""]]",deterministic_bddl_init_substitution_using_libero_conditional_and_table_region_samplers,1,"{""camera_id"":2,""camera_name"":""agentview"",""camera_protocol_version"":""libero_36_agentview_v1"",""fovy_deg"":75.0,""height"":128,""position_m"":[0.6586131746834771,0.0,1.6103500240372424],""pre_apply_fovy_deg"":45.0,""quaternion_wxyz"":[0.6380177212293417,0.30484971880648903,0.30484983801576876,0.6380177212293417],""width"":128}",True,True,False,True,False,False,not_applicable,True,9,"[false,false,false,false,false,false,false,false,false]","[true,true,true,true,true,true,true,true,true]","[false,false,false,false,false,false,false,false,false]","[false,false,false,false,false,false,false,false,false,false,false,false,false,false,false,false,false,false,false,false]","[true,true,true,true,true,true,true,true,true,true,true,true,true,true,true,true,true,true,true,true]","[false,false,false,false,false,false,false,false,false,false,false,false,false,false,false,false,false,false,false,false]","[true,true,true,true,true,true,true,true,true,true,true,true,true,true,true,true,true,true,true,true]","[true,true,true,true,true,true,true,true,true,true,true,true,true,true,true,true,true,true,true,true]","[[],[],[],[],[],[],[],[],[],[],[],[],[],[],[],[],[],[],[],[]]",True,True,True,True,True,True,True,True,0.0,1.7075472925031877e-06,True,"{""akita_black_bowl_1"":{""position"":[0.22974602539248515,-0.36460768922667774,0.8984070750855586],""quaternion_xyzw"":[-1.387475437437177e-05,1.6673001080752647e-06,0.7071067792293568,0.7071067830056482]},""alphabet_soup_1"":{""position"":[0.23067376898045702,0.11977835301271611,0.938392910372391],""quaternion_xyzw"":[0.002251088091534046,0.7077061030915652,0.7064997314594987,-0.0022657663187427178]},""basket_1"":{""position"":[-0.07672644380496663,-0.23929478704554538,0.8954176546581495],""quaternion_xyzw"":[-0.001694211823302477,0.0016940206597040762,0.7071047529253541,0.7071047506067798]},""cream_cheese_1"":{""position"":[0.23683459161190698,0.35870759504790206,0.9089214774181752],""quaternion_xyzw"":[-2.754221797217279e-17,8.509076848936718e-18,1.0,1.9219286045276706e-25]},""white_yellow_mug_1"":{""position"":[-0.11572396324837134,0.010785346373115054,0.9000940748168837],""quaternion_xyzw"":[-7.477882464150484e-06,-1.0947823346021829e-05,0.7071071218390036,-0.7071064404096369]}}","{""akita_black_bowl_1"":{""position"":[0.22974602539248867,-0.3646076892266824,0.8984070750980836],""quaternion_xyzw"":[-1.3874755319824306e-05,1.6673002342674226e-06,0.7071067792293568,0.7071067830056482]},""alphabet_soup_1"":{""position"":[0.2306737689804527,0.1197783530127135,0.9383929103724435],""quaternion_xyzw"":[0.002251088091492645,0.7077061030915409,0.7064997314595235,-0.0022657663187016846]},""basket_1"":{""position"":[-0.0767264438049664,-0.2392947870455843,0.8954176546734635],""quaternion_xyzw"":[-0.0016942118263254772,0.0016940206626867315,0.707104752925347,0.7071047506067727]},""cream_cheese_1"":{""position"":[0.23683459161190698,0.35870759504790206,0.9089214774186077],""quaternion_xyzw"":[-2.09437331095003e-17,6.2740362836976514e-18,1.0,8.029796432377727e-19]},""white_yellow_mug_1"":{""position"":[-0.11572396324837152,0.010785346373115985,0.9000940748299845],""quaternion_xyzw"":[-7.47788367815556e-06,-1.0947825020275023e-05,0.7071071218390034,-0.7071064404096367]}}",{},True,1,0.0,0.0,0.0,True,True,[],True,
libero_36_proxy_tabletop_draft_v4,libero_registered_object_36_proxy_tabletop,libero_36_oracle_goal_v1,gate4_terminal_goal_semantics,full,12,0,white_yellow_mug*put_inside*left,white_yellow_mug,put_inside,left,receiver_region_negative,2,460122,white_yellow_mug_1,basket_1,middle,/root/smolvla-libero-compositional-generalization/data/libero_36/bddl/task_012_layout_0_white_yellow_mug_put_inside_left.bddl,24149018632017e8e932b251f170641eae683cd39502d53a0919062d3b833b5f,1fb0695b993f305c6ab1f72e72ac3f3c214eaa09674af1c69293dd67c2bcf342,"{""akita_black_bowl"":0,""alphabet_soup"":2,""cream_cheese"":3,""white_yellow_mug"":1}","[[""on"",""akita_black_bowl_1"",""main_table_source_slot_0_region""],[""in"",""white_yellow_mug_1"",""basket_1_contain_region""],[""on"",""alphabet_soup_1"",""main_table_source_slot_2_region""],[""on"",""cream_cheese_1"",""main_table_source_slot_3_region""],[""on"",""basket_1"",""main_table_target_middle_region""]]",deterministic_bddl_init_substitution_using_libero_conditional_and_table_region_samplers,1,"{""camera_id"":2,""camera_name"":""agentview"",""camera_protocol_version"":""libero_36_agentview_v1"",""fovy_deg"":75.0,""height"":128,""position_m"":[0.6586131746834771,0.0,1.6103500240372424],""pre_apply_fovy_deg"":45.0,""quaternion_wxyz"":[0.6380177212293417,0.30484971880648903,0.30484983801576876,0.6380177212293417],""width"":128}",True,True,True,False,False,False,not_applicable,True,10,"[true,true,true,true,true,true,true,true,true,true]","[false,false,false,false,false,false,false,false,false,false]","[false,false,false,false,false,false,false,false,false,false]","[true,true,true,true,true,true,true,true,true,true,true,true,true,true,true,true,true,true,true,true]","[false,false,false,false,false,false,false,false,false,false,false,false,false,false,false,false,false,false,false,false]","[false,false,false,false,false,false,false,false,false,false,false,false,false,false,false,false,false,false,false,false]","[true,true,true,true,true,true,true,true,true,true,true,true,true,true,true,true,true,true,true,true]","[true,true,true,true,true,true,true,true,true,true,true,true,true,true,true,true,true,true,true,true]","[[],[],[],[],[],[],[],[],[],[],[],[],[],[],[],[],[],[],[],[]]",True,True,True,True,True,True,True,True,1.2626974466505327e-05,0.012410083926177873,True,"{""akita_black_bowl_1"":{""position"":[0.23429947486851802,-0.35418842797401695,0.8984070750975269],""quaternion_xyzw"":[-1.387475527717274e-05,1.667300228325803e-06,0.7071067792293568,0.7071067830056483]},""alphabet_soup_1"":{""position"":[0.23995699919363156,0.1300093435082406,0.9383929103724418],""quaternion_xyzw"":[0.002251088091494687,0.7077061030915417,0.7064997314595226,-0.002265766318703197]},""basket_1"":{""position"":[-0.10399135053923914,0.031044168289829064,0.8954143796257402],""quaternion_xyzw"":[-0.0016969410321460315,0.0016969914211079932,0.7070338827553803,0.7071756000083017]},""cream_cheese_1"":{""position"":[0.23764124937038558,0.3591878055397534,0.9089214774185893],""quaternion_xyzw"":[0.0,0.0,1.0,0.0]},""white_yellow_mug_1"":{""position"":[-0.10129341177659555,0.036112722005216626,0.9235460920549852],""quaternion_xyzw"":[-0.03627585420061905,0.011042239758202009,0.7064929228446895,-0.7067035314143448]}}","{""akita_black_bowl_1"":{""position"":[0.2342994748685181,-0.35418842797401695,0.8984070750980836],""quaternion_xyzw"":[-1.3874755319829854e-05,1.6673002342433794e-06,0.7071067792293568,0.7071067830056483]},""alphabet_soup_1"":{""position"":[0.23995699919363145,0.1300093435082406,0.9383929103724437],""quaternion_xyzw"":[0.002251088091492812,0.7077061030915407,0.7064997314595236,-0.0022657663187014504]},""basket_1"":{""position"":[-0.10399135068306217,0.03104416830952414,0.8954143792620434],""quaternion_xyzw"":[-0.0016969195131823634,0.0016970161869918714,0.7070338838274187,0.7071755989286841]},""cream_cheese_1"":{""position"":[0.23764124937038558,0.3591878055397534,0.9089214774186077],""quaternion_xyzw"":[0.0,0.0,1.0,0.0]},""white_yellow_mug_1"":{""position"":[-0.10092342335824567,0.03639799904759012,0.9237300915680302],""quaternion_xyzw"":[-0.04013562998596874,0.011254985900194935,0.7076010955268489,-0.705381560651552]}}",{},True,1,0.0,0.0,0.0,True,True,[],True,
libero_36_proxy_tabletop_draft_v4,libero_registered_object_36_proxy_tabletop,libero_36_oracle_goal_v1,gate4_terminal_goal_semantics,full,13,0,white_yellow_mug*put_inside*middle,white_yellow_mug,put_inside,middle,positive,0,460130,white_yellow_mug_1,basket_1,right,/root/smolvla-libero-compositional-generalization/data/libero_36/bddl/task_013_layout_0_white_yellow_mug_put_inside_middle.bddl,5877365bfd43d25ded1cc1c4f13ccea0c2dd3f66d153a3edd024c6d74c7bf49d,503092d502485a3c4d619ff777a709dbd23717eb2fffdbc2002dbe1ad20934ad,"{""akita_black_bowl"":0,""alphabet_soup"":2,""cream_cheese"":3,""white_yellow_mug"":1}","[[""on"",""akita_black_bowl_1"",""main_table_source_slot_0_region""],[""in"",""white_yellow_mug_1"",""basket_1_contain_region""],[""on"",""alphabet_soup_1"",""main_table_source_slot_2_region""],[""on"",""cream_cheese_1"",""main_table_source_slot_3_region""],[""on"",""basket_1"",""main_table_target_middle_region""]]",deterministic_bddl_init_substitution_using_libero_conditional_and_table_region_samplers,1,"{""camera_id"":2,""camera_name"":""agentview"",""camera_protocol_version"":""libero_36_agentview_v1"",""fovy_deg"":75.0,""height"":128,""position_m"":[0.6586131746834771,0.0,1.6103500240372424],""pre_apply_fovy_deg"":45.0,""quaternion_wxyz"":[0.6380177212293417,0.30484971880648903,0.30484983801576876,0.6380177212293417],""width"":128}",True,True,True,True,True,False,not_applicable,True,10,"[true,true,true,true,true,true,true,true,true,true]","[true,true,true,true,true,true,true,true,true,true]","[true,true,true,true,true,true,true,true,true,true]","[true,true,true,true,true,true,true,true,true,true,true,true,true,true,true,true,true,true,true,true]","[true,true,true,true,true,true,true,true,true,true,true,true,true,true,true,true,true,true,true,true]","[true,true,true,true,true,true,true,true,true,true,true,true,true,true,true,true,true,true,true,true]","[true,true,true,true,true,true,true,true,true,true,true,true,true,true,true,true,true,true,true,true]","[true,true,true,true,true,true,true,true,true,true,true,true,true,true,true,true,true,true,true,true]","[[],[],[],[],[],[],[],[],[],[],[],[],[],[],[],[],[],[],[],[]]",True,True,True,True,True,True,True,True,1.2626974466469758e-05,0.012410083926177873,True,"{""akita_black_bowl_1"":{""position"":[0.24439959264067224,-0.3608545311647181,0.8984070750975269],""quaternion_xyzw"":[-1.3874755277170481e-05,1.6673002283312012e-06,0.7071067792293568,0.7071067830056483]},""alphabet_soup_1"":{""position"":[0.24495098819972239,0.1122629653234932,0.9383929103724418],""quaternion_xyzw"":[0.002251088091494582,0.7077061030915418,0.7064997314595226,-0.0022657663187031123]},""basket_1"":{""position"":[-0.12347178529208193,-0.04053472309682845,0.8954143796257402],""quaternion_xyzw"":[-0.001696941032146101,0.001696991421108067,0.7070338827553805,0.7071756000083014]},""cream_cheese_1"":{""position"":[0.2310699647652161,0.3550332420882396,0.9089214774185893],""quaternion_xyzw"":[-1.927381146342288e-17,1.3780600575563933e-17,1.0,1.9220728014538302e-25]},""white_yellow_mug_1"":{""position"":[-0.12077384652943796,-0.035466169381436825,0.9235460920549788],""quaternion_xyzw"":[-0.036275854200650604,0.011042239758185479,0.7064929228446872,-0.7067035314143455]}}","{""akita_black_bowl_1"":{""position"":[0.24439959264067232,-0.3608545311647181,0.8984070750980836],""quaternion_xyzw"":[-1.3874755319817093e-05,1.6673002342370027e-06,0.7071067792293568,0.7071067830056483]},""alphabet_soup_1"":{""position"":[0.24495098819972227,0.11226296532349309,0.9383929103724437],""quaternion_xyzw"":[0.0022510880914927488,0.7077061030915408,0.7064997314595236,-0.0022657663187015563]},""basket_1"":{""position"":[-0.12347178543590497,-0.04053472307713342,0.8954143792620435],""quaternion_xyzw"":[-0.001696919513182346,0.0016970161869918755,0.7070338838274189,0.707175598928684]},""cream_cheese_1"":{""position"":[0.2310699647652161,0.3550332420882396,0.9089214774186077],""quaternion_xyzw"":[-1.5881018272978522e-17,1.1042700648072008e-17,1.0,6.997284778932208e-18]},""white_yellow_mug_1"":{""position"":[-0.12040385811108766,-0.03518089233906608,0.9237300915680215],""quaternion_xyzw"":[-0.040135629985985084,0.011254985900197037,0.7076010955268484,-0.7053815606515517]}}",{},True,1,0.0,0.0,0.0,True,True,[],True,
libero_36_proxy_tabletop_draft_v4,libero_registered_object_36_proxy_tabletop,libero_36_oracle_goal_v1,gate4_terminal_goal_semantics,full,13,0,white_yellow_mug*put_inside*middle,white_yellow_mug,put_inside,middle,relation_negative,1,460131,white_yellow_mug_1,basket_1,right,/root/smolvla-libero-compositional-generalization/data/libero_36/bddl/task_013_layout_0_white_yellow_mug_put_inside_middle.bddl,5877365bfd43d25ded1cc1c4f13ccea0c2dd3f66d153a3edd024c6d74c7bf49d,73a79e9392c0c477a7738551906e6ca334240f50e98255fe53cbfb3704e44d54,"{""akita_black_bowl"":0,""alphabet_soup"":2,""cream_cheese"":3,""white_yellow_mug"":1}","[[""on"",""akita_black_bowl_1"",""main_table_source_slot_0_region""],[""on"",""white_yellow_mug_1"",""main_table_target_right_region""],[""on"",""alphabet_soup_1"",""main_table_source_slot_2_region""],[""on"",""cream_cheese_1"",""main_table_source_slot_3_region""],[""on"",""basket_1"",""main_table_target_middle_region""]]",deterministic_bddl_init_substitution_using_libero_conditional_and_table_region_samplers,1,"{""camera_id"":2,""camera_name"":""agentview"",""camera_protocol_version"":""libero_36_agentview_v1"",""fovy_deg"":75.0,""height"":128,""position_m"":[0.6586131746834771,0.0,1.6103500240372424],""pre_apply_fovy_deg"":45.0,""quaternion_wxyz"":[0.6380177212293417,0.30484971880648903,0.30484983801576876,0.6380177212293417],""width"":128}",True,True,False,True,False,False,not_applicable,True,9,"[false,false,false,false,false,false,false,false,false]","[true,true,true,true,true,true,true,true,true]","[false,false,false,false,false,false,false,false,false]","[false,false,false,false,false,false,false,false,false,false,false,false,false,false,false,false,false,false,false,false]","[true,true,true,true,true,true,true,true,true,true,true,true,true,true,true,true,true,true,true,true]","[false,false,false,false,false,false,false,false,false,false,false,false,false,false,false,false,false,false,false,false]","[true,true,true,true,true,true,true,true,true,true,true,true,true,true,true,true,true,true,true,true]","[true,true,true,true,true,true,true,true,true,true,true,true,true,true,true,true,true,true,true,true]","[[],[],[],[],[],[],[],[],[],[],[],[],[],[],[],[],[],[],[],[]]",True,True,True,True,True,True,True,True,0.0,1.7075472925031877e-06,True,"{""akita_black_bowl_1"":{""position"":[0.23019986824854893,-0.351023541379427,0.8984070750855586],""quaternion_xyzw"":[-1.3874754374366935e-05,1.6673001080826942e-06,0.7071067792293568,0.7071067830056483]},""alphabet_soup_1"":{""position"":[0.24483150004530566,0.11783472865181455,0.9383929103723911],""quaternion_xyzw"":[0.002251088091534099,0.7077061030915652,0.706499731459499,-0.0022657663187427087]},""basket_1"":{""position"":[-0.10472128752431055,0.0045844806347327075,0.8954176546581495],""quaternion_xyzw"":[-0.0016942118233024771,0.0016940206597040755,0.7071047529253541,0.7071047506067798]},""cream_cheese_1"":{""position"":[0.23727058480889368,0.35845790675748684,0.9089214774181752],""quaternion_xyzw"":[-2.410534179742081e-17,1.2488704481406506e-17,1.0,3.636347882221432e-25]},""white_yellow_mug_1"":{""position"":[-0.08319077860933412,0.16762039331259643,0.9000940748168837],""quaternion_xyzw"":[-7.4778824641499265e-06,-1.0947823345993384e-05,0.7071071218390036,-0.7071064404096369]}}","{""akita_black_bowl_1"":{""position"":[0.23019986824855246,-0.35102354137943165,0.8984070750980836],""quaternion_xyzw"":[-1.3874755319816993e-05,1.6673002342341253e-06,0.7071067792293568,0.7071067830056483]},""alphabet_soup_1"":{""position"":[0.24483150004530135,0.11783472865181194,0.9383929103724437],""quaternion_xyzw"":[0.00225108809149269,0.7077061030915407,0.7064997314595237,-0.0022657663187015836]},""basket_1"":{""position"":[-0.10472128752431033,0.004584480634693687,0.8954176546734635],""quaternion_xyzw"":[-0.0016942118263254767,0.0016940206626867333,0.707104752925347,0.7071047506067727]},""cream_cheese_1"":{""position"":[0.23727058480889368,0.35845790675748684,0.9089214774186077],""quaternion_xyzw"":[-3.588992595283043e-17,1.0427675519130582e-17,1.0,-4.021897319833779e-18]},""white_yellow_mug_1"":{""position"":[-0.0831907786093343,0.16762039331259726,0.9000940748299845],""quaternion_xyzw"":[-7.477883678157519e-06,-1.0947825020277193e-05,0.7071071218390034,-0.7071064404096367]}}",{},True,1,0.0,0.0,0.0,True,True,[],True,
libero_36_proxy_tabletop_draft_v4,libero_registered_object_36_proxy_tabletop,libero_36_oracle_goal_v1,gate4_terminal_goal_semantics,full,13,0,white_yellow_mug*put_inside*middle,white_yellow_mug,put_inside,middle,receiver_region_negative,2,460132,white_yellow_mug_1,basket_1,right,/root/smolvla-libero-compositional-generalization/data/libero_36/bddl/task_013_layout_0_white_yellow_mug_put_inside_middle.bddl,5877365bfd43d25ded1cc1c4f13ccea0c2dd3f66d153a3edd024c6d74c7bf49d,c8a141618f7adda4f41f026d6703642a3a1499f0ca9491205b7884ff48247756,"{""akita_black_bowl"":0,""alphabet_soup"":2,""cream_cheese"":3,""white_yellow_mug"":1}","[[""on"",""akita_black_bowl_1"",""main_table_source_slot_0_region""],[""in"",""white_yellow_mug_1"",""basket_1_contain_region""],[""on"",""alphabet_soup_1"",""main_table_source_slot_2_region""],[""on"",""cream_cheese_1"",""main_table_source_slot_3_region""],[""on"",""basket_1"",""main_table_target_right_region""]]",deterministic_bddl_init_substitution_using_libero_conditional_and_table_region_samplers,1,"{""camera_id"":2,""camera_name"":""agentview"",""camera_protocol_version"":""libero_36_agentview_v1"",""fovy_deg"":75.0,""height"":128,""position_m"":[0.6586131746834771,0.0,1.6103500240372424],""pre_apply_fovy_deg"":45.0,""quaternion_wxyz"":[0.6380177212293417,0.30484971880648903,0.30484983801576876,0.6380177212293417],""width"":128}",True,True,True,False,False,False,not_applicable,True,10,"[true,true,true,true,true,true,true,true,true,true]","[false,false,false,false,false,false,false,false,false,false]","[false,false,false,false,false,false,false,false,false,false]","[true,true,true,true,true,true,true,true,true,true,true,true,true,true,true,true,true,true,true,true]","[false,false,false,false,false,false,false,false,false,false,false,false,false,false,false,false,false,false,false,false]","[false,false,false,false,false,false,false,false,false,false,false,false,false,false,false,false,false,false,false,false]","[true,true,true,true,true,true,true,true,true,true,true,true,true,true,true,true,true,true,true,true]","[true,true,true,true,true,true,true,true,true,true,true,true,true,true,true,true,true,true,true,true]","[[],[],[],[],[],[],[],[],[],[],[],[],[],[],[],[],[],[],[],[]]",True,True,True,True,True,True,True,True,1.2626974466506584e-05,0.012410084043651605,True,"{""akita_black_bowl_1"":{""position"":[0.22901506345130848,-0.35366353833009817,0.8984070750975269],""quaternion_xyzw"":[-1.3874755277168972e-05,1.667300228332195e-06,0.7071067792293568,0.7071067830056483]},""alphabet_soup_1"":{""position"":[0.2274986348613164,0.12398428303071848,0.9383929103724418],""quaternion_xyzw"":[0.0022510880914946496,0.7077061030915417,0.7064997314595226,-0.0022657663187031986]},""basket_1"":{""position"":[-0.1388001502191495,0.25045974630541584,0.8954143796257402],""quaternion_xyzw"":[-0.0016969410321459244,0.0016969914211079008,0.7070338827553803,0.7071756000083018]},""cream_cheese_1"":{""position"":[0.23790224954589087,0.3632052235799963,0.9089214774185893],""quaternion_xyzw"":[0.0,0.0,1.0,0.0]},""white_yellow_mug_1"":{""position"":[-0.1361022114565052,0.2555283000208062,0.9235460920549808],""quaternion_xyzw"":[-0.03627585420064174,0.011042239758192079,0.7064929228446879,-0.7067035314143453]}}","{""akita_black_bowl_1"":{""position"":[0.22901506345130856,-0.35366353833009817,0.8984070750980836],""quaternion_xyzw"":[-1.3874755319819033e-05,1.6673002342370137e-06,0.7071067792293568,0.7071067830056483]},""alphabet_soup_1"":{""position"":[0.2274986348613163,0.12398428303071837,0.9383929103724437],""quaternion_xyzw"":[0.002251088091492727,0.7077061030915408,0.7064997314595235,-0.0022657663187015636]},""basket_1"":{""position"":[-0.13880015036297266,0.25045974632511003,0.8954143792620435],""quaternion_xyzw"":[-0.0016969195131823272,0.0016970161869918467,0.7070338838274187,0.7071755989286842]},""cream_cheese_1"":{""position"":[0.23790224954589087,0.3632052235799963,0.9089214774186077],""quaternion_xyzw"":[0.0,0.0,1.0,0.0]},""white_yellow_mug_1"":{""position"":[-0.13573222303815466,0.25581357706317687,0.9237300915680248],""quaternion_xyzw"":[-0.04013562998598103,0.011254985900198812,0.7076010955268486,-0.7053815606515516]}}",{},True,1,0.0,0.0,0.0,True,True,[],True,
libero_36_proxy_tabletop_draft_v4,libero_registered_object_36_proxy_tabletop,libero_36_oracle_goal_v1,gate4_terminal_goal_semantics,full,14,0,white_yellow_mug*put_inside*right,white_yellow_mug,put_inside,right,positive,0,460140,white_yellow_mug_1,basket_1,left,/root/smolvla-libero-compositional-generalization/data/libero_36/bddl/task_014_layout_0_white_yellow_mug_put_inside_right.bddl,f0938cb6008119049e6a6ad29724f08c756bd4c455d63fc0dfde9fac5de3d194,f33fc06b35492ddc34f6118aa4d537da3778bdce1b13aa524779813b7c2779ff,"{""akita_black_bowl"":0,""alphabet_soup"":2,""cream_cheese"":3,""white_yellow_mug"":1}","[[""on"",""akita_black_bowl_1"",""main_table_source_slot_0_region""],[""in"",""white_yellow_mug_1"",""basket_1_contain_region""],[""on"",""alphabet_soup_1"",""main_table_source_slot_2_region""],[""on"",""cream_cheese_1"",""main_table_source_slot_3_region""],[""on"",""basket_1"",""main_table_target_right_region""]]",deterministic_bddl_init_substitution_using_libero_conditional_and_table_region_samplers,1,"{""camera_id"":2,""camera_name"":""agentview"",""camera_protocol_version"":""libero_36_agentview_v1"",""fovy_deg"":75.0,""height"":128,""position_m"":[0.6586131746834771,0.0,1.6103500240372424],""pre_apply_fovy_deg"":45.0,""quaternion_wxyz"":[0.6380177212293417,0.30484971880648903,0.30484983801576876,0.6380177212293417],""width"":128}",True,True,True,True,True,False,not_applicable,True,10,"[true,true,true,true,true,true,true,true,true,true]","[true,true,true,true,true,true,true,true,true,true]","[true,true,true,true,true,true,true,true,true,true]","[true,true,true,true,true,true,true,true,true,true,true,true,true,true,true,true,true,true,true,true]","[true,true,true,true,true,true,true,true,true,true,true,true,true,true,true,true,true,true,true,true]","[true,true,true,true,true,true,true,true,true,true,true,true,true,true,true,true,true,true,true,true]","[true,true,true,true,true,true,true,true,true,true,true,true,true,true,true,true,true,true,true,true]","[true,true,true,true,true,true,true,true,true,true,true,true,true,true,true,true,true,true,true,true]","[[],[],[],[],[],[],[],[],[],[],[],[],[],[],[],[],[],[],[],[]]",True,True,True,True,True,True,True,True,1.2626974466493192e-05,0.012410083926177873,True,"{""akita_black_bowl_1"":{""position"":[0.24029549149061835,-0.3590694810709491,0.8984070750975269],""quaternion_xyzw"":[-1.3874755277168066e-05,1.6673002283320343e-06,0.7071067792293568,0.7071067830056483]},""alphabet_soup_1"":{""position"":[0.23559008856514874,0.11077699384718705,0.9383929103724417],""quaternion_xyzw"":[0.0022510880914946452,0.7077061030915417,0.7064997314595225,-0.0022657663187031787]},""basket_1"":{""position"":[-0.10838365810132906,0.17399586658091123,0.8954143796257402],""quaternion_xyzw"":[-0.001696941032146033,0.0016969914211080156,0.7070338827553803,0.7071756000083017]},""cream_cheese_1"":{""position"":[0.23278656456549301,0.356850801631511,0.9089214774185893],""quaternion_xyzw"":[-5.164397442553076e-17,8.83639419534424e-18,1.0,3.6370933605231514e-25]},""white_yellow_mug_1"":{""position"":[-0.10568571933868538,0.17906442029630085,0.9235460920549858],""quaternion_xyzw"":[-0.036275854200634956,0.011042239758191769,0.7064929228446892,-0.706703531414344]}}","{""akita_black_bowl_1"":{""position"":[0.24029549149061843,-0.3590694810709491,0.8984070750980836],""quaternion_xyzw"":[-1.3874755319833217e-05,1.6673002342431685e-06,0.7071067792293568,0.7071067830056483]},""alphabet_soup_1"":{""position"":[0.23559008856514863,0.11077699384718694,0.9383929103724435],""quaternion_xyzw"":[0.002251088091492746,0.7077061030915409,0.7064997314595235,-0.002265766318701585]},""basket_1"":{""position"":[-0.1083836582451521,0.17399586660060645,0.8954143792620435],""quaternion_xyzw"":[-0.0016969195131823346,0.001697016186991862,0.7070338838274186,0.7071755989286843]},""cream_cheese_1"":{""position"":[0.23278656456549301,0.356850801631511,0.9089214774186077],""quaternion_xyzw"":[-6.708853081177627e-17,9.407393830860359e-18,1.0,-3.628146337180413e-18]},""white_yellow_mug_1"":{""position"":[-0.10531573092033547,0.17934969733867254,0.9237300915680298],""quaternion_xyzw"":[-0.040135629985972164,0.011254985900196584,0.7076010955268491,-0.7053815606515516]}}",{},True,1,0.0,0.0,0.0,True,True,[],True,
libero_36_proxy_tabletop_draft_v4,libero_registered_object_36_proxy_tabletop,libero_36_oracle_goal_v1,gate4_terminal_goal_semantics,full,14,0,white_yellow_mug*put_inside*right,white_yellow_mug,put_inside,right,relation_negative,1,460141,white_yellow_mug_1,basket_1,left,/root/smolvla-libero-compositional-generalization/data/libero_36/bddl/task_014_layout_0_white_yellow_mug_put_inside_right.bddl,f0938cb6008119049e6a6ad29724f08c756bd4c455d63fc0dfde9fac5de3d194,b4c2b7f8c7bb60711cb98437b0e7e1e2f89687ecebb5997b15cb3f03d1d3f109,"{""akita_black_bowl"":0,""alphabet_soup"":2,""cream_cheese"":3,""white_yellow_mug"":1}","[[""on"",""akita_black_bowl_1"",""main_table_source_slot_0_region""],[""on"",""white_yellow_mug_1"",""main_table_target_left_region""],[""on"",""alphabet_soup_1"",""main_table_source_slot_2_region""],[""on"",""cream_cheese_1"",""main_table_source_slot_3_region""],[""on"",""basket_1"",""main_table_target_right_region""]]",deterministic_bddl_init_substitution_using_libero_conditional_and_table_region_samplers,1,"{""camera_id"":2,""camera_name"":""agentview"",""camera_protocol_version"":""libero_36_agentview_v1"",""fovy_deg"":75.0,""height"":128,""position_m"":[0.6586131746834771,0.0,1.6103500240372424],""pre_apply_fovy_deg"":45.0,""quaternion_wxyz"":[0.6380177212293417,0.30484971880648903,0.30484983801576876,0.6380177212293417],""width"":128}",True,True,False,True,False,False,not_applicable,True,9,"[false,false,false,false,false,false,false,false,false]","[true,true,true,true,true,true,true,true,true]","[false,false,false,false,false,false,false,false,false]","[false,false,false,false,false,false,false,false,false,false,false,false,false,false,false,false,false,false,false,false]","[true,true,true,true,true,true,true,true,true,true,true,true,true,true,true,true,true,true,true,true]","[false,false,false,false,false,false,false,false,false,false,false,false,false,false,false,false,false,false,false,false]","[true,true,true,true,true,true,true,true,true,true,true,true,true,true,true,true,true,true,true,true]","[true,true,true,true,true,true,true,true,true,true,true,true,true,true,true,true,true,true,true,true]","[[],[],[],[],[],[],[],[],[],[],[],[],[],[],[],[],[],[],[],[]]",True,True,True,True,True,True,True,True,0.0,1.7075472925031877e-06,True,"{""akita_black_bowl_1"":{""position"":[0.2399091001058468,-0.3667224424032932,0.8984070750855586],""quaternion_xyzw"":[-1.3874754374373491e-05,1.6673001080772446e-06,0.7071067792293568,0.7071067830056482]},""alphabet_soup_1"":{""position"":[0.23090437460999452,0.11449832387675665,0.9383929103723911],""quaternion_xyzw"":[0.002251088091534175,0.7077061030915652,0.7064997314594988,-0.00226576631874254]},""basket_1"":{""position"":[-0.07861215728857654,0.22690626251976498,0.8954176546581495],""quaternion_xyzw"":[-0.0016942118233024776,0.001694020659704077,0.7071047529253541,0.7071047506067798]},""cream_cheese_1"":{""position"":[0.23974754451763797,0.363875684802629,0.9089214774181752],""quaternion_xyzw"":[-2.4501516278197203e-17,8.904454439093363e-18,1.0,3.636351387811884e-25]},""white_yellow_mug_1"":{""position"":[-0.1517317376397546,-0.17697344405834592,0.9000940748168837],""quaternion_xyzw"":[-7.477882464154525e-06,-1.0947823346011819e-05,0.7071071218390036,-0.7071064404096369]}}","{""akita_black_bowl_1"":{""position"":[0.23990910010585031,-0.3667224424032979,0.8984070750980836],""quaternion_xyzw"":[-1.3874755319826634e-05,1.667300234267833e-06,0.7071067792293568,0.7071067830056482]},""alphabet_soup_1"":{""position"":[0.23090437460999022,0.11449832387675404,0.9383929103724437],""quaternion_xyzw"":[0.0022510880914927947,0.7077061030915408,0.7064997314595236,-0.002265766318701498]},""basket_1"":{""position"":[-0.07861215728857632,0.22690626251972607,0.8954176546734635],""quaternion_xyzw"":[-0.0016942118263254785,0.0016940206626867294,0.707104752925347,0.7071047506067727]},""cream_cheese_1"":{""position"":[0.23974754451763797,0.363875684802629,0.9089214774186077],""quaternion_xyzw"":[-3.897661090475176e-17,1.0022528239604366e-17,1.0,-4.57875932887416e-18]},""white_yellow_mug_1"":{""position"":[-0.15173173763975473,-0.1769734440583451,0.9000940748299845],""quaternion_xyzw"":[-7.477883678158831e-06,-1.094782502027537e-05,0.7071071218390034,-0.7071064404096367]}}",{},True,1,0.0,0.0,0.0,True,True,[],True,
libero_36_proxy_tabletop_draft_v4,libero_registered_object_36_proxy_tabletop,libero_36_oracle_goal_v1,gate4_terminal_goal_semantics,full,14,0,white_yellow_mug*put_inside*right,white_yellow_mug,put_inside,right,receiver_region_negative,2,460142,white_yellow_mug_1,basket_1,left,/root/smolvla-libero-compositional-generalization/data/libero_36/bddl/task_014_layout_0_white_yellow_mug_put_inside_right.bddl,f0938cb6008119049e6a6ad29724f08c756bd4c455d63fc0dfde9fac5de3d194,8eafb650bd5ab8c8f2e8359b8c29abb1a8640da5f54919e5a4cb3ce7003cfbe0,"{""akita_black_bowl"":0,""alphabet_soup"":2,""cream_cheese"":3,""white_yellow_mug"":1}","[[""on"",""akita_black_bowl_1"",""main_table_source_slot_0_region""],[""in"",""white_yellow_mug_1"",""basket_1_contain_region""],[""on"",""alphabet_soup_1"",""main_table_source_slot_2_region""],[""on"",""cream_cheese_1"",""main_table_source_slot_3_region""],[""on"",""basket_1"",""main_table_target_left_region""]]",deterministic_bddl_init_substitution_using_libero_conditional_and_table_region_samplers,1,"{""camera_id"":2,""camera_name"":""agentview"",""camera_protocol_version"":""libero_36_agentview_v1"",""fovy_deg"":75.0,""height"":128,""position_m"":[0.6586131746834771,0.0,1.6103500240372424],""pre_apply_fovy_deg"":45.0,""quaternion_wxyz"":[0.6380177212293417,0.30484971880648903,0.30484983801576876,0.6380177212293417],""width"":128}",True,True,True,False,False,False,not_applicable,True,10,"[true,true,true,true,true,true,true,true,true,true]","[false,false,false,false,false,false,false,false,false,false]","[false,false,false,false,false,false,false,false,false,false]","[true,true,true,true,true,true,true,true,true,true,true,true,true,true,true,true,true,true,true,true]","[false,false,false,false,false,false,false,false,false,false,false,false,false,false,false,false,false,false,false,false]","[false,false,false,false,false,false,false,false,false,false,false,false,false,false,false,false,false,false,false,false]","[true,true,true,true,true,true,true,true,true,true,true,true,true,true,true,true,true,true,true,true]","[true,true,true,true,true,true,true,true,true,true,true,true,true,true,true,true,true,true,true,true]","[[],[],[],[],[],[],[],[],[],[],[],[],[],[],[],[],[],[],[],[]]",True,True,True,True,True,True,True,True,1.2626974466493192e-05,0.012410084161125335,True,"{""akita_black_bowl_1"":{""position"":[0.23738837307257904,-0.35064005633244083,0.8984070750975269],""quaternion_xyzw"":[-1.3874755277169025e-05,1.6673002283308186e-06,0.7071067792293568,0.7071067830056483]},""alphabet_soup_1"":{""position"":[0.23273850831298995,0.11756772324112023,0.9383929103724418],""quaternion_xyzw"":[0.0022510880914945746,0.7077061030915417,0.7064997314595226,-0.0022657663187032563]},""basket_1"":{""position"":[-0.16700698657743493,-0.2468411034916548,0.8954143796257402],""quaternion_xyzw"":[-0.0016969410321459786,0.0016969914211079507,0.7070338827553801,0.7071756000083017]},""cream_cheese_1"":{""position"":[0.23994753228454282,0.3641137505063237,0.9089214774185893],""quaternion_xyzw"":[0.0,0.0,1.0,0.0]},""white_yellow_mug_1"":{""position"":[-0.16430904781479094,-0.24177254977626525,0.9235460920549845],""quaternion_xyzw"":[-0.0362758542006378,0.011042239758196315,0.7064929228446887,-0.7067035314143445]}}","{""akita_black_bowl_1"":{""position"":[0.23738837307257912,-0.35064005633244083,0.8984070750980836],""quaternion_xyzw"":[-1.3874755319828968e-05,1.6673002342483553e-06,0.7071067792293568,0.7071067830056483]},""alphabet_soup_1"":{""position"":[0.23273850831298984,0.11756772324112012,0.9383929103724437],""quaternion_xyzw"":[0.0022510880914927483,0.7077061030915407,0.7064997314595236,-0.0022657663187015424]},""basket_1"":{""position"":[-0.16700698672125808,-0.24684110347195964,0.8954143792620435],""quaternion_xyzw"":[-0.0016969195131823567,0.001697016186991857,0.7070338838274187,0.7071755989286842]},""cream_cheese_1"":{""position"":[0.23994753228454282,0.3641137505063237,0.9089214774186077],""quaternion_xyzw"":[0.0,0.0,1.0,0.0]},""white_yellow_mug_1"":{""position"":[-0.16393905939644068,-0.24148727273389328,0.9237300915680283],""quaternion_xyzw"":[-0.040135629985978,0.011254985900199549,0.707601095526849,-0.7053815606515512]}}",{},True,1,0.0,0.0,0.0,True,True,[],True,
libero_36_proxy_tabletop_draft_v4,libero_registered_object_36_proxy_tabletop,libero_36_oracle_goal_v1,gate4_terminal_goal_semantics,full,15,0,white_yellow_mug*push_to*left,white_yellow_mug,push_to,left,positive,0,460150,white_yellow_mug_1,,middle,/root/smolvla-libero-compositional-generalization/data/libero_36/bddl/task_015_layout_0_white_yellow_mug_push_to_left.bddl,6b4dcb151ff52e6bcf9de819c16c013fab9c062d47460fb1205e571c7ff122fa,eb81231620814a0a269475a7146c0aea4a791bc201001b78bd75bfdf43172960,"{""akita_black_bowl"":0,""alphabet_soup"":2,""cream_cheese"":3,""white_yellow_mug"":1}","[[""on"",""akita_black_bowl_1"",""main_table_source_slot_0_region""],[""on"",""white_yellow_mug_1"",""main_table_target_left_region""],[""on"",""alphabet_soup_1"",""main_table_source_slot_2_region""],[""on"",""cream_cheese_1"",""main_table_source_slot_3_region""]]",deterministic_bddl_init_substitution_using_libero_conditional_and_table_region_samplers,1,"{""camera_id"":2,""camera_name"":""agentview"",""camera_protocol_version"":""libero_36_agentview_v1"",""fovy_deg"":75.0,""height"":128,""position_m"":[0.6586131746834771,0.0,1.6103500240372424],""pre_apply_fovy_deg"":45.0,""quaternion_wxyz"":[0.6380177212293417,0.30484971880648903,0.30484983801576876,0.6380177212293417],""width"":128}",True,True,True,True,True,False,not_evaluated_gate5_required,True,9,"[true,true,true,true,true,true,true,true,true]","[true,true,true,true,true,true,true,true,true]","[true,true,true,true,true,true,true,true,true]","[true,true,true,true,true,true,true,true,true,true,true,true,true,true,true,true,true,true,true,true]","[true,true,true,true,true,true,true,true,true,true,true,true,true,true,true,true,true,true,true,true]","[true,true,true,true,true,true,true,true,true,true,true,true,true,true,true,true,true,true,true,true]","[true,true,true,true,true,true,true,true,true,true,true,true,true,true,true,true,true,true,true,true]","[true,true,true,true,true,true,true,true,true,true,true,true,true,true,true,true,true,true,true,true]","[[],[],[],[],[],[],[],[],[],[],[],[],[],[],[],[],[],[],[],[]]",True,True,True,True,True,True,True,True,0.0,1.7075472925031877e-06,True,"{""akita_black_bowl_1"":{""position"":[0.23133821442891783,-0.35368820322423733,0.8984070750855586],""quaternion_xyzw"":[-1.387475437436719e-05,1.6673001080832187e-06,0.7071067792293568,0.7071067830056483]},""alphabet_soup_1"":{""position"":[0.24077316921688008,0.12011185651323596,0.9383929103723911],""quaternion_xyzw"":[0.002251088091534188,0.7077061030915651,0.7064997314594988,-0.0022657663187426102]},""cream_cheese_1"":{""position"":[0.23944125527032703,0.36340156041149746,0.9089214774181752],""quaternion_xyzw"":[0.0,0.0,1.0,0.0]},""white_yellow_mug_1"":{""position"":[-0.10332331919816665,-0.20373616310044185,0.9000940748168837],""quaternion_xyzw"":[-7.477882464144828e-06,-1.0947823346001548e-05,0.7071071218390036,-0.7071064404096369]}}","{""akita_black_bowl_1"":{""position"":[0.23133821442892136,-0.353688203224242,0.8984070750980836],""quaternion_xyzw"":[-1.3874755319829907e-05,1.6673002342447276e-06,0.7071067792293568,0.7071067830056483]},""alphabet_soup_1"":{""position"":[0.24077316921687575,0.12011185651323335,0.9383929103724437],""quaternion_xyzw"":[0.0022510880914928437,0.7077061030915408,0.7064997314595234,-0.002265766318701494]},""cream_cheese_1"":{""position"":[0.23944125527032703,0.36340156041149746,0.9089214774186077],""quaternion_xyzw"":[0.0,0.0,1.0,0.0]},""white_yellow_mug_1"":{""position"":[-0.10332331919816683,-0.20373616310044101,0.9000940748299845],""quaternion_xyzw"":[-7.477883678151086e-06,-1.0947825020262587e-05,0.7071071218390034,-0.7071064404096367]}}",{},True,1,0.0,0.0,0.0,True,True,[],True,
libero_36_proxy_tabletop_draft_v4,libero_registered_object_36_proxy_tabletop,libero_36_oracle_goal_v1,gate4_terminal_goal_semantics,full,15,0,white_yellow_mug*push_to*left,white_yellow_mug,push_to,left,relation_negative,1,460151,white_yellow_mug_1,,middle,/root/smolvla-libero-compositional-generalization/data/libero_36/bddl/task_015_layout_0_white_yellow_mug_push_to_left.bddl,6b4dcb151ff52e6bcf9de819c16c013fab9c062d47460fb1205e571c7ff122fa,1c81d656232a23c5c1443806093f16caeb7d5372a49b82b54c46325614a001c1,"{""akita_black_bowl"":0,""alphabet_soup"":2,""cream_cheese"":3,""white_yellow_mug"":1}","[[""on"",""akita_black_bowl_1"",""main_table_source_slot_0_region""],[""on"",""white_yellow_mug_1"",""main_table_target_middle_region""],[""on"",""alphabet_soup_1"",""main_table_source_slot_2_region""],[""on"",""cream_cheese_1"",""main_table_source_slot_3_region""]]",deterministic_bddl_init_substitution_using_libero_conditional_and_table_region_samplers,1,"{""camera_id"":2,""camera_name"":""agentview"",""camera_protocol_version"":""libero_36_agentview_v1"",""fovy_deg"":75.0,""height"":128,""position_m"":[0.6586131746834771,0.0,1.6103500240372424],""pre_apply_fovy_deg"":45.0,""quaternion_wxyz"":[0.6380177212293417,0.30484971880648903,0.30484983801576876,0.6380177212293417],""width"":128}",True,True,False,True,False,False,not_evaluated_gate5_required,True,9,"[false,false,false,false,false,false,false,false,false]","[true,true,true,true,true,true,true,true,true]","[false,false,false,false,false,false,false,false,false]","[false,false,false,false,false,false,false,false,false,false,false,false,false,false,false,false,false,false,false,false]","[true,true,true,true,true,true,true,true,true,true,true,true,true,true,true,true,true,true,true,true]","[false,false,false,false,false,false,false,false,false,false,false,false,false,false,false,false,false,false,false,false]","[true,true,true,true,true,true,true,true,true,true,true,true,true,true,true,true,true,true,true,true]","[true,true,true,true,true,true,true,true,true,true,true,true,true,true,true,true,true,true,true,true]","[[],[],[],[],[],[],[],[],[],[],[],[],[],[],[],[],[],[],[],[]]",True,True,True,True,True,True,True,True,0.0,1.7075472925031877e-06,True,"{""akita_black_bowl_1"":{""position"":[0.22691007918020287,-0.35761352859212936,0.8984070750855586],""quaternion_xyzw"":[-1.3874754374368717e-05,1.6673001080837096e-06,0.7071067792293568,0.7071067830056483]},""alphabet_soup_1"":{""position"":[0.2437187407990336,0.11362071610906305,0.938392910372391],""quaternion_xyzw"":[0.0022510880915342013,0.7077061030915652,0.7064997314594987,-0.0022657663187425686]},""cream_cheese_1"":{""position"":[0.23831623594410228,0.3572322230356615,0.9089214774181752],""quaternion_xyzw"":[-2.7597502464762854e-17,1.2334062768970639e-17,1.0,3.580931397494822e-25]},""white_yellow_mug_1"":{""position"":[-0.13266823059646055,-0.026683051793101674,0.9000940748168837],""quaternion_xyzw"":[-7.477882464154925e-06,-1.0947823346014374e-05,0.7071071218390036,-0.7071064404096369]}}","{""akita_black_bowl_1"":{""position"":[0.2269100791802064,-0.357613528592134,0.8984070750980836],""quaternion_xyzw"":[-1.3874755319832456e-05,1.6673002342473594e-06,0.7071067792293568,0.7071067830056483]},""alphabet_soup_1"":{""position"":[0.24371874079902925,0.11362071610906044,0.9383929103724435],""quaternion_xyzw"":[0.0022510880914928246,0.7077061030915409,0.7064997314595235,-0.0022657663187015216]},""cream_cheese_1"":{""position"":[0.23831623594410228,0.3572322230356615,0.9089214774186077],""quaternion_xyzw"":[-4.4122866712832986e-17,7.275552724645622e-18,1.0,-4.94954606651927e-18]},""white_yellow_mug_1"":{""position"":[-0.13266823059646068,-0.02668305179310075,0.9000940748299845],""quaternion_xyzw"":[-7.477883678150602e-06,-1.0947825020266829e-05,0.7071071218390034,-0.7071064404096367]}}",{},True,1,0.0,0.0,0.0,True,True,[],True,
libero_36_proxy_tabletop_draft_v4,libero_registered_object_36_proxy_tabletop,libero_36_oracle_goal_v1,gate4_terminal_goal_semantics,full,16,0,white_yellow_mug*push_to*middle,white_yellow_mug,push_to,middle,positive,0,460160,white_yellow_mug_1,,right,/root/smolvla-libero-compositional-generalization/data/libero_36/bddl/task_016_layout_0_white_yellow_mug_push_to_middle.bddl,4f2c17539a5c18dfdda665e1b6a59b55f5818a0efe7551b54533bbb907aab4a8,ab35f03e673b78494c0f23d4a716c0321fd7af6e876e8d018960513d8bac2fae,"{""akita_black_bowl"":0,""alphabet_soup"":2,""cream_cheese"":3,""white_yellow_mug"":1}","[[""on"",""akita_black_bowl_1"",""main_table_source_slot_0_region""],[""on"",""white_yellow_mug_1"",""main_table_target_middle_region""],[""on"",""alphabet_soup_1"",""main_table_source_slot_2_region""],[""on"",""cream_cheese_1"",""main_table_source_slot_3_region""]]",deterministic_bddl_init_substitution_using_libero_conditional_and_table_region_samplers,1,"{""camera_id"":2,""camera_name"":""agentview"",""camera_protocol_version"":""libero_36_agentview_v1"",""fovy_deg"":75.0,""height"":128,""position_m"":[0.6586131746834771,0.0,1.6103500240372424],""pre_apply_fovy_deg"":45.0,""quaternion_wxyz"":[0.6380177212293417,0.30484971880648903,0.30484983801576876,0.6380177212293417],""width"":128}",True,True,True,True,True,False,not_evaluated_gate5_required,True,9,"[true,true,true,true,true,true,true,true,true]","[true,true,true,true,true,true,true,true,true]","[true,true,true,true,true,true,true,true,true]","[true,true,true,true,true,true,true,true,true,true,true,true,true,true,true,true,true,true,true,true]","[true,true,true,true,true,true,true,true,true,true,true,true,true,true,true,true,true,true,true,true]","[true,true,true,true,true,true,true,true,true,true,true,true,true,true,true,true,true,true,true,true]","[true,true,true,true,true,true,true,true,true,true,true,true,true,true,true,true,true,true,true,true]","[true,true,true,true,true,true,true,true,true,true,true,true,true,true,true,true,true,true,true,true]","[[],[],[],[],[],[],[],[],[],[],[],[],[],[],[],[],[],[],[],[]]",True,True,True,True,True,True,True,True,0.0,1.7075472925031877e-06,True,"{""akita_black_bowl_1"":{""position"":[0.2272803172883711,-0.3621885672571024,0.8984070750855586],""quaternion_xyzw"":[-1.3874754374371863e-05,1.6673001080769827e-06,0.7071067792293568,0.7071067830056482]},""alphabet_soup_1"":{""position"":[0.22819611676843993,0.11732702197729622,0.9383929103723911],""quaternion_xyzw"":[0.0022510880915341362,0.7077061030915653,0.7064997314594988,-0.0022657663187425664]},""cream_cheese_1"":{""position"":[0.23822886628079296,0.3641580951248722,0.9089214774181752],""quaternion_xyzw"":[0.0,0.0,1.0,0.0]},""white_yellow_mug_1"":{""position"":[-0.14137166823516742,-0.008085577230851952,0.9000940748168837],""quaternion_xyzw"":[-7.477882464135496e-06,-1.0947823346001553e-05,0.7071071218390036,-0.7071064404096369]}}","{""akita_black_bowl_1"":{""position"":[0.2272803172883746,-0.3621885672571071,0.8984070750980836],""quaternion_xyzw"":[-1.3874755319831043e-05,1.6673002342746414e-06,0.7071067792293568,0.7071067830056482]},""alphabet_soup_1"":{""position"":[0.22819611676843565,0.11732702197729361,0.9383929103724437],""quaternion_xyzw"":[0.0022510880914928056,0.7077061030915407,0.7064997314595236,-0.0022657663187014517]},""cream_cheese_1"":{""position"":[0.23822886628079296,0.3641580951248722,0.9089214774186077],""quaternion_xyzw"":[0.0,0.0,1.0,0.0]},""white_yellow_mug_1"":{""position"":[-0.14137166823516756,-0.00808557723085102,0.9000940748299845],""quaternion_xyzw"":[-7.477883678157263e-06,-1.0947825020269465e-05,0.7071071218390034,-0.7071064404096367]}}",{},True,1,0.0,0.0,0.0,True,True,[],True,
libero_36_proxy_tabletop_draft_v4,libero_registered_object_36_proxy_tabletop,libero_36_oracle_goal_v1,gate4_terminal_goal_semantics,full,16,0,white_yellow_mug*push_to*middle,white_yellow_mug,push_to,middle,relation_negative,1,460161,white_yellow_mug_1,,right,/root/smolvla-libero-compositional-generalization/data/libero_36/bddl/task_016_layout_0_white_yellow_mug_push_to_middle.bddl,4f2c17539a5c18dfdda665e1b6a59b55f5818a0efe7551b54533bbb907aab4a8,d39d36bf2620616c014eb8499221e12329e84327b586ded411f82838b5060446,"{""akita_black_bowl"":0,""alphabet_soup"":2,""cream_cheese"":3,""white_yellow_mug"":1}","[[""on"",""akita_black_bowl_1"",""main_table_source_slot_0_region""],[""on"",""white_yellow_mug_1"",""main_table_target_right_region""],[""on"",""alphabet_soup_1"",""main_table_source_slot_2_region""],[""on"",""cream_cheese_1"",""main_table_source_slot_3_region""]]",deterministic_bddl_init_substitution_using_libero_conditional_and_table_region_samplers,1,"{""camera_id"":2,""camera_name"":""agentview"",""camera_protocol_version"":""libero_36_agentview_v1"",""fovy_deg"":75.0,""height"":128,""position_m"":[0.6586131746834771,0.0,1.6103500240372424],""pre_apply_fovy_deg"":45.0,""quaternion_wxyz"":[0.6380177212293417,0.30484971880648903,0.30484983801576876,0.6380177212293417],""width"":128}",True,True,False,True,False,False,not_evaluated_gate5_required,True,9,"[false,false,false,false,false,false,false,false,false]","[true,true,true,true,true,true,true,true,true]","[false,false,false,false,false,false,false,false,false]","[false,false,false,false,false,false,false,false,false,false,false,false,false,false,false,false,false,false,false,false]","[true,true,true,true,true,true,true,true,true,true,true,true,true,true,true,true,true,true,true,true]","[false,false,false,false,false,false,false,false,false,false,false,false,false,false,false,false,false,false,false,false]","[true,true,true,true,true,true,true,true,true,true,true,true,true,true,true,true,true,true,true,true]","[true,true,true,true,true,true,true,true,true,true,true,true,true,true,true,true,true,true,true,true]","[[],[],[],[],[],[],[],[],[],[],[],[],[],[],[],[],[],[],[],[]]",True,True,True,True,True,True,True,True,0.0,1.7075472925031877e-06,True,"{""akita_black_bowl_1"":{""position"":[0.24218125029115373,-0.3551243806052135,0.8984070750855586],""quaternion_xyzw"":[-1.3874754374372092e-05,1.6673001080764162e-06,0.7071067792293568,0.7071067830056482]},""alphabet_soup_1"":{""position"":[0.241529095980953,0.12003734541418662,0.938392910372391],""quaternion_xyzw"":[0.0022510880915341076,0.7077061030915652,0.7064997314594987,-0.0022657663187426336]},""cream_cheese_1"":{""position"":[0.23594080222429642,0.36437259990870347,0.9089214774181752],""quaternion_xyzw"":[-2.776190961501057e-17,1.2234177470190134e-17,1.0,3.580931622112711e-25]},""white_yellow_mug_1"":{""position"":[-0.09806155600895639,0.20060631648082497,0.9000940748168837],""quaternion_xyzw"":[-7.477882464139397e-06,-1.0947823345991876e-05,0.7071071218390036,-0.7071064404096369]}}","{""akita_black_bowl_1"":{""position"":[0.24218125029115725,-0.35512438060521817,0.8984070750980836],""quaternion_xyzw"":[-1.3874755319822929e-05,1.6673002342752325e-06,0.7071067792293568,0.7071067830056482]},""alphabet_soup_1"":{""position"":[0.24152909598094868,0.12003734541418401,0.9383929103724435],""quaternion_xyzw"":[0.002251088091492723,0.7077061030915409,0.7064997314595235,-0.0022657663187016165]},""cream_cheese_1"":{""position"":[0.23594080222429642,0.36437259990870347,0.9089214774186077],""quaternion_xyzw"":[-3.930579961132842e-17,9.868655858687995e-18,1.0,-2.749630118012503e-18]},""white_yellow_mug_1"":{""position"":[-0.09806155600895657,0.2006063164808258,0.9000940748299845],""quaternion_xyzw"":[-7.477883678162984e-06,-1.0947825020276597e-05,0.7071071218390034,-0.7071064404096367]}}",{},True,1,0.0,0.0,0.0,True,True,[],True,
libero_36_proxy_tabletop_draft_v4,libero_registered_object_36_proxy_tabletop,libero_36_oracle_goal_v1,gate4_terminal_goal_semantics,full,17,0,white_yellow_mug*push_to*right,white_yellow_mug,push_to,right,positive,0,460170,white_yellow_mug_1,,left,/root/smolvla-libero-compositional-generalization/data/libero_36/bddl/task_017_layout_0_white_yellow_mug_push_to_right.bddl,5396d1072f7060bccd5ed1dc7ac17d1645eb55bac43dcfdf88911f5f6117715c,8a7bec1a93490c1908434f6d946fd6b28fc178718aba172afb0bab678b2a7677,"{""akita_black_bowl"":0,""alphabet_soup"":2,""cream_cheese"":3,""white_yellow_mug"":1}","[[""on"",""akita_black_bowl_1"",""main_table_source_slot_0_region""],[""on"",""white_yellow_mug_1"",""main_table_target_right_region""],[""on"",""alphabet_soup_1"",""main_table_source_slot_2_region""],[""on"",""cream_cheese_1"",""main_table_source_slot_3_region""]]",deterministic_bddl_init_substitution_using_libero_conditional_and_table_region_samplers,1,"{""camera_id"":2,""camera_name"":""agentview"",""camera_protocol_version"":""libero_36_agentview_v1"",""fovy_deg"":75.0,""height"":128,""position_m"":[0.6586131746834771,0.0,1.6103500240372424],""pre_apply_fovy_deg"":45.0,""quaternion_wxyz"":[0.6380177212293417,0.30484971880648903,0.30484983801576876,0.6380177212293417],""width"":128}",True,True,True,True,True,False,not_evaluated_gate5_required,True,9,"[true,true,true,true,true,true,true,true,true]","[true,true,true,true,true,true,true,true,true]","[true,true,true,true,true,true,true,true,true]","[true,true,true,true,true,true,true,true,true,true,true,true,true,true,true,true,true,true,true,true]","[true,true,true,true,true,true,true,true,true,true,true,true,true,true,true,true,true,true,true,true]","[true,true,true,true,true,true,true,true,true,true,true,true,true,true,true,true,true,true,true,true]","[true,true,true,true,true,true,true,true,true,true,true,true,true,true,true,true,true,true,true,true]","[true,true,true,true,true,true,true,true,true,true,true,true,true,true,true,true,true,true,true,true]","[[],[],[],[],[],[],[],[],[],[],[],[],[],[],[],[],[],[],[],[]]",True,True,True,True,True,True,True,True,0.0,1.7075472925031877e-06,True,"{""akita_black_bowl_1"":{""position"":[0.23578728682946143,-0.36056401918765624,0.8984070750855586],""quaternion_xyzw"":[-1.3874754374367123e-05,1.667300108084214e-06,0.7071067792293568,0.7071067830056483]},""alphabet_soup_1"":{""position"":[0.2339306030232027,0.12215389289458126,0.938392910372391],""quaternion_xyzw"":[0.002251088091534206,0.7077061030915652,0.7064997314594987,-0.002265766318742553]},""cream_cheese_1"":{""position"":[0.23736672456646588,0.3570389460720921,0.9089214774181752],""quaternion_xyzw"":[-2.3778289494910517e-17,8.374647904219661e-18,1.0,1.9394702348769825e-25]},""white_yellow_mug_1"":{""position"":[-0.12473124528859376,0.1831652181813404,0.9000940748168837],""quaternion_xyzw"":[-7.477882464148498e-06,-1.0947823346022922e-05,0.7071071218390036,-0.7071064404096369]}}","{""akita_black_bowl_1"":{""position"":[0.23578728682946495,-0.3605640191876609,0.8984070750980836],""quaternion_xyzw"":[-1.3874755319825905e-05,1.6673002342403408e-06,0.7071067792293568,0.7071067830056483]},""alphabet_soup_1"":{""position"":[0.23393060302319837,0.12215389289457865,0.9383929103724435],""quaternion_xyzw"":[0.002251088091492816,0.7077061030915409,0.7064997314595235,-0.0022657663187015172]},""cream_cheese_1"":{""position"":[0.23736672456646588,0.3570389460720921,0.9089214774186077],""quaternion_xyzw"":[-2.142523125863827e-17,1.2387463608759695e-17,1.0,1.8268437808153914e-18]},""white_yellow_mug_1"":{""position"":[-0.12473124528859394,0.18316521818134124,0.9000940748299845],""quaternion_xyzw"":[-7.477883678166587e-06,-1.0947825020275887e-05,0.7071071218390034,-0.7071064404096367]}}",{},True,1,0.0,0.0,0.0,True,True,[],True,
libero_36_proxy_tabletop_draft_v4,libero_registered_object_36_proxy_tabletop,libero_36_oracle_goal_v1,gate4_terminal_goal_semantics,full,17,0,white_yellow_mug*push_to*right,white_yellow_mug,push_to,right,relation_negative,1,460171,white_yellow_mug_1,,left,/root/smolvla-libero-compositional-generalization/data/libero_36/bddl/task_017_layout_0_white_yellow_mug_push_to_right.bddl,5396d1072f7060bccd5ed1dc7ac17d1645eb55bac43dcfdf88911f5f6117715c,dfba531c57f11550716ad168b250d50bbe576505df890d7b608dc5980fa76c47,"{""akita_black_bowl"":0,""alphabet_soup"":2,""cream_cheese"":3,""white_yellow_mug"":1}","[[""on"",""akita_black_bowl_1"",""main_table_source_slot_0_region""],[""on"",""white_yellow_mug_1"",""main_table_target_left_region""],[""on"",""alphabet_soup_1"",""main_table_source_slot_2_region""],[""on"",""cream_cheese_1"",""main_table_source_slot_3_region""]]",deterministic_bddl_init_substitution_using_libero_conditional_and_table_region_samplers,1,"{""camera_id"":2,""camera_name"":""agentview"",""camera_protocol_version"":""libero_36_agentview_v1"",""fovy_deg"":75.0,""height"":128,""position_m"":[0.6586131746834771,0.0,1.6103500240372424],""pre_apply_fovy_deg"":45.0,""quaternion_wxyz"":[0.6380177212293417,0.30484971880648903,0.30484983801576876,0.6380177212293417],""width"":128}",True,True,False,True,False,False,not_evaluated_gate5_required,True,9,"[false,false,false,false,false,false,false,false,false]","[true,true,true,true,true,true,true,true,true]","[false,false,false,false,false,false,false,false,false]","[false,false,false,false,false,false,false,false,false,false,false,false,false,false,false,false,false,false,false,false]","[true,true,true,true,true,true,true,true,true,true,true,true,true,true,true,true,true,true,true,true]","[false,false,false,false,false,false,false,false,false,false,false,false,false,false,false,false,false,false,false,false]","[true,true,true,true,true,true,true,true,true,true,true,true,true,true,true,true,true,true,true,true]","[true,true,true,true,true,true,true,true,true,true,true,true,true,true,true,true,true,true,true,true]","[[],[],[],[],[],[],[],[],[],[],[],[],[],[],[],[],[],[],[],[]]",True,True,True,True,True,True,True,True,0.0,1.7075472925031877e-06,True,"{""akita_black_bowl_1"":{""position"":[0.2420631727129843,-0.36949873774755265,0.8984070750855586],""quaternion_xyzw"":[-1.3874754374367347e-05,1.6673001080861086e-06,0.7071067792293568,0.7071067830056483]},""alphabet_soup_1"":{""position"":[0.22576896667812504,0.11205411203875033,0.938392910372391],""quaternion_xyzw"":[0.0022510880915341622,0.7077061030915651,0.7064997314594988,-0.0022657663187426757]},""cream_cheese_1"":{""position"":[0.23301162188293664,0.36006705021468394,0.9089214774181752],""quaternion_xyzw"":[-2.2213593144752703e-17,9.406269874694435e-18,1.0,1.9394711454719672e-25]},""white_yellow_mug_1"":{""position"":[-0.144321024266186,-0.17826310357276864,0.9000940748168837],""quaternion_xyzw"":[-7.477882464141832e-06,-1.0947823346003108e-05,0.7071071218390036,-0.7071064404096369]}}","{""akita_black_bowl_1"":{""position"":[0.24206317271298783,-0.3694987377475573,0.8984070750980836],""quaternion_xyzw"":[-1.3874755319818316e-05,1.6673002342352237e-06,0.7071067792293568,0.7071067830056483]},""alphabet_soup_1"":{""position"":[0.2257689666781207,0.11205411203874772,0.9383929103724435],""quaternion_xyzw"":[0.0022510880914927657,0.7077061030915408,0.7064997314595235,-0.0022657663187015623]},""cream_cheese_1"":{""position"":[0.23301162188293664,0.36006705021468394,0.9089214774186077],""quaternion_xyzw"":[-1.3570047283734133e-17,1.4365341944048268e-17,1.0,1.6237080635564462e-18]},""white_yellow_mug_1"":{""position"":[-0.14432102426618615,-0.1782631035727678,0.9000940748299845],""quaternion_xyzw"":[-7.477883678155731e-06,-1.0947825020269848e-05,0.7071071218390034,-0.7071064404096367]}}",{},True,1,0.0,0.0,0.0,True,True,[],True,
libero_36_proxy_tabletop_draft_v4,libero_registered_object_36_proxy_tabletop,libero_36_oracle_goal_v1,gate4_terminal_goal_semantics,full,18,0,alphabet_soup*put_on_top*left,alphabet_soup,put_on_top,left,positive,0,460180,alphabet_soup_1,plate_1,middle,/root/smolvla-libero-compositional-generalization/data/libero_36/bddl/task_018_layout_0_alphabet_soup_put_on_top_left.bddl,54df232f9cd80e4aa01631920f4a485a47fefda471b3158344691a9948b7b028,1b6d1d42aba71563cc8480b50561baceed60897dc89002f5407080ddfe5abc23,"{""akita_black_bowl"":0,""alphabet_soup"":2,""cream_cheese"":3,""white_yellow_mug"":1}","[[""on"",""akita_black_bowl_1"",""main_table_source_slot_0_region""],[""on"",""white_yellow_mug_1"",""main_table_source_slot_1_region""],[""on"",""alphabet_soup_1"",""plate_1""],[""on"",""cream_cheese_1"",""main_table_source_slot_3_region""],[""on"",""plate_1"",""main_table_target_left_region""]]",deterministic_bddl_init_substitution_using_libero_conditional_and_table_region_samplers,1,"{""camera_id"":2,""camera_name"":""agentview"",""camera_protocol_version"":""libero_36_agentview_v1"",""fovy_deg"":75.0,""height"":128,""position_m"":[0.6586131746834771,0.0,1.6103500240372424],""pre_apply_fovy_deg"":45.0,""quaternion_wxyz"":[0.6380177212293417,0.30484971880648903,0.30484983801576876,0.6380177212293417],""width"":128}",True,True,True,True,True,False,not_applicable,True,12,"[false,false,false,true,true,true,true,true,true,true,true,true]","[true,true,true,true,true,true,true,true,true,true,true,true]","[false,false,false,true,true,true,true,true,true,true,true,true]","[true,true,true,true,true,true,true,true,true,true,true,true,true,true,true,true,true,true,true,true]","[true,true,true,true,true,true,true,true,true,true,true,true,true,true,true,true,true,true,true,true]","[true,true,true,true,true,true,true,true,true,true,true,true,true,true,true,true,true,true,true,true]","[true,true,true,true,true,true,true,true,true,true,true,true,true,true,true,true,true,true,true,true]","[true,true,true,true,true,true,true,true,true,true,true,true,true,true,true,true,true,true,true,true]","[[],[],[],[],[],[],[],[],[],[],[],[],[],[],[],[],[],[],[],[]]",True,True,True,True,True,True,True,True,3.4764432324715286e-09,3.818191820832845e-06,True,"{""akita_black_bowl_1"":{""position"":[0.2411854310085947,-0.35040926386575794,0.8984070750980828],""quaternion_xyzw"":[-1.3874755319891366e-05,1.667300234268652e-06,0.7071067792293568,0.7071067830056482]},""alphabet_soup_1"":{""position"":[-0.08525164039199656,-0.22528995363242685,0.9462497427748913],""quaternion_xyzw"":[0.0010245111386544268,0.6989923674400749,0.715120000653442,-0.0034648669335563204]},""cream_cheese_1"":{""position"":[0.23142800025473143,0.3642214997212525,0.9089214774186077],""quaternion_xyzw"":[-7.301632617694943e-17,8.584641795053895e-18,1.0,1.6631958817360162e-25]},""plate_1"":{""position"":[-0.08534261477860558,-0.22470721996291154,0.9024916097217569],""quaternion_xyzw"":[1.2834891331295428e-05,2.7470961546106314e-05,0.7071021432685389,0.7071114184240348]},""white_yellow_mug_1"":{""position"":[0.2410193973614403,-0.12680476074011732,0.9000940748299837],""quaternion_xyzw"":[-7.477883677601154e-06,-1.09478250196715e-05,0.7071071218390034,-0.7071064404096367]}}","{""akita_black_bowl_1"":{""position"":[0.2411854310085947,-0.35040926386575794,0.8984070750980836],""quaternion_xyzw"":[-1.3874755319823883e-05,1.6673002342704435e-06,0.7071067792293568,0.7071067830056482]},""alphabet_soup_1"":{""position"":[-0.08525162440355905,-0.22528988599917238,0.9462497394946561],""quaternion_xyzw"":[0.0010243842755914118,0.6989919981910353,0.7151203598980362,-0.0034652505050870052]},""cream_cheese_1"":{""position"":[0.23142800025473143,0.3642214997212525,0.9089214774186077],""quaternion_xyzw"":[-4.482046737538042e-17,1.1810996064350093e-17,1.0,1.6373859508534812e-18]},""plate_1"":{""position"":[-0.0853426147781868,-0.22470721996012996,0.9024916097117337],""quaternion_xyzw"":[1.2834526858433767e-05,2.7471416350225436e-05,0.7071021432589394,0.7071114184336231]},""white_yellow_mug_1"":{""position"":[0.2410193973614403,-0.12680476074011732,0.9000940748299845],""quaternion_xyzw"":[-7.477883678158141e-06,-1.0947825020266609e-05,0.7071071218390034,-0.7071064404096367]}}",{},True,1,0.0,0.0,0.0,True,True,[],True,
libero_36_proxy_tabletop_draft_v4,libero_registered_object_36_proxy_tabletop,libero_36_oracle_goal_v1,gate4_terminal_goal_semantics,full,18,0,alphabet_soup*put_on_top*left,alphabet_soup,put_on_top,left,relation_negative,1,460181,alphabet_soup_1,plate_1,middle,/root/smolvla-libero-compositional-generalization/data/libero_36/bddl/task_018_layout_0_alphabet_soup_put_on_top_left.bddl,54df232f9cd80e4aa01631920f4a485a47fefda471b3158344691a9948b7b028,ba37e52488934c4e953a4a63ca450bbac1b133d168af6fe41944ef9549244265,"{""akita_black_bowl"":0,""alphabet_soup"":2,""cream_cheese"":3,""white_yellow_mug"":1}","[[""on"",""akita_black_bowl_1"",""main_table_source_slot_0_region""],[""on"",""white_yellow_mug_1"",""main_table_source_slot_1_region""],[""on"",""alphabet_soup_1"",""main_table_target_middle_region""],[""on"",""cream_cheese_1"",""main_table_source_slot_3_region""],[""on"",""plate_1"",""main_table_target_left_region""]]",deterministic_bddl_init_substitution_using_libero_conditional_and_table_region_samplers,1,"{""camera_id"":2,""camera_name"":""agentview"",""camera_protocol_version"":""libero_36_agentview_v1"",""fovy_deg"":75.0,""height"":128,""position_m"":[0.6586131746834771,0.0,1.6103500240372424],""pre_apply_fovy_deg"":45.0,""quaternion_wxyz"":[0.6380177212293417,0.30484971880648903,0.30484983801576876,0.6380177212293417],""width"":128}",True,True,False,True,False,False,not_applicable,True,9,"[false,false,false,false,false,false,false,false,false]","[true,true,true,true,true,true,true,true,true]","[false,false,false,false,false,false,false,false,false]","[false,false,false,false,false,false,false,false,false,false,false,false,false,false,false,false,false,false,false,false]","[true,true,true,true,true,true,true,true,true,true,true,true,true,true,true,true,true,true,true,true]","[false,false,false,false,false,false,false,false,false,false,false,false,false,false,false,false,false,false,false,false]","[true,true,true,true,true,true,true,true,true,true,true,true,true,true,true,true,true,true,true,true]","[true,true,true,true,true,true,true,true,true,true,true,true,true,true,true,true,true,true,true,true]","[[],[],[],[],[],[],[],[],[],[],[],[],[],[],[],[],[],[],[],[]]",True,True,True,True,True,True,True,True,7.45931094670027e-17,1.7075472925031877e-06,True,"{""akita_black_bowl_1"":{""position"":[0.23169553384743102,-0.3575804108602912,0.8984070750855586],""quaternion_xyzw"":[-1.387475437436844e-05,1.667300108084125e-06,0.7071067792293568,0.7071067830056483]},""alphabet_soup_1"":{""position"":[-0.16694702899427513,0.005875182779390077,0.9383929103723911],""quaternion_xyzw"":[0.0022510880915341557,0.7077061030915653,0.7064997314594988,-0.0022657663187425413]},""cream_cheese_1"":{""position"":[0.23613814952523846,0.3582009455293035,0.9089214774181752],""quaternion_xyzw"":[-2.934609709236204e-17,9.429887330891985e-18,1.0,1.9221524027003085e-25]},""plate_1"":{""position"":[-0.11598788121757789,-0.1964853816600888,0.9025063385199519],""quaternion_xyzw"":[-1.3218929662297613e-05,5.9052034577054895e-06,0.7071067522302278,0.7071068099946484]},""white_yellow_mug_1"":{""position"":[0.2316263157990692,-0.12158700386186283,0.9000940748168837],""quaternion_xyzw"":[-7.477882464153224e-06,-1.0947823346013433e-05,0.7071071218390036,-0.7071064404096369]}}","{""akita_black_bowl_1"":{""position"":[0.23169553384743455,-0.35758041086029585,0.8984070750980836],""quaternion_xyzw"":[-1.387475531983191e-05,1.667300234245793e-06,0.7071067792293568,0.7071067830056483]},""alphabet_soup_1"":{""position"":[-0.1669470289942794,0.0058751827793862834,0.9383929103724437],""quaternion_xyzw"":[0.002251088091492852,0.7077061030915407,0.7064997314595236,-0.0022657663187014274]},""cream_cheese_1"":{""position"":[0.23613814952523846,0.3582009455293035,0.9089214774186077],""quaternion_xyzw"":[-1.7963833125004927e-17,1.3303272493819356e-17,1.0,-1.849886199781655e-18]},""plate_1"":{""position"":[-0.11598788121757954,-0.19648538166008372,0.902506338529415],""quaternion_xyzw"":[-1.3218930757335523e-05,5.905204028417134e-06,0.7071067522302278,0.7071068099946484]},""white_yellow_mug_1"":{""position"":[0.23162631579906906,-0.12158700386186193,0.9000940748299845],""quaternion_xyzw"":[-7.4778836781650675e-06,-1.0947825020270971e-05,0.7071071218390034,-0.7071064404096367]}}",{},True,1,0.0,0.0,0.0,True,True,[],True,
libero_36_proxy_tabletop_draft_v4,libero_registered_object_36_proxy_tabletop,libero_36_oracle_goal_v1,gate4_terminal_goal_semantics,full,18,0,alphabet_soup*put_on_top*left,alphabet_soup,put_on_top,left,receiver_region_negative,2,460182,alphabet_soup_1,plate_1,middle,/root/smolvla-libero-compositional-generalization/data/libero_36/bddl/task_018_layout_0_alphabet_soup_put_on_top_left.bddl,54df232f9cd80e4aa01631920f4a485a47fefda471b3158344691a9948b7b028,f53da6e5d57970e60ecd3f6c58a141135b146774cad70aab3f3b928418e61e05,"{""akita_black_bowl"":0,""alphabet_soup"":2,""cream_cheese"":3,""white_yellow_mug"":1}","[[""on"",""akita_black_bowl_1"",""main_table_source_slot_0_region""],[""on"",""white_yellow_mug_1"",""main_table_source_slot_1_region""],[""on"",""alphabet_soup_1"",""plate_1""],[""on"",""cream_cheese_1"",""main_table_source_slot_3_region""],[""on"",""plate_1"",""main_table_target_middle_region""]]",deterministic_bddl_init_substitution_using_libero_conditional_and_table_region_samplers,1,"{""camera_id"":2,""camera_name"":""agentview"",""camera_protocol_version"":""libero_36_agentview_v1"",""fovy_deg"":75.0,""height"":128,""position_m"":[0.6586131746834771,0.0,1.6103500240372424],""pre_apply_fovy_deg"":45.0,""quaternion_wxyz"":[0.6380177212293417,0.30484971880648903,0.30484983801576876,0.6380177212293417],""width"":128}",True,True,True,False,False,False,not_applicable,True,12,"[false,false,false,true,true,true,true,true,true,true,true,true]","[false,false,false,false,false,false,false,false,false,false,false,false]","[false,false,false,false,false,false,false,false,false,false,false,false]","[true,true,true,true,true,true,true,true,true,true,true,true,true,true,true,true,true,true,true,true]","[false,false,false,false,false,false,false,false,false,false,false,false,false,false,false,false,false,false,false,false]","[false,false,false,false,false,false,false,false,false,false,false,false,false,false,false,false,false,false,false,false]","[true,true,true,true,true,true,true,true,true,true,true,true,true,true,true,true,true,true,true,true]","[true,true,true,true,true,true,true,true,true,true,true,true,true,true,true,true,true,true,true,true]","[[],[],[],[],[],[],[],[],[],[],[],[],[],[],[],[],[],[],[],[]]",True,True,True,True,True,True,True,True,3.47644309536233e-09,3.818191820832845e-06,True,"{""akita_black_bowl_1"":{""position"":[0.23697868405042152,-0.35256250812200524,0.8984070750980828],""quaternion_xyzw"":[-1.387475531986509e-05,1.6673002342146717e-06,0.7071067792293568,0.7071067830056483]},""alphabet_soup_1"":{""position"":[-0.15897274386318286,0.006830094277130125,0.9462497427748914],""quaternion_xyzw"":[0.0010245111386556287,0.6989923674400756,0.7151200006534414,-0.0034648669335542058]},""cream_cheese_1"":{""position"":[0.23182870291057356,0.35987562448481386,0.9089214774186077],""quaternion_xyzw"":[-8.766139852564222e-18,8.51138468173496e-18,1.0,1.6635893260699117e-25]},""plate_1"":{""position"":[-0.15906371824979174,0.0074128279466452816,0.9024916097217569],""quaternion_xyzw"":[1.283489133125552e-05,2.7470961546112775e-05,0.7071021432685387,0.7071114184240352]},""white_yellow_mug_1"":{""position"":[0.24006636675384546,-0.1151202388528977,0.9000940748299837],""quaternion_xyzw"":[-7.477883677592085e-06,-1.09478250196583e-05,0.7071071218390034,-0.7071064404096367]}}","{""akita_black_bowl_1"":{""position"":[0.23697868405042152,-0.35256250812200524,0.8984070750980836],""quaternion_xyzw"":[-1.3874755319833186e-05,1.6673002342454548e-06,0.7071067792293568,0.7071067830056483]},""alphabet_soup_1"":{""position"":[-0.1589727278747451,0.006830161910383037,0.9462497394946561],""quaternion_xyzw"":[0.0010243842755966947,0.6989919981910256,0.7151203598980453,-0.003465250505088601]},""cream_cheese_1"":{""position"":[0.23182870291057356,0.35987562448481386,0.9089214774186077],""quaternion_xyzw"":[1.3272174039784081e-17,1.2613947201613994e-17,1.0,-7.116937987667173e-18]},""plate_1"":{""position"":[-0.15906371824936683,0.007412827949423209,0.9024916097117337],""quaternion_xyzw"":[1.2834526858395186e-05,2.7471416350170925e-05,0.707102143258939,0.7071114184336235]},""white_yellow_mug_1"":{""position"":[0.24006636675384546,-0.1151202388528977,0.9000940748299845],""quaternion_xyzw"":[-7.477883678156828e-06,-1.0947825020275076e-05,0.7071071218390034,-0.7071064404096367]}}",{},True,1,0.0,0.0,0.0,True,True,[],True,
libero_36_proxy_tabletop_draft_v4,libero_registered_object_36_proxy_tabletop,libero_36_oracle_goal_v1,gate4_terminal_goal_semantics,full,19,0,alphabet_soup*put_on_top*middle,alphabet_soup,put_on_top,middle,positive,0,460190,alphabet_soup_1,plate_1,right,/root/smolvla-libero-compositional-generalization/data/libero_36/bddl/task_019_layout_0_alphabet_soup_put_on_top_middle.bddl,37ad1e9fe7c21a80890b34a7a1955018dfc232629413085648a0710f9af5f193,c261100d13dd34c6ad3e2587dab918e797f979f5b8365e822c96ea03ed299080,"{""akita_black_bowl"":0,""alphabet_soup"":2,""cream_cheese"":3,""white_yellow_mug"":1}","[[""on"",""akita_black_bowl_1"",""main_table_source_slot_0_region""],[""on"",""white_yellow_mug_1"",""main_table_source_slot_1_region""],[""on"",""alphabet_soup_1"",""plate_1""],[""on"",""cream_cheese_1"",""main_table_source_slot_3_region""],[""on"",""plate_1"",""main_table_target_middle_region""]]",deterministic_bddl_init_substitution_using_libero_conditional_and_table_region_samplers,1,"{""camera_id"":2,""camera_name"":""agentview"",""camera_protocol_version"":""libero_36_agentview_v1"",""fovy_deg"":75.0,""height"":128,""position_m"":[0.6586131746834771,0.0,1.6103500240372424],""pre_apply_fovy_deg"":45.0,""quaternion_wxyz"":[0.6380177212293417,0.30484971880648903,0.30484983801576876,0.6380177212293417],""width"":128}",True,True,True,True,True,False,not_applicable,True,12,"[false,false,false,true,true,true,true,true,true,true,true,true]","[true,true,true,true,true,true,true,true,true,true,true,true]","[false,false,false,true,true,true,true,true,true,true,true,true]","[true,true,true,true,true,true,true,true,true,true,true,true,true,true,true,true,true,true,true,true]","[true,true,true,true,true,true,true,true,true,true,true,true,true,true,true,true,true,true,true,true]","[true,true,true,true,true,true,true,true,true,true,true,true,true,true,true,true,true,true,true,true]","[true,true,true,true,true,true,true,true,true,true,true,true,true,true,true,true,true,true,true,true]","[true,true,true,true,true,true,true,true,true,true,true,true,true,true,true,true,true,true,true,true]","[[],[],[],[],[],[],[],[],[],[],[],[],[],[],[],[],[],[],[],[]]",True,True,True,True,True,True,True,True,3.4764431695473716e-09,3.818191820832845e-06,True,"{""akita_black_bowl_1"":{""position"":[0.2345922631228046,-0.3592475563844739,0.8984070750980828],""quaternion_xyzw"":[-1.387475531986387e-05,1.667300234216483e-06,0.7071067792293568,0.7071067830056483]},""alphabet_soup_1"":{""position"":[-0.10202671751878024,-0.007958143509507238,0.9462497427748913],""quaternion_xyzw"":[0.0010245111386541956,0.6989923674400716,0.715120000653445,-0.003464866933558757]},""cream_cheese_1"":{""position"":[0.23422154100165427,0.36412884868954587,0.9089214774186077],""quaternion_xyzw"":[-2.4429734693981295e-17,6.96592426415303e-18,1.0,1.6624717072536588e-25]},""plate_1"":{""position"":[-0.10211769190538957,-0.00737540983999227,0.9024916097217569],""quaternion_xyzw"":[1.2834891331324772e-05,2.747096154608151e-05,0.7071021432685379,0.7071114184240359]},""white_yellow_mug_1"":{""position"":[0.2250460062103981,-0.11518657996484995,0.9000940748299837],""quaternion_xyzw"":[-7.477883677598528e-06,-1.094782501968018e-05,0.7071071218390034,-0.7071064404096367]}}","{""akita_black_bowl_1"":{""position"":[0.2345922631228046,-0.3592475563844739,0.8984070750980836],""quaternion_xyzw"":[-1.3874755319832529e-05,1.6673002342432076e-06,0.7071067792293568,0.7071067830056483]},""alphabet_soup_1"":{""position"":[-0.10202670153034246,-0.00795807587625422,0.9462497394946561],""quaternion_xyzw"":[0.001024384275594685,0.6989919981910226,0.7151203598980482,-0.003465250505092615]},""cream_cheese_1"":{""position"":[0.23422154100165427,0.36412884868954587,0.9089214774186077],""quaternion_xyzw"":[-3.5026051258361904e-18,1.0302042589500531e-17,1.0,-4.349707751421191e-18]},""plate_1"":{""position"":[-0.10211769190497079,-0.0073754098372143416,0.9024916097117337],""quaternion_xyzw"":[1.2834526858410927e-05,2.7471416350252118e-05,0.7071021432589384,0.7071114184336242]},""white_yellow_mug_1"":{""position"":[0.2250460062103981,-0.11518657996484995,0.9000940748299845],""quaternion_xyzw"":[-7.477883678155927e-06,-1.0947825020273565e-05,0.7071071218390034,-0.7071064404096367]}}",{},True,1,0.0,0.0,0.0,True,True,[],True,
libero_36_proxy_tabletop_draft_v4,libero_registered_object_36_proxy_tabletop,libero_36_oracle_goal_v1,gate4_terminal_goal_semantics,full,19,0,alphabet_soup*put_on_top*middle,alphabet_soup,put_on_top,middle,relation_negative,1,460191,alphabet_soup_1,plate_1,right,/root/smolvla-libero-compositional-generalization/data/libero_36/bddl/task_019_layout_0_alphabet_soup_put_on_top_middle.bddl,37ad1e9fe7c21a80890b34a7a1955018dfc232629413085648a0710f9af5f193,5f99de12410e1a0f28aefd6c685f90668ad2e835639fa09543739e0f9ff09ea4,"{""akita_black_bowl"":0,""alphabet_soup"":2,""cream_cheese"":3,""white_yellow_mug"":1}","[[""on"",""akita_black_bowl_1"",""main_table_source_slot_0_region""],[""on"",""white_yellow_mug_1"",""main_table_source_slot_1_region""],[""on"",""alphabet_soup_1"",""main_table_target_right_region""],[""on"",""cream_cheese_1"",""main_table_source_slot_3_region""],[""on"",""plate_1"",""main_table_target_middle_region""]]",deterministic_bddl_init_substitution_using_libero_conditional_and_table_region_samplers,1,"{""camera_id"":2,""camera_name"":""agentview"",""camera_protocol_version"":""libero_36_agentview_v1"",""fovy_deg"":75.0,""height"":128,""position_m"":[0.6586131746834771,0.0,1.6103500240372424],""pre_apply_fovy_deg"":45.0,""quaternion_wxyz"":[0.6380177212293417,0.30484971880648903,0.30484983801576876,0.6380177212293417],""width"":128}",True,True,False,True,False,False,not_applicable,True,9,"[false,false,false,false,false,false,false,false,false]","[true,true,true,true,true,true,true,true,true]","[false,false,false,false,false,false,false,false,false]","[false,false,false,false,false,false,false,false,false,false,false,false,false,false,false,false,false,false,false,false]","[true,true,true,true,true,true,true,true,true,true,true,true,true,true,true,true,true,true,true,true]","[false,false,false,false,false,false,false,false,false,false,false,false,false,false,false,false,false,false,false,false]","[true,true,true,true,true,true,true,true,true,true,true,true,true,true,true,true,true,true,true,true]","[true,true,true,true,true,true,true,true,true,true,true,true,true,true,true,true,true,true,true,true]","[[],[],[],[],[],[],[],[],[],[],[],[],[],[],[],[],[],[],[],[]]",True,True,True,True,True,True,True,True,0.0,1.7075472925031877e-06,True,"{""akita_black_bowl_1"":{""position"":[0.24282148658455535,-0.36289684541550904,0.8984070750855586],""quaternion_xyzw"":[-1.3874754374376798e-05,1.6673001080747793e-06,0.7071067792293568,0.7071067830056482]},""alphabet_soup_1"":{""position"":[-0.08226174797565831,0.23532467110220104,0.9383929103723911],""quaternion_xyzw"":[0.0022510880915342824,0.7077061030915652,0.706499731459499,-0.002265766318742541]},""cream_cheese_1"":{""position"":[0.23068462825419864,0.36289902457417106,0.9089214774181752],""quaternion_xyzw"":[0.0,0.0,1.0,0.0]},""plate_1"":{""position"":[-0.11547694005444055,0.021867680736327902,0.9025063385199519],""quaternion_xyzw"":[-1.3218929662297849e-05,5.9052034576989715e-06,0.7071067522302278,0.7071068099946484]},""white_yellow_mug_1"":{""position"":[0.24018535987221487,-0.11901428145664715,0.9000940748168837],""quaternion_xyzw"":[-7.477882464138717e-06,-1.0947823345995248e-05,0.7071071218390036,-0.7071064404096369]}}","{""akita_black_bowl_1"":{""position"":[0.24282148658455888,-0.3628968454155137,0.8984070750980836],""quaternion_xyzw"":[-1.38747553198305e-05,1.6673002342723265e-06,0.7071067792293568,0.7071067830056482]},""alphabet_soup_1"":{""position"":[-0.08226174797566266,0.23532467110219846,0.9383929103724437],""quaternion_xyzw"":[0.0022510880914928706,0.7077061030915408,0.7064997314595236,-0.0022657663187014144]},""cream_cheese_1"":{""position"":[0.23068462825419864,0.36289902457417106,0.9089214774186077],""quaternion_xyzw"":[0.0,0.0,1.0,0.0]},""plate_1"":{""position"":[-0.1154769400544422,0.021867680736333123,0.902506338529415],""quaternion_xyzw"":[-1.3218930757407161e-05,5.905204028441564e-06,0.7071067522302278,0.7071068099946484]},""white_yellow_mug_1"":{""position"":[0.24018535987221473,-0.11901428145664625,0.9000940748299845],""quaternion_xyzw"":[-7.477883678156674e-06,-1.0947825020277309e-05,0.7071071218390034,-0.7071064404096367]}}",{},True,1,0.0,0.0,0.0,True,True,[],True,
libero_36_proxy_tabletop_draft_v4,libero_registered_object_36_proxy_tabletop,libero_36_oracle_goal_v1,gate4_terminal_goal_semantics,full,19,0,alphabet_soup*put_on_top*middle,alphabet_soup,put_on_top,middle,receiver_region_negative,2,460192,alphabet_soup_1,plate_1,right,/root/smolvla-libero-compositional-generalization/data/libero_36/bddl/task_019_layout_0_alphabet_soup_put_on_top_middle.bddl,37ad1e9fe7c21a80890b34a7a1955018dfc232629413085648a0710f9af5f193,122238c944daea04e2917369524db6c310766edb7bfd2414324406aecf1b0889,"{""akita_black_bowl"":0,""alphabet_soup"":2,""cream_cheese"":3,""white_yellow_mug"":1}","[[""on"",""akita_black_bowl_1"",""main_table_source_slot_0_region""],[""on"",""white_yellow_mug_1"",""main_table_source_slot_1_region""],[""on"",""alphabet_soup_1"",""plate_1""],[""on"",""cream_cheese_1"",""main_table_source_slot_3_region""],[""on"",""plate_1"",""main_table_target_right_region""]]",deterministic_bddl_init_substitution_using_libero_conditional_and_table_region_samplers,1,"{""camera_id"":2,""camera_name"":""agentview"",""camera_protocol_version"":""libero_36_agentview_v1"",""fovy_deg"":75.0,""height"":128,""position_m"":[0.6586131746834771,0.0,1.6103500240372424],""pre_apply_fovy_deg"":45.0,""quaternion_wxyz"":[0.6380177212293417,0.30484971880648903,0.30484983801576876,0.6380177212293417],""width"":128}",True,True,True,False,False,False,not_applicable,True,12,"[false,false,false,true,true,true,true,true,true,true,true,true]","[false,false,false,false,false,false,false,false,false,false,false,false]","[false,false,false,false,false,false,false,false,false,false,false,false]","[true,true,true,true,true,true,true,true,true,true,true,true,true,true,true,true,true,true,true,true]","[false,false,false,false,false,false,false,false,false,false,false,false,false,false,false,false,false,false,false,false]","[false,false,false,false,false,false,false,false,false,false,false,false,false,false,false,false,false,false,false,false]","[true,true,true,true,true,true,true,true,true,true,true,true,true,true,true,true,true,true,true,true]","[true,true,true,true,true,true,true,true,true,true,true,true,true,true,true,true,true,true,true,true]","[[],[],[],[],[],[],[],[],[],[],[],[],[],[],[],[],[],[],[],[]]",True,True,True,True,True,True,True,True,3.4764432574039066e-09,3.818191820832845e-06,True,"{""akita_black_bowl_1"":{""position"":[0.22927078885219382,-0.3560401496616614,0.8984070750980828],""quaternion_xyzw"":[-1.3874755319890964e-05,1.667300234268698e-06,0.7071067792293568,0.7071067830056482]},""alphabet_soup_1"":{""position"":[-0.15861435936444843,0.19008503993174927,0.9462497427748913],""quaternion_xyzw"":[0.0010245111386586096,0.6989923674400726,0.7151200006534443,-0.0034648669335535344]},""cream_cheese_1"":{""position"":[0.23094204138068353,0.36359248229026536,0.9089214774186077],""quaternion_xyzw"":[-3.4307818218605996e-17,1.0974586016152094e-17,1.0,1.6635566859121275e-25]},""plate_1"":{""position"":[-0.15870533375105764,0.19066777360126408,0.9024916097217569],""quaternion_xyzw"":[1.28348913312915e-05,2.747096154610032e-05,0.7071021432685376,0.7071114184240361]},""white_yellow_mug_1"":{""position"":[0.2417508345268517,-0.11926570749475719,0.9000940748299837],""quaternion_xyzw"":[-7.477883677604901e-06,-1.094782501966298e-05,0.7071071218390034,-0.7071064404096367]}}","{""akita_black_bowl_1"":{""position"":[0.22927078885219382,-0.3560401496616614,0.8984070750980836],""quaternion_xyzw"":[-1.3874755319821238e-05,1.6673002342727386e-06,0.7071067792293568,0.7071067830056482]},""alphabet_soup_1"":{""position"":[-0.15861434337601102,0.1900851075650037,0.9462497394946562],""quaternion_xyzw"":[0.0010243842755952592,0.6989919981910341,0.7151203598980373,-0.0034652505050840007]},""cream_cheese_1"":{""position"":[0.23094204138068353,0.36359248229026536,0.9089214774186077],""quaternion_xyzw"":[-1.313619825682459e-17,8.91093191676982e-18,1.0,5.4205675415228654e-18]},""plate_1"":{""position"":[-0.15870533375063273,0.19066777360404566,0.9024916097117338],""quaternion_xyzw"":[1.2834526858397197e-05,2.7471416350189753e-05,0.707102143258938,0.7071114184336245]},""white_yellow_mug_1"":{""position"":[0.2417508345268517,-0.11926570749475719,0.9000940748299845],""quaternion_xyzw"":[-7.477883678161329e-06,-1.0947825020271174e-05,0.7071071218390034,-0.7071064404096367]}}",{},True,1,0.0,0.0,0.0,True,True,[],True,
libero_36_proxy_tabletop_draft_v4,libero_registered_object_36_proxy_tabletop,libero_36_oracle_goal_v1,gate4_terminal_goal_semantics,full,20,0,alphabet_soup*put_on_top*right,alphabet_soup,put_on_top,right,positive,0,460200,alphabet_soup_1,plate_1,left,/root/smolvla-libero-compositional-generalization/data/libero_36/bddl/task_020_layout_0_alphabet_soup_put_on_top_right.bddl,9321701d4d5a47cc6b5dabbdf03a83db2b96a00a1f6f040c33ebde854729a1fb,a66346be39b86c4e622574169373c36cbdb18e5faae581d00c318769918b1473,"{""akita_black_bowl"":0,""alphabet_soup"":2,""cream_cheese"":3,""white_yellow_mug"":1}","[[""on"",""akita_black_bowl_1"",""main_table_source_slot_0_region""],[""on"",""white_yellow_mug_1"",""main_table_source_slot_1_region""],[""on"",""alphabet_soup_1"",""plate_1""],[""on"",""cream_cheese_1"",""main_table_source_slot_3_region""],[""on"",""plate_1"",""main_table_target_right_region""]]",deterministic_bddl_init_substitution_using_libero_conditional_and_table_region_samplers,1,"{""camera_id"":2,""camera_name"":""agentview"",""camera_protocol_version"":""libero_36_agentview_v1"",""fovy_deg"":75.0,""height"":128,""position_m"":[0.6586131746834771,0.0,1.6103500240372424],""pre_apply_fovy_deg"":45.0,""quaternion_wxyz"":[0.6380177212293417,0.30484971880648903,0.30484983801576876,0.6380177212293417],""width"":128}",True,True,True,True,True,False,not_applicable,True,12,"[false,false,false,true,true,true,true,true,true,true,true,true]","[true,true,true,true,true,true,true,true,true,true,true,true]","[false,false,false,true,true,true,true,true,true,true,true,true]","[true,true,true,true,true,true,true,true,true,true,true,true,true,true,true,true,true,true,true,true]","[true,true,true,true,true,true,true,true,true,true,true,true,true,true,true,true,true,true,true,true]","[true,true,true,true,true,true,true,true,true,true,true,true,true,true,true,true,true,true,true,true]","[true,true,true,true,true,true,true,true,true,true,true,true,true,true,true,true,true,true,true,true]","[true,true,true,true,true,true,true,true,true,true,true,true,true,true,true,true,true,true,true,true]","[[],[],[],[],[],[],[],[],[],[],[],[],[],[],[],[],[],[],[],[]]",True,True,True,True,True,True,True,True,3.4764431700793323e-09,3.818191820832845e-06,True,"{""akita_black_bowl_1"":{""position"":[0.23003043922520297,-0.36719139079901436,0.8984070750980828],""quaternion_xyzw"":[-1.3874755319911967e-05,1.6673002342440076e-06,0.7071067792293568,0.7071067830056482]},""alphabet_soup_1"":{""position"":[-0.09602970351632333,0.18151295381350588,0.9462497427748913],""quaternion_xyzw"":[0.0010245111386581855,0.6989923674400752,0.7151200006534417,-0.0034648669335522976]},""cream_cheese_1"":{""position"":[0.23254747545146306,0.35995067080854365,0.9089214774186077],""quaternion_xyzw"":[0.0,0.0,1.0,0.0]},""plate_1"":{""position"":[-0.09612067790293279,0.18209568748302102,0.9024916097217569],""quaternion_xyzw"":[1.2834891331278584e-05,2.7470961546077355e-05,0.707102143268537,0.7071114184240369]},""white_yellow_mug_1"":{""position"":[0.23822454706771337,-0.12437663542563147,0.9000940748299837],""quaternion_xyzw"":[-7.477883677597308e-06,-1.0947825019672847e-05,0.7071071218390034,-0.7071064404096367]}}","{""akita_black_bowl_1"":{""position"":[0.23003043922520297,-0.36719139079901436,0.8984070750980836],""quaternion_xyzw"":[-1.387475531983161e-05,1.6673002342740299e-06,0.7071067792293568,0.7071067830056482]},""alphabet_soup_1"":{""position"":[-0.09602968752788592,0.18151302144676004,0.9462497394946562],""quaternion_xyzw"":[0.001024384275595227,0.6989919981910354,0.7151203598980361,-0.003465250505083036]},""cream_cheese_1"":{""position"":[0.23254747545146306,0.35995067080854365,0.9089214774186077],""quaternion_xyzw"":[0.0,0.0,1.0,0.0]},""plate_1"":{""position"":[-0.09612067790251401,0.1820956874858026,0.9024916097117337],""quaternion_xyzw"":[1.2834526858414153e-05,2.747141635020907e-05,0.7071021432589375,0.7071114184336252]},""white_yellow_mug_1"":{""position"":[0.23822454706771337,-0.12437663542563147,0.9000940748299845],""quaternion_xyzw"":[-7.4778836781603004e-06,-1.094782502027919e-05,0.7071071218390034,-0.7071064404096367]}}",{},True,1,0.0,0.0,0.0,True,True,[],True,
libero_36_proxy_tabletop_draft_v4,libero_registered_object_36_proxy_tabletop,libero_36_oracle_goal_v1,gate4_terminal_goal_semantics,full,20,0,alphabet_soup*put_on_top*right,alphabet_soup,put_on_top,right,relation_negative,1,460201,alphabet_soup_1,plate_1,left,/root/smolvla-libero-compositional-generalization/data/libero_36/bddl/task_020_layout_0_alphabet_soup_put_on_top_right.bddl,9321701d4d5a47cc6b5dabbdf03a83db2b96a00a1f6f040c33ebde854729a1fb,453d9ad7ae36477499192e533e8e9bd0ada4e6aecb7392e570c2423bc837d2f2,"{""akita_black_bowl"":0,""alphabet_soup"":2,""cream_cheese"":3,""white_yellow_mug"":1}","[[""on"",""akita_black_bowl_1"",""main_table_source_slot_0_region""],[""on"",""white_yellow_mug_1"",""main_table_source_slot_1_region""],[""on"",""alphabet_soup_1"",""main_table_target_left_region""],[""on"",""cream_cheese_1"",""main_table_source_slot_3_region""],[""on"",""plate_1"",""main_table_target_right_region""]]",deterministic_bddl_init_substitution_using_libero_conditional_and_table_region_samplers,1,"{""camera_id"":2,""camera_name"":""agentview"",""camera_protocol_version"":""libero_36_agentview_v1"",""fovy_deg"":75.0,""height"":128,""position_m"":[0.6586131746834771,0.0,1.6103500240372424],""pre_apply_fovy_deg"":45.0,""quaternion_wxyz"":[0.6380177212293417,0.30484971880648903,0.30484983801576876,0.6380177212293417],""width"":128}",True,True,False,True,False,False,not_applicable,True,9,"[false,false,false,false,false,false,false,false,false]","[true,true,true,true,true,true,true,true,true]","[false,false,false,false,false,false,false,false,false]","[false,false,false,false,false,false,false,false,false,false,false,false,false,false,false,false,false,false,false,false]","[true,true,true,true,true,true,true,true,true,true,true,true,true,true,true,true,true,true,true,true]","[false,false,false,false,false,false,false,false,false,false,false,false,false,false,false,false,false,false,false,false]","[true,true,true,true,true,true,true,true,true,true,true,true,true,true,true,true,true,true,true,true]","[true,true,true,true,true,true,true,true,true,true,true,true,true,true,true,true,true,true,true,true]","[[],[],[],[],[],[],[],[],[],[],[],[],[],[],[],[],[],[],[],[]]",True,True,True,True,True,True,True,True,0.0,1.7075472925031877e-06,True,"{""akita_black_bowl_1"":{""position"":[0.2356074130435985,-0.358777706295987,0.8984070750855586],""quaternion_xyzw"":[-1.3874754374372688e-05,1.6673001080758104e-06,0.7071067792293568,0.7071067830056482]},""alphabet_soup_1"":{""position"":[-0.12715432546305278,-0.22659362966466393,0.938392910372391],""quaternion_xyzw"":[0.0022510880915341275,0.7077061030915652,0.7064997314594987,-0.0022657663187426397]},""cream_cheese_1"":{""position"":[0.23840266088940615,0.36480581508932486,0.9089214774181752],""quaternion_xyzw"":[-2.701751819913725e-17,1.0522921840340127e-17,1.0,3.6363514531511655e-25]},""plate_1"":{""position"":[-0.1744099649028848,0.20921335588290257,0.9025063385199519],""quaternion_xyzw"":[-1.3218929662279987e-05,5.905203457677492e-06,0.7071067522302278,0.7071068099946484]},""white_yellow_mug_1"":{""position"":[0.22688749482710555,-0.12457120876924145,0.9000940748168837],""quaternion_xyzw"":[-7.477882464149399e-06,-1.0947823345990365e-05,0.7071071218390036,-0.7071064404096369]}}","{""akita_black_bowl_1"":{""position"":[0.23560741304360203,-0.35877770629599165,0.8984070750980836],""quaternion_xyzw"":[-1.3874755319824755e-05,1.667300234269978e-06,0.7071067792293568,0.7071067830056482]},""alphabet_soup_1"":{""position"":[-0.12715432546305713,-0.22659362966466648,0.9383929103724435],""quaternion_xyzw"":[0.002251088091492727,0.7077061030915409,0.7064997314595235,-0.0022657663187016074]},""cream_cheese_1"":{""position"":[0.23840266088940615,0.36480581508932486,0.9089214774186077],""quaternion_xyzw"":[-3.974667756761301e-17,9.91490771840892e-18,1.0,1.3174442841262645e-18]},""plate_1"":{""position"":[-0.17440996490288638,0.20921335588290765,0.902506338529415],""quaternion_xyzw"":[-1.3218930757407195e-05,5.9052040284295105e-06,0.7071067522302278,0.7071068099946484]},""white_yellow_mug_1"":{""position"":[0.2268874948271054,-0.12457120876924055,0.9000940748299845],""quaternion_xyzw"":[-7.4778836781497735e-06,-1.0947825020267873e-05,0.7071071218390034,-0.7071064404096367]}}",{},True,1,0.0,0.0,0.0,True,True,[],True,
libero_36_proxy_tabletop_draft_v4,libero_registered_object_36_proxy_tabletop,libero_36_oracle_goal_v1,gate4_terminal_goal_semantics,full,20,0,alphabet_soup*put_on_top*right,alphabet_soup,put_on_top,right,receiver_region_negative,2,460202,alphabet_soup_1,plate_1,left,/root/smolvla-libero-compositional-generalization/data/libero_36/bddl/task_020_layout_0_alphabet_soup_put_on_top_right.bddl,9321701d4d5a47cc6b5dabbdf03a83db2b96a00a1f6f040c33ebde854729a1fb,734a026a7fa5bad08b2aef8a9dd2788e4759885e0228bc6101b7671dfa1a28fe,"{""akita_black_bowl"":0,""alphabet_soup"":2,""cream_cheese"":3,""white_yellow_mug"":1}","[[""on"",""akita_black_bowl_1"",""main_table_source_slot_0_region""],[""on"",""white_yellow_mug_1"",""main_table_source_slot_1_region""],[""on"",""alphabet_soup_1"",""plate_1""],[""on"",""cream_cheese_1"",""main_table_source_slot_3_region""],[""on"",""plate_1"",""main_table_target_left_region""]]",deterministic_bddl_init_substitution_using_libero_conditional_and_table_region_samplers,1,"{""camera_id"":2,""camera_name"":""agentview"",""camera_protocol_version"":""libero_36_agentview_v1"",""fovy_deg"":75.0,""height"":128,""position_m"":[0.6586131746834771,0.0,1.6103500240372424],""pre_apply_fovy_deg"":45.0,""quaternion_wxyz"":[0.6380177212293417,0.30484971880648903,0.30484983801576876,0.6380177212293417],""width"":128}",True,True,True,False,False,False,not_applicable,True,12,"[false,false,false,true,true,true,true,true,true,true,true,true]","[false,false,false,false,false,false,false,false,false,false,false,false]","[false,false,false,false,false,false,false,false,false,false,false,false]","[true,true,true,true,true,true,true,true,true,true,true,true,true,true,true,true,true,true,true,true]","[false,false,false,false,false,false,false,false,false,false,false,false,false,false,false,false,false,false,false,false]","[false,false,false,false,false,false,false,false,false,false,false,false,false,false,false,false,false,false,false,false]","[true,true,true,true,true,true,true,true,true,true,true,true,true,true,true,true,true,true,true,true]","[true,true,true,true,true,true,true,true,true,true,true,true,true,true,true,true,true,true,true,true]","[[],[],[],[],[],[],[],[],[],[],[],[],[],[],[],[],[],[],[],[]]",True,True,True,True,True,True,True,True,3.476443263793821e-09,3.818191820832845e-06,True,"{""akita_black_bowl_1"":{""position"":[0.2383845429506175,-0.36593221543761706,0.8984070750980828],""quaternion_xyzw"":[-1.3874755319889689e-05,1.667300234268624e-06,0.7071067792293568,0.7071067830056482]},""alphabet_soup_1"":{""position"":[-0.13176783585888813,-0.1756151465630551,0.9462497427748913],""quaternion_xyzw"":[0.0010245111386598886,0.6989923674400736,0.7151200006534433,-0.0034648669335521666]},""cream_cheese_1"":{""position"":[0.23294185878242246,0.35787293242744056,0.9089214774186077],""quaternion_xyzw"":[6.443684048661625e-19,9.82997687939304e-18,1.0,1.6635738120784366e-25]},""plate_1"":{""position"":[-0.13185881024549712,-0.17503241289354013,0.9024916097217569],""quaternion_xyzw"":[1.2834891331311516e-05,2.7470961546061628e-05,0.7071021432685362,0.7071114184240377]},""white_yellow_mug_1"":{""position"":[0.23221387394773327,-0.11403140426167074,0.9000940748299837],""quaternion_xyzw"":[-7.477883677583679e-06,-1.0947825019662608e-05,0.7071071218390034,-0.7071064404096367]}}","{""akita_black_bowl_1"":{""position"":[0.2383845429506175,-0.36593221543761706,0.8984070750980836],""quaternion_xyzw"":[-1.3874755319830867e-05,1.6673002342697219e-06,0.7071067792293568,0.7071067830056482]},""alphabet_soup_1"":{""position"":[-0.13176781987045114,-0.17561507892980066,0.9462497394946562],""quaternion_xyzw"":[0.0010243842755962719,0.6989919981910352,0.7151203598980365,-0.0034652505050822343]},""cream_cheese_1"":{""position"":[0.23294185878242246,0.35787293242744056,0.9089214774186077],""quaternion_xyzw"":[2.482899445121225e-17,8.216764904400732e-18,1.0,3.0649646127220676e-18]},""plate_1"":{""position"":[-0.1318588102450722,-0.17503241289075852,0.9024916097117338],""quaternion_xyzw"":[1.2834526858366468e-05,2.74714163501665e-05,0.7071021432589366,0.707111418433626]},""white_yellow_mug_1"":{""position"":[0.23221387394773327,-0.11403140426167074,0.9000940748299845],""quaternion_xyzw"":[-7.477883678155127e-06,-1.094782502027184e-05,0.7071071218390034,-0.7071064404096367]}}",{},True,1,0.0,0.0,0.0,True,True,[],True,
libero_36_proxy_tabletop_draft_v4,libero_registered_object_36_proxy_tabletop,libero_36_oracle_goal_v1,gate4_terminal_goal_semantics,full,21,0,alphabet_soup*put_inside*left,alphabet_soup,put_inside,left,positive,0,460210,alphabet_soup_1,basket_1,middle,/root/smolvla-libero-compositional-generalization/data/libero_36/bddl/task_021_layout_0_alphabet_soup_put_inside_left.bddl,ae849efb81be0cd1dfaa3e8ac4c17d051f0830989fa7b2f1b73fa07b1b312c43,ca4edf05723228c5ee87316a7129c197827e5b2de081a33fe5648943b3b45de8,"{""akita_black_bowl"":0,""alphabet_soup"":2,""cream_cheese"":3,""white_yellow_mug"":1}","[[""on"",""akita_black_bowl_1"",""main_table_source_slot_0_region""],[""on"",""white_yellow_mug_1"",""main_table_source_slot_1_region""],[""in"",""alphabet_soup_1"",""basket_1_contain_region""],[""on"",""cream_cheese_1"",""main_table_source_slot_3_region""],[""on"",""basket_1"",""main_table_target_left_region""]]",deterministic_bddl_init_substitution_using_libero_conditional_and_table_region_samplers,1,"{""camera_id"":2,""camera_name"":""agentview"",""camera_protocol_version"":""libero_36_agentview_v1"",""fovy_deg"":75.0,""height"":128,""position_m"":[0.6586131746834771,0.0,1.6103500240372424],""pre_apply_fovy_deg"":45.0,""quaternion_wxyz"":[0.6380177212293417,0.30484971880648903,0.30484983801576876,0.6380177212293417],""width"":128}",True,True,True,True,True,False,not_applicable,True,10,"[true,true,true,true,true,true,true,true,true,true]","[true,true,true,true,true,true,true,true,true,true]","[true,true,true,true,true,true,true,true,true,true]","[true,true,true,true,true,true,true,true,true,true,true,true,true,true,true,true,true,true,true,true]","[true,true,true,true,true,true,true,true,true,true,true,true,true,true,true,true,true,true,true,true]","[true,true,true,true,true,true,true,true,true,true,true,true,true,true,true,true,true,true,true,true]","[true,true,true,true,true,true,true,true,true,true,true,true,true,true,true,true,true,true,true,true]","[true,true,true,true,true,true,true,true,true,true,true,true,true,true,true,true,true,true,true,true]","[[],[],[],[],[],[],[],[],[],[],[],[],[],[],[],[],[],[],[],[]]",True,True,True,True,True,True,True,True,1.9917394293064943e-13,1.7075472925031877e-06,True,"{""akita_black_bowl_1"":{""position"":[0.22797051360717033,-0.35234356026761887,0.8984070750975269],""quaternion_xyzw"":[-1.3874755277169214e-05,1.6673002283323161e-06,0.7071067792293568,0.7071067830056483]},""alphabet_soup_1"":{""position"":[-0.12477340394087924,-0.1719518263927045,0.9553929447037777],""quaternion_xyzw"":[0.0023487305612144974,0.707452116409023,0.706753473276672,-0.0023482896979137315]},""basket_1"":{""position"":[-0.12597695796046077,-0.17228727124960702,0.8954148920386521],""quaternion_xyzw"":[-0.001693177947168045,0.0016934219371111407,0.7071047575707243,0.7071047498719193]},""cream_cheese_1"":{""position"":[0.2338031771353771,0.3642507578958188,0.9089214774185893],""quaternion_xyzw"":[-1.0899886560728358e-17,1.0497681932198652e-17,1.0,-1.9345862063578171e-25]},""white_yellow_mug_1"":{""position"":[0.233209673709423,-0.1135027967691774,0.9000940748294017],""quaternion_xyzw"":[-7.477883618721024e-06,-1.0947824938059505e-05,0.7071071218390034,-0.7071064404096367]}}","{""akita_black_bowl_1"":{""position"":[0.2279705136071704,-0.35234356026761887,0.8984070750980836],""quaternion_xyzw"":[-1.3874755319817194e-05,1.6673002342354804e-06,0.7071067792293568,0.7071067830056483]},""alphabet_soup_1"":{""position"":[-0.12477340395069594,-0.17195182631222167,0.9553929447105893],""quaternion_xyzw"":[0.0023487304968990977,0.7074521171141719,0.7067534725713458,-0.0023482896058212668]},""basket_1"":{""position"":[-0.12597695795994618,-0.17228727125203178,0.8954148920420119],""quaternion_xyzw"":[-0.0016931781744965026,0.0016934220850869054,0.7071047575701801,0.7071047498715648]},""cream_cheese_1"":{""position"":[0.2338031771353771,0.3642507578958188,0.9089214774186077],""quaternion_xyzw"":[-6.8493840306350674e-18,1.3839395519596835e-17,1.0,-1.6899500948428122e-18]},""white_yellow_mug_1"":{""position"":[0.233209673709423,-0.1135027967691774,0.9000940748299845],""quaternion_xyzw"":[-7.477883678160781e-06,-1.0947825020277829e-05,0.7071071218390034,-0.7071064404096367]}}",{},True,1,0.0,0.0,0.0,True,True,[],True,
libero_36_proxy_tabletop_draft_v4,libero_registered_object_36_proxy_tabletop,libero_36_oracle_goal_v1,gate4_terminal_goal_semantics,full,21,0,alphabet_soup*put_inside*left,alphabet_soup,put_inside,left,relation_negative,1,460211,alphabet_soup_1,basket_1,middle,/root/smolvla-libero-compositional-generalization/data/libero_36/bddl/task_021_layout_0_alphabet_soup_put_inside_left.bddl,ae849efb81be0cd1dfaa3e8ac4c17d051f0830989fa7b2f1b73fa07b1b312c43,6e9dcf900ec37b23d36ea2b3c0d30e45788d9c257af2e1fc8961bd97e6040c17,"{""akita_black_bowl"":0,""alphabet_soup"":2,""cream_cheese"":3,""white_yellow_mug"":1}","[[""on"",""akita_black_bowl_1"",""main_table_source_slot_0_region""],[""on"",""white_yellow_mug_1"",""main_table_source_slot_1_region""],[""on"",""alphabet_soup_1"",""main_table_target_middle_region""],[""on"",""cream_cheese_1"",""main_table_source_slot_3_region""],[""on"",""basket_1"",""main_table_target_left_region""]]",deterministic_bddl_init_substitution_using_libero_conditional_and_table_region_samplers,1,"{""camera_id"":2,""camera_name"":""agentview"",""camera_protocol_version"":""libero_36_agentview_v1"",""fovy_deg"":75.0,""height"":128,""position_m"":[0.6586131746834771,0.0,1.6103500240372424],""pre_apply_fovy_deg"":45.0,""quaternion_wxyz"":[0.6380177212293417,0.30484971880648903,0.30484983801576876,0.6380177212293417],""width"":128}",True,True,False,True,False,False,not_applicable,True,9,"[false,false,false,false,false,false,false,false,false]","[true,true,true,true,true,true,true,true,true]","[false,false,false,false,false,false,false,false,false]","[false,false,false,false,false,false,false,false,false,false,false,false,false,false,false,false,false,false,false,false]","[true,true,true,true,true,true,true,true,true,true,true,true,true,true,true,true,true,true,true,true]","[false,false,false,false,false,false,false,false,false,false,false,false,false,false,false,false,false,false,false,false]","[true,true,true,true,true,true,true,true,true,true,true,true,true,true,true,true,true,true,true,true]","[true,true,true,true,true,true,true,true,true,true,true,true,true,true,true,true,true,true,true,true]","[[],[],[],[],[],[],[],[],[],[],[],[],[],[],[],[],[],[],[],[]]",True,True,True,True,True,True,True,True,9.020562075079397e-17,1.7075472925031877e-06,True,"{""akita_black_bowl_1"":{""position"":[0.243145609561277,-0.3610976807471454,0.8984070750855586],""quaternion_xyzw"":[-1.3874754374367738e-05,1.6673001080845587e-06,0.7071067792293568,0.7071067830056483]},""alphabet_soup_1"":{""position"":[-0.06921595624436638,-0.02214755380002721,0.938392910372391],""quaternion_xyzw"":[0.0022510880915342165,0.7077061030915652,0.7064997314594987,-0.0022657663187425317]},""basket_1"":{""position"":[-0.15803858699136367,-0.23081733621120393,0.8954176546581495],""quaternion_xyzw"":[-0.0016942118233024776,0.0016940206597040762,0.7071047529253541,0.7071047506067798]},""cream_cheese_1"":{""position"":[0.23997485821542125,0.3646346143339408,0.9089214774181752],""quaternion_xyzw"":[-2.323375948947681e-17,1.0326968751810214e-17,1.0,3.6363508815077176e-25]},""white_yellow_mug_1"":{""position"":[0.22750919782294807,-0.1296980597567584,0.9000940748168837],""quaternion_xyzw"":[-7.4778824641513715e-06,-1.0947823346008493e-05,0.7071071218390036,-0.7071064404096369]}}","{""akita_black_bowl_1"":{""position"":[0.24314560956128053,-0.36109768074715004,0.8984070750980836],""quaternion_xyzw"":[-1.3874755319820432e-05,1.6673002342325039e-06,0.7071067792293568,0.7071067830056483]},""alphabet_soup_1"":{""position"":[-0.06921595624437073,-0.02214755380003139,0.9383929103724435],""quaternion_xyzw"":[0.002251088091492826,0.7077061030915409,0.7064997314595235,-0.0022657663187014986]},""basket_1"":{""position"":[-0.15803858699136347,-0.23081733621124284,0.8954176546734635],""quaternion_xyzw"":[-0.0016942118263254767,0.00169402066268673,0.707104752925347,0.7071047506067727]},""cream_cheese_1"":{""position"":[0.23997485821542125,0.3646346143339408,0.9089214774186077],""quaternion_xyzw"":[-3.546776834348885e-17,9.706063158979294e-18,1.0,6.183305824597025e-18]},""white_yellow_mug_1"":{""position"":[0.22750919782294793,-0.12969805975675758,0.9000940748299845],""quaternion_xyzw"":[-7.477883678153993e-06,-1.0947825020270842e-05,0.7071071218390034,-0.7071064404096367]}}",{},True,1,0.0,0.0,0.0,True,True,[],True,
libero_36_proxy_tabletop_draft_v4,libero_registered_object_36_proxy_tabletop,libero_36_oracle_goal_v1,gate4_terminal_goal_semantics,full,21,0,alphabet_soup*put_inside*left,alphabet_soup,put_inside,left,receiver_region_negative,2,460212,alphabet_soup_1,basket_1,middle,/root/smolvla-libero-compositional-generalization/data/libero_36/bddl/task_021_layout_0_alphabet_soup_put_inside_left.bddl,ae849efb81be0cd1dfaa3e8ac4c17d051f0830989fa7b2f1b73fa07b1b312c43,78ff04036cfcb6562900da30640fb73d13d84ebc7cea070fa66c33fe1082c1c7,"{""akita_black_bowl"":0,""alphabet_soup"":2,""cream_cheese"":3,""white_yellow_mug"":1}","[[""on"",""akita_black_bowl_1"",""main_table_source_slot_0_region""],[""on"",""white_yellow_mug_1"",""main_table_source_slot_1_region""],[""in"",""alphabet_soup_1"",""basket_1_contain_region""],[""on"",""cream_cheese_1"",""main_table_source_slot_3_region""],[""on"",""basket_1"",""main_table_target_middle_region""]]",deterministic_bddl_init_substitution_using_libero_conditional_and_table_region_samplers,1,"{""camera_id"":2,""camera_name"":""agentview"",""camera_protocol_version"":""libero_36_agentview_v1"",""fovy_deg"":75.0,""height"":128,""position_m"":[0.6586131746834771,0.0,1.6103500240372424],""pre_apply_fovy_deg"":45.0,""quaternion_wxyz"":[0.6380177212293417,0.30484971880648903,0.30484983801576876,0.6380177212293417],""width"":128}",True,True,True,False,False,False,not_applicable,True,10,"[true,true,true,true,true,true,true,true,true,true]","[false,false,false,false,false,false,false,false,false,false]","[false,false,false,false,false,false,false,false,false,false]","[true,true,true,true,true,true,true,true,true,true,true,true,true,true,true,true,true,true,true,true]","[false,false,false,false,false,false,false,false,false,false,false,false,false,false,false,false,false,false,false,false]","[false,false,false,false,false,false,false,false,false,false,false,false,false,false,false,false,false,false,false,false]","[true,true,true,true,true,true,true,true,true,true,true,true,true,true,true,true,true,true,true,true]","[true,true,true,true,true,true,true,true,true,true,true,true,true,true,true,true,true,true,true,true]","[[],[],[],[],[],[],[],[],[],[],[],[],[],[],[],[],[],[],[],[]]",True,True,True,True,True,True,True,True,1.9928080407161612e-13,1.7075472925031877e-06,True,"{""akita_black_bowl_1"":{""position"":[0.2364542756726244,-0.36201595334983006,0.8984070750975269],""quaternion_xyzw"":[-1.3874755277176963e-05,1.667300228329817e-06,0.7071067792293568,0.7071067830056482]},""alphabet_soup_1"":{""position"":[-0.10247060462827376,0.009928451017918056,0.9553929447037778],""quaternion_xyzw"":[0.0023487305612120164,0.707452116409023,0.706753473276672,-0.0023482896979162894]},""basket_1"":{""position"":[-0.10367415864785472,0.00959300616101594,0.8954148920386521],""quaternion_xyzw"":[-0.0016931779471680531,0.0016934219371111407,0.7071047575707241,0.7071047498719193]},""cream_cheese_1"":{""position"":[0.23999366035341896,0.3593067215212442,0.9089214774185893],""quaternion_xyzw"":[-4.913171374817431e-17,8.939129709287091e-18,1.0,1.661854817718119e-25]},""white_yellow_mug_1"":{""position"":[0.23477533312253293,-0.12057951794958623,0.9000940748294017],""quaternion_xyzw"":[-7.477883618713906e-06,-1.0947824938064098e-05,0.7071071218390034,-0.7071064404096367]}}","{""akita_black_bowl_1"":{""position"":[0.23645427567262448,-0.36201595334983006,0.8984070750980836],""quaternion_xyzw"":[-1.3874755319826918e-05,1.6673002342706447e-06,0.7071067792293568,0.7071067830056482]},""alphabet_soup_1"":{""position"":[-0.10247060463809055,0.009928451098399387,0.9553929447105893],""quaternion_xyzw"":[0.002348730496896472,0.707452117114172,0.706753472571346,-0.0023482896058236824]},""basket_1"":{""position"":[-0.10367415864734009,0.009593006158591067,0.8954148920420119],""quaternion_xyzw"":[-0.0016931781744965674,0.001693422085086907,0.7071047575701799,0.7071047498715648]},""cream_cheese_1"":{""position"":[0.23999366035341896,0.3593067215212442,0.9089214774186077],""quaternion_xyzw"":[-2.7397617150718448e-17,9.30500782329635e-18,1.0,-9.277310044475146e-19]},""white_yellow_mug_1"":{""position"":[0.23477533312253293,-0.12057951794958623,0.9000940748299845],""quaternion_xyzw"":[-7.477883678151745e-06,-1.0947825020273812e-05,0.7071071218390034,-0.7071064404096367]}}",{},True,1,0.0,0.0,0.0,True,True,[],True,
libero_36_proxy_tabletop_draft_v4,libero_registered_object_36_proxy_tabletop,libero_36_oracle_goal_v1,gate4_terminal_goal_semantics,full,22,0,alphabet_soup*put_inside*middle,alphabet_soup,put_inside,middle,positive,0,460220,alphabet_soup_1,basket_1,right,/root/smolvla-libero-compositional-generalization/data/libero_36/bddl/task_022_layout_0_alphabet_soup_put_inside_middle.bddl,6998f6aca3771daafe113c3025ca831d36abdd939eff2893a549d547bc381d6e,1d4d124d00d5746f788dff265ea52e2029a19332f00c7e0931191c3673104773,"{""akita_black_bowl"":0,""alphabet_soup"":2,""cream_cheese"":3,""white_yellow_mug"":1}","[[""on"",""akita_black_bowl_1"",""main_table_source_slot_0_region""],[""on"",""white_yellow_mug_1"",""main_table_source_slot_1_region""],[""in"",""alphabet_soup_1"",""basket_1_contain_region""],[""on"",""cream_cheese_1"",""main_table_source_slot_3_region""],[""on"",""basket_1"",""main_table_target_middle_region""]]",deterministic_bddl_init_substitution_using_libero_conditional_and_table_region_samplers,1,"{""camera_id"":2,""camera_name"":""agentview"",""camera_protocol_version"":""libero_36_agentview_v1"",""fovy_deg"":75.0,""height"":128,""position_m"":[0.6586131746834771,0.0,1.6103500240372424],""pre_apply_fovy_deg"":45.0,""quaternion_wxyz"":[0.6380177212293417,0.30484971880648903,0.30484983801576876,0.6380177212293417],""width"":128}",True,True,True,True,True,False,not_applicable,True,10,"[true,true,true,true,true,true,true,true,true,true]","[true,true,true,true,true,true,true,true,true,true]","[true,true,true,true,true,true,true,true,true,true]","[true,true,true,true,true,true,true,true,true,true,true,true,true,true,true,true,true,true,true,true]","[true,true,true,true,true,true,true,true,true,true,true,true,true,true,true,true,true,true,true,true]","[true,true,true,true,true,true,true,true,true,true,true,true,true,true,true,true,true,true,true,true]","[true,true,true,true,true,true,true,true,true,true,true,true,true,true,true,true,true,true,true,true]","[true,true,true,true,true,true,true,true,true,true,true,true,true,true,true,true,true,true,true,true]","[[],[],[],[],[],[],[],[],[],[],[],[],[],[],[],[],[],[],[],[]]",True,True,True,True,True,True,True,True,1.992991346676319e-13,1.7075472925031877e-06,True,"{""akita_black_bowl_1"":{""position"":[0.23864742862908378,-0.3528375040067409,0.8984070750975269],""quaternion_xyzw"":[-1.3874755277177412e-05,1.6673002283301149e-06,0.7071067792293568,0.7071067830056482]},""alphabet_soup_1"":{""position"":[-0.14851804698747628,-0.00403449788061852,0.9553929447037777],""quaternion_xyzw"":[0.002348730561213996,0.707452116409023,0.7067534732766722,-0.0023482896979143504]},""basket_1"":{""position"":[-0.14972160100705678,-0.004369942737520201,0.8954148920386521],""quaternion_xyzw"":[-0.0016931779471680572,0.0016934219371111388,0.7071047575707242,0.7071047498719192]},""cream_cheese_1"":{""position"":[0.23705420802690488,0.3592079440576267,0.9089214774185893],""quaternion_xyzw"":[0.0,0.0,1.0,0.0]},""white_yellow_mug_1"":{""position"":[0.23645870917140185,-0.1268156472992294,0.9000940748294017],""quaternion_xyzw"":[-7.4778836187141204e-06,-1.0947824938058453e-05,0.7071071218390034,-0.7071064404096367]}}","{""akita_black_bowl_1"":{""position"":[0.23864742862908386,-0.3528375040067409,0.8984070750980836],""quaternion_xyzw"":[-1.3874755319825246e-05,1.667300234270227e-06,0.7071067792293568,0.7071067830056482]},""alphabet_soup_1"":{""position"":[-0.1485180469972914,-0.004034497800137148,0.9553929447105893],""quaternion_xyzw"":[0.002348730496898433,0.7074521171141719,0.7067534725713459,-0.0023482896058217287]},""basket_1"":{""position"":[-0.1497216010065422,-0.004369942739945075,0.8954148920420119],""quaternion_xyzw"":[-0.0016931781744965748,0.0016934220850869488,0.7071047575701801,0.7071047498715648]},""cream_cheese_1"":{""position"":[0.23705420802690488,0.3592079440576267,0.9089214774186077],""quaternion_xyzw"":[0.0,0.0,1.0,0.0]},""white_yellow_mug_1"":{""position"":[0.23645870917140185,-0.1268156472992294,0.9000940748299845],""quaternion_xyzw"":[-7.477883678156598e-06,-1.0947825020272167e-05,0.7071071218390034,-0.7071064404096367]}}",{},True,1,0.0,0.0,0.0,True,True,[],True,
libero_36_proxy_tabletop_draft_v4,libero_registered_object_36_proxy_tabletop,libero_36_oracle_goal_v1,gate4_terminal_goal_semantics,full,22,0,alphabet_soup*put_inside*middle,alphabet_soup,put_inside,middle,relation_negative,1,460221,alphabet_soup_1,basket_1,right,/root/smolvla-libero-compositional-generalization/data/libero_36/bddl/task_022_layout_0_alphabet_soup_put_inside_middle.bddl,6998f6aca3771daafe113c3025ca831d36abdd939eff2893a549d547bc381d6e,7560764778e7866fb7e9870afe94db812727a1c3e2ae1858a014528f8ffc8d3c,"{""akita_black_bowl"":0,""alphabet_soup"":2,""cream_cheese"":3,""white_yellow_mug"":1}","[[""on"",""akita_black_bowl_1"",""main_table_source_slot_0_region""],[""on"",""white_yellow_mug_1"",""main_table_source_slot_1_region""],[""on"",""alphabet_soup_1"",""main_table_target_right_region""],[""on"",""cream_cheese_1"",""main_table_source_slot_3_region""],[""on"",""basket_1"",""main_table_target_middle_region""]]",deterministic_bddl_init_substitution_using_libero_conditional_and_table_region_samplers,1,"{""camera_id"":2,""camera_name"":""agentview"",""camera_protocol_version"":""libero_36_agentview_v1"",""fovy_deg"":75.0,""height"":128,""position_m"":[0.6586131746834771,0.0,1.6103500240372424],""pre_apply_fovy_deg"":45.0,""quaternion_wxyz"":[0.6380177212293417,0.30484971880648903,0.30484983801576876,0.6380177212293417],""width"":128}",True,True,False,True,False,False,not_applicable,True,9,"[false,false,false,false,false,false,false,false,false]","[true,true,true,true,true,true,true,true,true]","[false,false,false,false,false,false,false,false,false]","[false,false,false,false,false,false,false,false,false,false,false,false,false,false,false,false,false,false,false,false]","[true,true,true,true,true,true,true,true,true,true,true,true,true,true,true,true,true,true,true,true]","[false,false,false,false,false,false,false,false,false,false,false,false,false,false,false,false,false,false,false,false]","[true,true,true,true,true,true,true,true,true,true,true,true,true,true,true,true,true,true,true,true]","[true,true,true,true,true,true,true,true,true,true,true,true,true,true,true,true,true,true,true,true]","[[],[],[],[],[],[],[],[],[],[],[],[],[],[],[],[],[],[],[],[]]",True,True,True,True,True,True,True,True,0.0,1.7075472925031877e-06,True,"{""akita_black_bowl_1"":{""position"":[0.24133841902343292,-0.3535335264300508,0.8984070750855586],""quaternion_xyzw"":[-1.3874754374360811e-05,1.6673001080916181e-06,0.7071067792293568,0.7071067830056483]},""alphabet_soup_1"":{""position"":[-0.1463148355617981,0.20749977087601462,0.9383929103723911],""quaternion_xyzw"":[0.002251088091534104,0.7077061030915652,0.7064997314594988,-0.002265766318742586]},""basket_1"":{""position"":[-0.10065474036469943,-0.011086459201728722,0.8954176546581495],""quaternion_xyzw"":[-0.00169421182330248,0.0016940206597040749,0.7071047529253541,0.7071047506067798]},""cream_cheese_1"":{""position"":[0.23526707785884587,0.36291264371078974,0.9089214774181752],""quaternion_xyzw"":[-2.261798142025699e-17,1.0848378968828694e-17,1.0,3.63635028068807e-25]},""white_yellow_mug_1"":{""position"":[0.24109368217734145,-0.11170470653948834,0.9000940748168837],""quaternion_xyzw"":[-7.477882464149265e-06,-1.0947823346024824e-05,0.7071071218390036,-0.7071064404096369]}}","{""akita_black_bowl_1"":{""position"":[0.24133841902343645,-0.3535335264300555,0.8984070750980836],""quaternion_xyzw"":[-1.3874755319815953e-05,1.6673002342367174e-06,0.7071067792293568,0.7071067830056483]},""alphabet_soup_1"":{""position"":[-0.14631483556180241,0.20749977087601207,0.9383929103724435],""quaternion_xyzw"":[0.0022510880914927887,0.7077061030915408,0.7064997314595235,-0.0022657663187015315]},""basket_1"":{""position"":[-0.10065474036469921,-0.011086459201767738,0.8954176546734635],""quaternion_xyzw"":[-0.0016942118263254776,0.0016940206626867296,0.707104752925347,0.7071047506067727]},""cream_cheese_1"":{""position"":[0.23526707785884587,0.36291264371078974,0.9089214774186077],""quaternion_xyzw"":[-3.822518138175788e-17,8.63886375853474e-18,1.0,-1.1417855513069703e-18]},""white_yellow_mug_1"":{""position"":[0.2410936821773413,-0.11170470653948744,0.9000940748299845],""quaternion_xyzw"":[-7.477883678156409e-06,-1.0947825020274105e-05,0.7071071218390034,-0.7071064404096367]}}",{},True,1,0.0,0.0,0.0,True,True,[],True,
libero_36_proxy_tabletop_draft_v4,libero_registered_object_36_proxy_tabletop,libero_36_oracle_goal_v1,gate4_terminal_goal_semantics,full,22,0,alphabet_soup*put_inside*middle,alphabet_soup,put_inside,middle,receiver_region_negative,2,460222,alphabet_soup_1,basket_1,right,/root/smolvla-libero-compositional-generalization/data/libero_36/bddl/task_022_layout_0_alphabet_soup_put_inside_middle.bddl,6998f6aca3771daafe113c3025ca831d36abdd939eff2893a549d547bc381d6e,ed70c6ec98e39603f1a50dc9d0f5f16cd1b4fd2409d8659cab8b583f3286ec2b,"{""akita_black_bowl"":0,""alphabet_soup"":2,""cream_cheese"":3,""white_yellow_mug"":1}","[[""on"",""akita_black_bowl_1"",""main_table_source_slot_0_region""],[""on"",""white_yellow_mug_1"",""main_table_source_slot_1_region""],[""in"",""alphabet_soup_1"",""basket_1_contain_region""],[""on"",""cream_cheese_1"",""main_table_source_slot_3_region""],[""on"",""basket_1"",""main_table_target_right_region""]]",deterministic_bddl_init_substitution_using_libero_conditional_and_table_region_samplers,1,"{""camera_id"":2,""camera_name"":""agentview"",""camera_protocol_version"":""libero_36_agentview_v1"",""fovy_deg"":75.0,""height"":128,""position_m"":[0.6586131746834771,0.0,1.6103500240372424],""pre_apply_fovy_deg"":45.0,""quaternion_wxyz"":[0.6380177212293417,0.30484971880648903,0.30484983801576876,0.6380177212293417],""width"":128}",True,True,True,False,False,False,not_applicable,True,10,"[true,true,true,true,true,true,true,true,true,true]","[false,false,false,false,false,false,false,false,false,false]","[false,false,false,false,false,false,false,false,false,false]","[true,true,true,true,true,true,true,true,true,true,true,true,true,true,true,true,true,true,true,true]","[false,false,false,false,false,false,false,false,false,false,false,false,false,false,false,false,false,false,false,false]","[false,false,false,false,false,false,false,false,false,false,false,false,false,false,false,false,false,false,false,false]","[true,true,true,true,true,true,true,true,true,true,true,true,true,true,true,true,true,true,true,true]","[true,true,true,true,true,true,true,true,true,true,true,true,true,true,true,true,true,true,true,true]","[[],[],[],[],[],[],[],[],[],[],[],[],[],[],[],[],[],[],[],[]]",True,True,True,True,True,True,True,True,1.9917559497288717e-13,1.7075472925031877e-06,True,"{""akita_black_bowl_1"":{""position"":[0.23257062917410998,-0.3521185306519813,0.8984070750975269],""quaternion_xyzw"":[-1.3874755277168964e-05,1.6673002283278402e-06,0.7071067792293568,0.7071067830056483]},""alphabet_soup_1"":{""position"":[-0.1126126780029964,0.16974256408502542,0.9553929447037777],""quaternion_xyzw"":[0.0023487305612148878,0.707452116409023,0.7067534732766722,-0.0023482896979133278]},""basket_1"":{""position"":[-0.1138162320225768,0.1694071192281241,0.8954148920386521],""quaternion_xyzw"":[-0.0016931779471680555,0.0016934219371111405,0.7071047575707242,0.7071047498719192]},""cream_cheese_1"":{""position"":[0.23773693177884,0.35807387319954714,0.9089214774185893],""quaternion_xyzw"":[-4.207628543453367e-17,1.1124031856975432e-17,1.0,-1.8231123170714289e-25]},""white_yellow_mug_1"":{""position"":[0.24371279103132434,-0.1207399810720341,0.9000940748294017],""quaternion_xyzw"":[-7.477883618706373e-06,-1.0947824938047787e-05,0.7071071218390034,-0.7071064404096367]}}","{""akita_black_bowl_1"":{""position"":[0.23257062917411006,-0.3521185306519813,0.8984070750980836],""quaternion_xyzw"":[-1.3874755319825023e-05,1.6673002342420739e-06,0.7071067792293568,0.7071067830056483]},""alphabet_soup_1"":{""position"":[-0.11261267801281313,0.1697425641655083,0.9553929447105893],""quaternion_xyzw"":[0.002348730496899525,0.707452117114172,0.7067534725713459,-0.002348289605820896]},""basket_1"":{""position"":[-0.11381623202206217,0.16940711922569934,0.8954148920420119],""quaternion_xyzw"":[-0.0016931781744965748,0.001693422085086946,0.7071047575701801,0.7071047498715648]},""cream_cheese_1"":{""position"":[0.23773693177884,0.35807387319954714,0.9089214774186077],""quaternion_xyzw"":[-3.747334660229472e-17,1.5291816977445595e-17,1.0,1.1451199401608555e-18]},""white_yellow_mug_1"":{""position"":[0.24371279103132434,-0.1207399810720341,0.9000940748299845],""quaternion_xyzw"":[-7.477883678162445e-06,-1.0947825020272994e-05,0.7071071218390034,-0.7071064404096367]}}",{},True,1,0.0,0.0,0.0,True,True,[],True,
libero_36_proxy_tabletop_draft_v4,libero_registered_object_36_proxy_tabletop,libero_36_oracle_goal_v1,gate4_terminal_goal_semantics,full,23,0,alphabet_soup*put_inside*right,alphabet_soup,put_inside,right,positive,0,460230,alphabet_soup_1,basket_1,left,/root/smolvla-libero-compositional-generalization/data/libero_36/bddl/task_023_layout_0_alphabet_soup_put_inside_right.bddl,fd0713ca6f3b8a3278117251b1dd88d6f76e4077fc42cd0da9f366d207999ff7,7736ebcb612b35f80d31031bf69e6faa412a32df5d3d14092f3ce560274b7d37,"{""akita_black_bowl"":0,""alphabet_soup"":2,""cream_cheese"":3,""white_yellow_mug"":1}","[[""on"",""akita_black_bowl_1"",""main_table_source_slot_0_region""],[""on"",""white_yellow_mug_1"",""main_table_source_slot_1_region""],[""in"",""alphabet_soup_1"",""basket_1_contain_region""],[""on"",""cream_cheese_1"",""main_table_source_slot_3_region""],[""on"",""basket_1"",""main_table_target_right_region""]]",deterministic_bddl_init_substitution_using_libero_conditional_and_table_region_samplers,1,"{""camera_id"":2,""camera_name"":""agentview"",""camera_protocol_version"":""libero_36_agentview_v1"",""fovy_deg"":75.0,""height"":128,""position_m"":[0.6586131746834771,0.0,1.6103500240372424],""pre_apply_fovy_deg"":45.0,""quaternion_wxyz"":[0.6380177212293417,0.30484971880648903,0.30484983801576876,0.6380177212293417],""width"":128}",True,True,True,True,True,False,not_applicable,True,10,"[true,true,true,true,true,true,true,true,true,true]","[true,true,true,true,true,true,true,true,true,true]","[true,true,true,true,true,true,true,true,true,true]","[true,true,true,true,true,true,true,true,true,true,true,true,true,true,true,true,true,true,true,true]","[true,true,true,true,true,true,true,true,true,true,true,true,true,true,true,true,true,true,true,true]","[true,true,true,true,true,true,true,true,true,true,true,true,true,true,true,true,true,true,true,true]","[true,true,true,true,true,true,true,true,true,true,true,true,true,true,true,true,true,true,true,true]","[true,true,true,true,true,true,true,true,true,true,true,true,true,true,true,true,true,true,true,true]","[[],[],[],[],[],[],[],[],[],[],[],[],[],[],[],[],[],[],[],[]]",True,True,True,True,True,True,True,True,1.9917394293064943e-13,0.0,True,"{""akita_black_bowl_1"":{""position"":[0.2418525715050965,-0.35063428388922857,0.8984070750975269],""quaternion_xyzw"":[-1.3874755277176841e-05,1.6673002283311057e-06,0.7071067792293568,0.7071067830056482]},""alphabet_soup_1"":{""position"":[-0.09165981596900241,0.17490954108986084,0.9553929447037778],""quaternion_xyzw"":[0.0023487305612129653,0.7074521164090231,0.7067534732766722,-0.002348289697915468]},""basket_1"":{""position"":[-0.09286336998858387,0.17457409623295841,0.8954148920386521],""quaternion_xyzw"":[-0.001693177947168048,0.0016934219371111422,0.7071047575707244,0.7071047498719192]},""cream_cheese_1"":{""position"":[0.23753990394924787,0.36000761322574976,0.9089214774185893],""quaternion_xyzw"":[0.0,0.0,1.0,0.0]},""white_yellow_mug_1"":{""position"":[0.2300706735858803,-0.12633579674757736,0.9000940748294017],""quaternion_xyzw"":[-7.4778836187345416e-06,-1.0947824938054535e-05,0.7071071218390036,-0.7071064404096368]}}","{""akita_black_bowl_1"":{""position"":[0.2418525715050966,-0.35063428388922857,0.8984070750980836],""quaternion_xyzw"":[-1.3874755319819898e-05,1.6673002342692069e-06,0.7071067792293568,0.7071067830056482]},""alphabet_soup_1"":{""position"":[-0.09165981597881909,0.1749095411703437,0.9553929447105893],""quaternion_xyzw"":[0.0023487304968973157,0.7074521171141719,0.7067534725713459,-0.002348289605822751]},""basket_1"":{""position"":[-0.09286336998806924,0.17457409623053366,0.8954148920420119],""quaternion_xyzw"":[-0.0016931781744965691,0.001693422085086904,0.7071047575701802,0.7071047498715647]},""cream_cheese_1"":{""position"":[0.23753990394924787,0.36000761322574976,0.9089214774186077],""quaternion_xyzw"":[0.0,0.0,1.0,0.0]},""white_yellow_mug_1"":{""position"":[0.2300706735858803,-0.12633579674757736,0.9000940748299845],""quaternion_xyzw"":[-7.477883678140264e-06,-1.0947825020300788e-05,0.7071071218390036,-0.7071064404096368]}}",{},True,1,0.0,0.0,0.0,True,True,[],True,
libero_36_proxy_tabletop_draft_v4,libero_registered_object_36_proxy_tabletop,libero_36_oracle_goal_v1,gate4_terminal_goal_semantics,full,23,0,alphabet_soup*put_inside*right,alphabet_soup,put_inside,right,relation_negative,1,460231,alphabet_soup_1,basket_1,left,/root/smolvla-libero-compositional-generalization/data/libero_36/bddl/task_023_layout_0_alphabet_soup_put_inside_right.bddl,fd0713ca6f3b8a3278117251b1dd88d6f76e4077fc42cd0da9f366d207999ff7,115d31c86a516ec562872c08991eb98166f5f4b4c9cd1719ae0355c9fab79260,"{""akita_black_bowl"":0,""alphabet_soup"":2,""cream_cheese"":3,""white_yellow_mug"":1}","[[""on"",""akita_black_bowl_1"",""main_table_source_slot_0_region""],[""on"",""white_yellow_mug_1"",""main_table_source_slot_1_region""],[""on"",""alphabet_soup_1"",""main_table_target_left_region""],[""on"",""cream_cheese_1"",""main_table_source_slot_3_region""],[""on"",""basket_1"",""main_table_target_right_region""]]",deterministic_bddl_init_substitution_using_libero_conditional_and_table_region_samplers,1,"{""camera_id"":2,""camera_name"":""agentview"",""camera_protocol_version"":""libero_36_agentview_v1"",""fovy_deg"":75.0,""height"":128,""position_m"":[0.6586131746834771,0.0,1.6103500240372424],""pre_apply_fovy_deg"":45.0,""quaternion_wxyz"":[0.6380177212293417,0.30484971880648903,0.30484983801576876,0.6380177212293417],""width"":128}",True,True,False,True,False,False,not_applicable,True,9,"[false,false,false,false,false,false,false,false,false]","[true,true,true,true,true,true,true,true,true]","[false,false,false,false,false,false,false,false,false]","[false,false,false,false,false,false,false,false,false,false,false,false,false,false,false,false,false,false,false,false]","[true,true,true,true,true,true,true,true,true,true,true,true,true,true,true,true,true,true,true,true]","[false,false,false,false,false,false,false,false,false,false,false,false,false,false,false,false,false,false,false,false]","[true,true,true,true,true,true,true,true,true,true,true,true,true,true,true,true,true,true,true,true]","[true,true,true,true,true,true,true,true,true,true,true,true,true,true,true,true,true,true,true,true]","[[],[],[],[],[],[],[],[],[],[],[],[],[],[],[],[],[],[],[],[]]",True,True,True,True,True,True,True,True,0.0,1.7075472925031877e-06,True,"{""akita_black_bowl_1"":{""position"":[0.23933031408987104,-0.35788840700144314,0.8984070750855586],""quaternion_xyzw"":[-1.3874754374370001e-05,1.6673001080860707e-06,0.7071067792293568,0.7071067830056483]},""alphabet_soup_1"":{""position"":[-0.10597320259621901,-0.21800475277480794,0.938392910372391],""quaternion_xyzw"":[0.002251088091534132,0.7077061030915652,0.7064997314594988,-0.0022657663187426124]},""basket_1"":{""position"":[-0.16733787639702882,0.20115212727716367,0.8954176546581495],""quaternion_xyzw"":[-0.001694211823302479,0.001694020659704075,0.7071047529253541,0.7071047506067798]},""cream_cheese_1"":{""position"":[0.23252438059754948,0.3583373495313771,0.9089214774181752],""quaternion_xyzw"":[-2.291762361239175e-17,8.8950857935149e-18,1.0,3.6363488578830016e-25]},""white_yellow_mug_1"":{""position"":[0.22952080408109768,-0.11162943389234341,0.9000940748168837],""quaternion_xyzw"":[-7.477882464162016e-06,-1.0947823346010604e-05,0.7071071218390036,-0.7071064404096369]}}","{""akita_black_bowl_1"":{""position"":[0.23933031408987457,-0.3578884070014478,0.8984070750980836],""quaternion_xyzw"":[-1.3874755319816644e-05,1.6673002342372437e-06,0.7071067792293568,0.7071067830056483]},""alphabet_soup_1"":{""position"":[-0.10597320259622335,-0.21800475277481052,0.9383929103724435],""quaternion_xyzw"":[0.0022510880914927605,0.7077061030915408,0.7064997314595236,-0.0022657663187015667]},""basket_1"":{""position"":[-0.16733787639702863,0.20115212727712475,0.8954176546734635],""quaternion_xyzw"":[-0.0016942118263254785,0.0016940206626867274,0.707104752925347,0.7071047506067727]},""cream_cheese_1"":{""position"":[0.23252438059754948,0.3583373495313771,0.9089214774186077],""quaternion_xyzw"":[-3.5583824872699407e-17,7.504672108340566e-18,1.0,1.3522305085803478e-18]},""white_yellow_mug_1"":{""position"":[0.22952080408109754,-0.1116294338923425,0.9000940748299845],""quaternion_xyzw"":[-7.477883678151744e-06,-1.0947825020271057e-05,0.7071071218390034,-0.7071064404096367]}}",{},True,1,0.0,0.0,0.0,True,True,[],True,
libero_36_proxy_tabletop_draft_v4,libero_registered_object_36_proxy_tabletop,libero_36_oracle_goal_v1,gate4_terminal_goal_semantics,full,23,0,alphabet_soup*put_inside*right,alphabet_soup,put_inside,right,receiver_region_negative,2,460232,alphabet_soup_1,basket_1,left,/root/smolvla-libero-compositional-generalization/data/libero_36/bddl/task_023_layout_0_alphabet_soup_put_inside_right.bddl,fd0713ca6f3b8a3278117251b1dd88d6f76e4077fc42cd0da9f366d207999ff7,f5e0f86ba95efc461af6614b34bdc471836a789b30665f002a6e002740c79961,"{""akita_black_bowl"":0,""alphabet_soup"":2,""cream_cheese"":3,""white_yellow_mug"":1}","[[""on"",""akita_black_bowl_1"",""main_table_source_slot_0_region""],[""on"",""white_yellow_mug_1"",""main_table_source_slot_1_region""],[""in"",""alphabet_soup_1"",""basket_1_contain_region""],[""on"",""cream_cheese_1"",""main_table_source_slot_3_region""],[""on"",""basket_1"",""main_table_target_left_region""]]",deterministic_bddl_init_substitution_using_libero_conditional_and_table_region_samplers,1,"{""camera_id"":2,""camera_name"":""agentview"",""camera_protocol_version"":""libero_36_agentview_v1"",""fovy_deg"":75.0,""height"":128,""position_m"":[0.6586131746834771,0.0,1.6103500240372424],""pre_apply_fovy_deg"":45.0,""quaternion_wxyz"":[0.6380177212293417,0.30484971880648903,0.30484983801576876,0.6380177212293417],""width"":128}",True,True,True,False,False,False,not_applicable,True,10,"[true,true,true,true,true,true,true,true,true,true]","[false,false,false,false,false,false,false,false,false,false]","[false,false,false,false,false,false,false,false,false,false]","[true,true,true,true,true,true,true,true,true,true,true,true,true,true,true,true,true,true,true,true]","[false,false,false,false,false,false,false,false,false,false,false,false,false,false,false,false,false,false,false,false]","[false,false,false,false,false,false,false,false,false,false,false,false,false,false,false,false,false,false,false,false]","[true,true,true,true,true,true,true,true,true,true,true,true,true,true,true,true,true,true,true,true]","[true,true,true,true,true,true,true,true,true,true,true,true,true,true,true,true,true,true,true,true]","[[],[],[],[],[],[],[],[],[],[],[],[],[],[],[],[],[],[],[],[]]",True,True,True,True,True,True,True,True,1.9917229184167558e-13,1.7075472925031877e-06,True,"{""akita_black_bowl_1"":{""position"":[0.23582317631388022,-0.3529551707105692,0.8984070750975269],""quaternion_xyzw"":[-1.3874755277173753e-05,1.6673002283285898e-06,0.7071067792293568,0.7071067830056483]},""alphabet_soup_1"":{""position"":[-0.08037837812079636,-0.24525253499359037,0.9553929447037777],""quaternion_xyzw"":[0.0023487305612170783,0.707452116409023,0.7067534732766722,-0.0023482896979113215]},""basket_1"":{""position"":[-0.08158193214037734,-0.245587979850492,0.8954148920386521],""quaternion_xyzw"":[-0.0016931779471680466,0.0016934219371111331,0.7071047575707246,0.7071047498719191]},""cream_cheese_1"":{""position"":[0.2333618704486566,0.36232845789195994,0.9089214774185893],""quaternion_xyzw"":[0.0,0.0,1.0,0.0]},""white_yellow_mug_1"":{""position"":[0.24330992158380002,-0.11463260484725045,0.9000940748294017],""quaternion_xyzw"":[-7.477883618718979e-06,-1.0947824938061951e-05,0.7071071218390034,-0.7071064404096367]}}","{""akita_black_bowl_1"":{""position"":[0.2358231763138803,-0.3529551707105692,0.8984070750980836],""quaternion_xyzw"":[-1.3874755319819061e-05,1.6673002342321858e-06,0.7071067792293568,0.7071067830056483]},""alphabet_soup_1"":{""position"":[-0.08037837813061315,-0.24525253491310753,0.9553929447105893],""quaternion_xyzw"":[0.0023487304969015813,0.7074521171141719,0.7067534725713459,-0.0023482896058187592]},""basket_1"":{""position"":[-0.08158193213986271,-0.24558797985291675,0.8954148920420119],""quaternion_xyzw"":[-0.0016931781744965733,0.0016934220850869468,0.7071047575701803,0.7071047498715646]},""cream_cheese_1"":{""position"":[0.2333618704486566,0.36232845789195994,0.9089214774186077],""quaternion_xyzw"":[0.0,0.0,1.0,0.0]},""white_yellow_mug_1"":{""position"":[0.24330992158380002,-0.11463260484725045,0.9000940748299845],""quaternion_xyzw"":[-7.477883678152953e-06,-1.094782502026784e-05,0.7071071218390034,-0.7071064404096367]}}",{},True,1,0.0,0.0,0.0,True,True,[],True,
libero_36_proxy_tabletop_draft_v4,libero_registered_object_36_proxy_tabletop,libero_36_oracle_goal_v1,gate4_terminal_goal_semantics,full,24,0,alphabet_soup*push_to*left,alphabet_soup,push_to,left,positive,0,460240,alphabet_soup_1,,middle,/root/smolvla-libero-compositional-generalization/data/libero_36/bddl/task_024_layout_0_alphabet_soup_push_to_left.bddl,4f91c93dd9cf40cd82aa972d8495f3805e59d67d026005ebe40cb79195442360,8df625046ed490d8f9bbd7d610c374ed652f9193d4c7458b5449951337040369,"{""akita_black_bowl"":0,""alphabet_soup"":2,""cream_cheese"":3,""white_yellow_mug"":1}","[[""on"",""akita_black_bowl_1"",""main_table_source_slot_0_region""],[""on"",""white_yellow_mug_1"",""main_table_source_slot_1_region""],[""on"",""alphabet_soup_1"",""main_table_target_left_region""],[""on"",""cream_cheese_1"",""main_table_source_slot_3_region""]]",deterministic_bddl_init_substitution_using_libero_conditional_and_table_region_samplers,1,"{""camera_id"":2,""camera_name"":""agentview"",""camera_protocol_version"":""libero_36_agentview_v1"",""fovy_deg"":75.0,""height"":128,""position_m"":[0.6586131746834771,0.0,1.6103500240372424],""pre_apply_fovy_deg"":45.0,""quaternion_wxyz"":[0.6380177212293417,0.30484971880648903,0.30484983801576876,0.6380177212293417],""width"":128}",True,True,True,True,True,False,not_evaluated_gate5_required,True,9,"[true,true,true,true,true,true,true,true,true]","[true,true,true,true,true,true,true,true,true]","[true,true,true,true,true,true,true,true,true]","[true,true,true,true,true,true,true,true,true,true,true,true,true,true,true,true,true,true,true,true]","[true,true,true,true,true,true,true,true,true,true,true,true,true,true,true,true,true,true,true,true]","[true,true,true,true,true,true,true,true,true,true,true,true,true,true,true,true,true,true,true,true]","[true,true,true,true,true,true,true,true,true,true,true,true,true,true,true,true,true,true,true,true]","[true,true,true,true,true,true,true,true,true,true,true,true,true,true,true,true,true,true,true,true]","[[],[],[],[],[],[],[],[],[],[],[],[],[],[],[],[],[],[],[],[]]",True,True,True,True,True,True,True,True,0.0,1.7075472925031877e-06,True,"{""akita_black_bowl_1"":{""position"":[0.2328246566563898,-0.3501812795932002,0.8984070750855586],""quaternion_xyzw"":[-1.3874754374369878e-05,1.6673001080861323e-06,0.7071067792293568,0.7071067830056483]},""alphabet_soup_1"":{""position"":[-0.1014349602219937,-0.1875990626941562,0.9383929103723911],""quaternion_xyzw"":[0.0022510880915341514,0.7077061030915653,0.7064997314594988,-0.002265766318742544]},""cream_cheese_1"":{""position"":[0.23054569885267892,0.3591614254210071,0.9089214774181752],""quaternion_xyzw"":[-2.08988230191831e-17,9.30738756400723e-18,1.0,1.9394688762406393e-25]},""white_yellow_mug_1"":{""position"":[0.23193640424063217,-0.11668121569795335,0.9000940748168837],""quaternion_xyzw"":[-7.4778824641461885e-06,-1.0947823346005381e-05,0.7071071218390036,-0.7071064404096369]}}","{""akita_black_bowl_1"":{""position"":[0.23282465665639332,-0.3501812795932049,0.8984070750980836],""quaternion_xyzw"":[-1.3874755319817897e-05,1.6673002342345617e-06,0.7071067792293568,0.7071067830056483]},""alphabet_soup_1"":{""position"":[-0.10143496022199801,-0.18759906269415874,0.9383929103724437],""quaternion_xyzw"":[0.0022510880914928407,0.7077061030915407,0.7064997314595236,-0.0022657663187014153]},""cream_cheese_1"":{""position"":[0.23054569885267892,0.3591614254210071,0.9089214774186077],""quaternion_xyzw"":[-1.4423120007682126e-17,1.3251340669245598e-17,1.0,4.468332426376891e-19]},""white_yellow_mug_1"":{""position"":[0.23193640424063203,-0.11668121569795245,0.9000940748299845],""quaternion_xyzw"":[-7.477883678149549e-06,-1.0947825020269023e-05,0.7071071218390034,-0.7071064404096367]}}",{},True,1,0.0,0.0,0.0,True,True,[],True,
libero_36_proxy_tabletop_draft_v4,libero_registered_object_36_proxy_tabletop,libero_36_oracle_goal_v1,gate4_terminal_goal_semantics,full,24,0,alphabet_soup*push_to*left,alphabet_soup,push_to,left,relation_negative,1,460241,alphabet_soup_1,,middle,/root/smolvla-libero-compositional-generalization/data/libero_36/bddl/task_024_layout_0_alphabet_soup_push_to_left.bddl,4f91c93dd9cf40cd82aa972d8495f3805e59d67d026005ebe40cb79195442360,b29d2d87ee14e93d6f013acf5b9ab87173b4e3f06c75a26c9f48a6c909d6ee26,"{""akita_black_bowl"":0,""alphabet_soup"":2,""cream_cheese"":3,""white_yellow_mug"":1}","[[""on"",""akita_black_bowl_1"",""main_table_source_slot_0_region""],[""on"",""white_yellow_mug_1"",""main_table_source_slot_1_region""],[""on"",""alphabet_soup_1"",""main_table_target_middle_region""],[""on"",""cream_cheese_1"",""main_table_source_slot_3_region""]]",deterministic_bddl_init_substitution_using_libero_conditional_and_table_region_samplers,1,"{""camera_id"":2,""camera_name"":""agentview"",""camera_protocol_version"":""libero_36_agentview_v1"",""fovy_deg"":75.0,""height"":128,""position_m"":[0.6586131746834771,0.0,1.6103500240372424],""pre_apply_fovy_deg"":45.0,""quaternion_wxyz"":[0.6380177212293417,0.30484971880648903,0.30484983801576876,0.6380177212293417],""width"":128}",True,True,False,True,False,False,not_evaluated_gate5_required,True,9,"[false,false,false,false,false,false,false,false,false]","[true,true,true,true,true,true,true,true,true]","[false,false,false,false,false,false,false,false,false]","[false,false,false,false,false,false,false,false,false,false,false,false,false,false,false,false,false,false,false,false]","[true,true,true,true,true,true,true,true,true,true,true,true,true,true,true,true,true,true,true,true]","[false,false,false,false,false,false,false,false,false,false,false,false,false,false,false,false,false,false,false,false]","[true,true,true,true,true,true,true,true,true,true,true,true,true,true,true,true,true,true,true,true]","[true,true,true,true,true,true,true,true,true,true,true,true,true,true,true,true,true,true,true,true]","[[],[],[],[],[],[],[],[],[],[],[],[],[],[],[],[],[],[],[],[]]",True,True,True,True,True,True,True,True,7.979727989493313e-17,1.7075472925031877e-06,True,"{""akita_black_bowl_1"":{""position"":[0.23266657351034942,-0.354291800559504,0.8984070750855586],""quaternion_xyzw"":[-1.3874754374367313e-05,1.6673001080842722e-06,0.7071067792293568,0.7071067830056483]},""alphabet_soup_1"":{""position"":[-0.15616791934095356,0.0301994526643445,0.9383929103723911],""quaternion_xyzw"":[0.002251088091534175,0.7077061030915653,0.7064997314594988,-0.0022657663187425677]},""cream_cheese_1"":{""position"":[0.2328027255464141,0.3582445775316075,0.9089214774181752],""quaternion_xyzw"":[0.0,0.0,1.0,0.0]},""white_yellow_mug_1"":{""position"":[0.2333994764294775,-0.11137463288051165,0.9000940748168837],""quaternion_xyzw"":[-7.477882464160264e-06,-1.0947823346006813e-05,0.7071071218390036,-0.7071064404096369]}}","{""akita_black_bowl_1"":{""position"":[0.23266657351035294,-0.35429180055950865,0.8984070750980836],""quaternion_xyzw"":[-1.387475531983156e-05,1.6673002342465822e-06,0.7071067792293568,0.7071067830056483]},""alphabet_soup_1"":{""position"":[-0.1561679193409579,0.030199452664340442,0.9383929103724437],""quaternion_xyzw"":[0.0022510880914928372,0.7077061030915408,0.7064997314595237,-0.0022657663187014418]},""cream_cheese_1"":{""position"":[0.2328027255464141,0.3582445775316075,0.9089214774186077],""quaternion_xyzw"":[0.0,0.0,1.0,0.0]},""white_yellow_mug_1"":{""position"":[0.23339947642947736,-0.11137463288051075,0.9000940748299845],""quaternion_xyzw"":[-7.477883678164003e-06,-1.0947825020273307e-05,0.7071071218390034,-0.7071064404096367]}}",{},True,1,0.0,0.0,0.0,True,True,[],True,
libero_36_proxy_tabletop_draft_v4,libero_registered_object_36_proxy_tabletop,libero_36_oracle_goal_v1,gate4_terminal_goal_semantics,full,25,0,alphabet_soup*push_to*middle,alphabet_soup,push_to,middle,positive,0,460250,alphabet_soup_1,,right,/root/smolvla-libero-compositional-generalization/data/libero_36/bddl/task_025_layout_0_alphabet_soup_push_to_middle.bddl,94061bdda9e03d8af9e950cad4fa4fe6b7e0967cc7095fe4d5959b06f52e3fe7,2f7919261dc67c44832751c423f18757a81d1d89ca2f82bd1f4b9b8e3535bd40,"{""akita_black_bowl"":0,""alphabet_soup"":2,""cream_cheese"":3,""white_yellow_mug"":1}","[[""on"",""akita_black_bowl_1"",""main_table_source_slot_0_region""],[""on"",""white_yellow_mug_1"",""main_table_source_slot_1_region""],[""on"",""alphabet_soup_1"",""main_table_target_middle_region""],[""on"",""cream_cheese_1"",""main_table_source_slot_3_region""]]",deterministic_bddl_init_substitution_using_libero_conditional_and_table_region_samplers,1,"{""camera_id"":2,""camera_name"":""agentview"",""camera_protocol_version"":""libero_36_agentview_v1"",""fovy_deg"":75.0,""height"":128,""position_m"":[0.6586131746834771,0.0,1.6103500240372424],""pre_apply_fovy_deg"":45.0,""quaternion_wxyz"":[0.6380177212293417,0.30484971880648903,0.30484983801576876,0.6380177212293417],""width"":128}",True,True,True,True,True,False,not_evaluated_gate5_required,True,9,"[true,true,true,true,true,true,true,true,true]","[true,true,true,true,true,true,true,true,true]","[true,true,true,true,true,true,true,true,true]","[true,true,true,true,true,true,true,true,true,true,true,true,true,true,true,true,true,true,true,true]","[true,true,true,true,true,true,true,true,true,true,true,true,true,true,true,true,true,true,true,true]","[true,true,true,true,true,true,true,true,true,true,true,true,true,true,true,true,true,true,true,true]","[true,true,true,true,true,true,true,true,true,true,true,true,true,true,true,true,true,true,true,true]","[true,true,true,true,true,true,true,true,true,true,true,true,true,true,true,true,true,true,true,true]","[[],[],[],[],[],[],[],[],[],[],[],[],[],[],[],[],[],[],[],[]]",True,True,True,True,True,True,True,True,1.1882855810441129e-16,1.7075472925031877e-06,True,"{""akita_black_bowl_1"":{""position"":[0.23336483324370977,-0.3617761420995834,0.8984070750855586],""quaternion_xyzw"":[-1.3874754374377111e-05,1.6673001080756653e-06,0.7071067792293568,0.7071067830056482]},""alphabet_soup_1"":{""position"":[-0.10124468611705595,-0.006334589856067887,0.938392910372391],""quaternion_xyzw"":[0.0022510880915341484,0.7077061030915652,0.7064997314594987,-0.002265766318742555]},""cream_cheese_1"":{""position"":[0.2346317139395737,0.36488100618777264,0.9089214774181752],""quaternion_xyzw"":[-2.000037648157298e-17,4.494106393056932e-18,1.0,1.9380398124573287e-25]},""white_yellow_mug_1"":{""position"":[0.23592760612603983,-0.12644502894347054,0.9000940748168837],""quaternion_xyzw"":[-7.4778824641617375e-06,-1.0947823346007033e-05,0.7071071218390036,-0.7071064404096369]}}","{""akita_black_bowl_1"":{""position"":[0.2333648332437133,-0.3617761420995881,0.8984070750980836],""quaternion_xyzw"":[-1.3874755319829255e-05,1.6673002342717836e-06,0.7071067792293568,0.7071067830056482]},""alphabet_soup_1"":{""position"":[-0.10124468611706028,-0.006334589856072497,0.9383929103724435],""quaternion_xyzw"":[0.002251088091492788,0.7077061030915409,0.7064997314595235,-0.002265766318701549]},""cream_cheese_1"":{""position"":[0.2346317139395737,0.36488100618777264,0.9089214774186077],""quaternion_xyzw"":[-1.474954104749158e-17,4.4994499995868614e-18,1.0,5.225368320685793e-18]},""white_yellow_mug_1"":{""position"":[0.2359276061260397,-0.1264450289434697,0.9000940748299845],""quaternion_xyzw"":[-7.477883678158403e-06,-1.0947825020270268e-05,0.7071071218390034,-0.7071064404096367]}}",{},True,1,0.0,0.0,0.0,True,True,[],True,
libero_36_proxy_tabletop_draft_v4,libero_registered_object_36_proxy_tabletop,libero_36_oracle_goal_v1,gate4_terminal_goal_semantics,full,25,0,alphabet_soup*push_to*middle,alphabet_soup,push_to,middle,relation_negative,1,460251,alphabet_soup_1,,right,/root/smolvla-libero-compositional-generalization/data/libero_36/bddl/task_025_layout_0_alphabet_soup_push_to_middle.bddl,94061bdda9e03d8af9e950cad4fa4fe6b7e0967cc7095fe4d5959b06f52e3fe7,a0626d0c30d41979b95d1c7a37bfa0a348bf04183c7c18ad3cdc7e557a0d79e9,"{""akita_black_bowl"":0,""alphabet_soup"":2,""cream_cheese"":3,""white_yellow_mug"":1}","[[""on"",""akita_black_bowl_1"",""main_table_source_slot_0_region""],[""on"",""white_yellow_mug_1"",""main_table_source_slot_1_region""],[""on"",""alphabet_soup_1"",""main_table_target_right_region""],[""on"",""cream_cheese_1"",""main_table_source_slot_3_region""]]",deterministic_bddl_init_substitution_using_libero_conditional_and_table_region_samplers,1,"{""camera_id"":2,""camera_name"":""agentview"",""camera_protocol_version"":""libero_36_agentview_v1"",""fovy_deg"":75.0,""height"":128,""position_m"":[0.6586131746834771,0.0,1.6103500240372424],""pre_apply_fovy_deg"":45.0,""quaternion_wxyz"":[0.6380177212293417,0.30484971880648903,0.30484983801576876,0.6380177212293417],""width"":128}",True,True,False,True,False,False,not_evaluated_gate5_required,True,9,"[false,false,false,false,false,false,false,false,false]","[true,true,true,true,true,true,true,true,true]","[false,false,false,false,false,false,false,false,false]","[false,false,false,false,false,false,false,false,false,false,false,false,false,false,false,false,false,false,false,false]","[true,true,true,true,true,true,true,true,true,true,true,true,true,true,true,true,true,true,true,true]","[false,false,false,false,false,false,false,false,false,false,false,false,false,false,false,false,false,false,false,false]","[true,true,true,true,true,true,true,true,true,true,true,true,true,true,true,true,true,true,true,true]","[true,true,true,true,true,true,true,true,true,true,true,true,true,true,true,true,true,true,true,true]","[[],[],[],[],[],[],[],[],[],[],[],[],[],[],[],[],[],[],[],[]]",True,True,True,True,True,True,True,True,0.0,1.7075472925031877e-06,True,"{""akita_black_bowl_1"":{""position"":[0.24460977850107457,-0.3548004990096381,0.8984070750855586],""quaternion_xyzw"":[-1.3874754374372546e-05,1.6673001080763372e-06,0.7071067792293568,0.7071067830056482]},""alphabet_soup_1"":{""position"":[-0.16385926692550015,0.19744014226049378,0.9383929103723911],""quaternion_xyzw"":[0.0022510880915341475,0.7077061030915652,0.7064997314594988,-0.0022657663187425907]},""cream_cheese_1"":{""position"":[0.2306343687731724,0.3566187539308098,0.9089214774181752],""quaternion_xyzw"":[-2.709194391839814e-17,1.115879286160891e-17,1.0,3.5809316484590554e-25]},""white_yellow_mug_1"":{""position"":[0.22715456536445824,-0.12642588592057905,0.9000940748168837],""quaternion_xyzw"":[-7.477882464146038e-06,-1.0947823345999296e-05,0.7071071218390036,-0.7071064404096369]}}","{""akita_black_bowl_1"":{""position"":[0.2446097785010781,-0.3548004990096428,0.8984070750980836],""quaternion_xyzw"":[-1.3874755319827142e-05,1.6673002342719375e-06,0.7071067792293568,0.7071067830056482]},""alphabet_soup_1"":{""position"":[-0.16385926692550445,0.1974401422604912,0.9383929103724437],""quaternion_xyzw"":[0.0022510880914927457,0.7077061030915407,0.7064997314595237,-0.002265766318701508]},""cream_cheese_1"":{""position"":[0.2306343687731724,0.3566187539308098,0.9089214774186077],""quaternion_xyzw"":[-4.210339650397592e-17,6.663891979068719e-18,1.0,-4.272428494345025e-18]},""white_yellow_mug_1"":{""position"":[0.2271545653644581,-0.1264258859205782,0.9000940748299845],""quaternion_xyzw"":[-7.477883678151057e-06,-1.094782502026394e-05,0.7071071218390034,-0.7071064404096367]}}",{},True,1,0.0,0.0,0.0,True,True,[],True,
libero_36_proxy_tabletop_draft_v4,libero_registered_object_36_proxy_tabletop,libero_36_oracle_goal_v1,gate4_terminal_goal_semantics,full,26,0,alphabet_soup*push_to*right,alphabet_soup,push_to,right,positive,0,460260,alphabet_soup_1,,left,/root/smolvla-libero-compositional-generalization/data/libero_36/bddl/task_026_layout_0_alphabet_soup_push_to_right.bddl,d2558fdde98f65192736392365c7b539f518a041e1579feb18cbe4fbc645a5fc,9196388c5bbc35c308a43715ea80cba2b628b5c77cb21803460fc05b5c4b826b,"{""akita_black_bowl"":0,""alphabet_soup"":2,""cream_cheese"":3,""white_yellow_mug"":1}","[[""on"",""akita_black_bowl_1"",""main_table_source_slot_0_region""],[""on"",""white_yellow_mug_1"",""main_table_source_slot_1_region""],[""on"",""alphabet_soup_1"",""main_table_target_right_region""],[""on"",""cream_cheese_1"",""main_table_source_slot_3_region""]]",deterministic_bddl_init_substitution_using_libero_conditional_and_table_region_samplers,1,"{""camera_id"":2,""camera_name"":""agentview"",""camera_protocol_version"":""libero_36_agentview_v1"",""fovy_deg"":75.0,""height"":128,""position_m"":[0.6586131746834771,0.0,1.6103500240372424],""pre_apply_fovy_deg"":45.0,""quaternion_wxyz"":[0.6380177212293417,0.30484971880648903,0.30484983801576876,0.6380177212293417],""width"":128}",True,True,True,True,True,False,not_evaluated_gate5_required,True,9,"[true,true,true,true,true,true,true,true,true]","[true,true,true,true,true,true,true,true,true]","[true,true,true,true,true,true,true,true,true]","[true,true,true,true,true,true,true,true,true,true,true,true,true,true,true,true,true,true,true,true]","[true,true,true,true,true,true,true,true,true,true,true,true,true,true,true,true,true,true,true,true]","[true,true,true,true,true,true,true,true,true,true,true,true,true,true,true,true,true,true,true,true]","[true,true,true,true,true,true,true,true,true,true,true,true,true,true,true,true,true,true,true,true]","[true,true,true,true,true,true,true,true,true,true,true,true,true,true,true,true,true,true,true,true]","[[],[],[],[],[],[],[],[],[],[],[],[],[],[],[],[],[],[],[],[]]",True,True,True,True,True,True,True,True,0.0,1.7075472925031877e-06,True,"{""akita_black_bowl_1"":{""position"":[0.23106583664237107,-0.3612706056426654,0.8984070750855586],""quaternion_xyzw"":[-1.3874754374366883e-05,1.6673001080842604e-06,0.7071067792293568,0.7071067830056483]},""alphabet_soup_1"":{""position"":[-0.12519574059737376,0.21935447230184865,0.9383929103723911],""quaternion_xyzw"":[0.00225108809153419,0.7077061030915651,0.7064997314594988,-0.002265766318742619]},""cream_cheese_1"":{""position"":[0.23932458482499788,0.36437451923201436,0.9089214774181752],""quaternion_xyzw"":[0.0,0.0,1.0,0.0]},""white_yellow_mug_1"":{""position"":[0.23021094883521157,-0.12257626918629973,0.9000940748168837],""quaternion_xyzw"":[-7.477882464141864e-06,-1.0947823346001678e-05,0.7071071218390036,-0.7071064404096369]}}","{""akita_black_bowl_1"":{""position"":[0.2310658366423746,-0.36127060564267005,0.8984070750980836],""quaternion_xyzw"":[-1.387475531982017e-05,1.667300234232993e-06,0.7071067792293568,0.7071067830056483]},""alphabet_soup_1"":{""position"":[-0.12519574059737812,0.2193544723018461,0.9383929103724437],""quaternion_xyzw"":[0.002251088091492847,0.7077061030915408,0.7064997314595234,-0.0022657663187014864]},""cream_cheese_1"":{""position"":[0.23932458482499788,0.36437451923201436,0.9089214774186077],""quaternion_xyzw"":[0.0,0.0,1.0,0.0]},""white_yellow_mug_1"":{""position"":[0.23021094883521143,-0.12257626918629883,0.9000940748299845],""quaternion_xyzw"":[-7.477883678149969e-06,-1.0947825020269445e-05,0.7071071218390034,-0.7071064404096367]}}",{},True,1,0.0,0.0,0.0,True,True,[],True,
libero_36_proxy_tabletop_draft_v4,libero_registered_object_36_proxy_tabletop,libero_36_oracle_goal_v1,gate4_terminal_goal_semantics,full,26,0,alphabet_soup*push_to*right,alphabet_soup,push_to,right,relation_negative,1,460261,alphabet_soup_1,,left,/root/smolvla-libero-compositional-generalization/data/libero_36/bddl/task_026_layout_0_alphabet_soup_push_to_right.bddl,d2558fdde98f65192736392365c7b539f518a041e1579feb18cbe4fbc645a5fc,4e8b88e9972ba4be528a1bf661f8947a6c8390f1ec58b784bb63e2ba07cb0529,"{""akita_black_bowl"":0,""alphabet_soup"":2,""cream_cheese"":3,""white_yellow_mug"":1}","[[""on"",""akita_black_bowl_1"",""main_table_source_slot_0_region""],[""on"",""white_yellow_mug_1"",""main_table_source_slot_1_region""],[""on"",""alphabet_soup_1"",""main_table_target_left_region""],[""on"",""cream_cheese_1"",""main_table_source_slot_3_region""]]",deterministic_bddl_init_substitution_using_libero_conditional_and_table_region_samplers,1,"{""camera_id"":2,""camera_name"":""agentview"",""camera_protocol_version"":""libero_36_agentview_v1"",""fovy_deg"":75.0,""height"":128,""position_m"":[0.6586131746834771,0.0,1.6103500240372424],""pre_apply_fovy_deg"":45.0,""quaternion_wxyz"":[0.6380177212293417,0.30484971880648903,0.30484983801576876,0.6380177212293417],""width"":128}",True,True,False,True,False,False,not_evaluated_gate5_required,True,9,"[false,false,false,false,false,false,false,false,false]","[true,true,true,true,true,true,true,true,true]","[false,false,false,false,false,false,false,false,false]","[false,false,false,false,false,false,false,false,false,false,false,false,false,false,false,false,false,false,false,false]","[true,true,true,true,true,true,true,true,true,true,true,true,true,true,true,true,true,true,true,true]","[false,false,false,false,false,false,false,false,false,false,false,false,false,false,false,false,false,false,false,false]","[true,true,true,true,true,true,true,true,true,true,true,true,true,true,true,true,true,true,true,true]","[true,true,true,true,true,true,true,true,true,true,true,true,true,true,true,true,true,true,true,true]","[[],[],[],[],[],[],[],[],[],[],[],[],[],[],[],[],[],[],[],[]]",True,True,True,True,True,True,True,True,0.0,1.7075472925031877e-06,True,"{""akita_black_bowl_1"":{""position"":[0.23477807882169108,-0.35506249006523244,0.8984070750855586],""quaternion_xyzw"":[-1.3874754374372614e-05,1.6673001080762214e-06,0.7071067792293568,0.7071067830056482]},""alphabet_soup_1"":{""position"":[-0.07016637588833119,-0.24609059106588915,0.938392910372391],""quaternion_xyzw"":[0.002251088091534048,0.7077061030915652,0.7064997314594987,-0.002265766318742702]},""cream_cheese_1"":{""position"":[0.23480411193081904,0.3631950806995341,0.9089214774181752],""quaternion_xyzw"":[0.0,0.0,1.0,0.0]},""white_yellow_mug_1"":{""position"":[0.23469931136366792,-0.12328807240333069,0.9000940748168837],""quaternion_xyzw"":[-7.477882464163501e-06,-1.094782334601268e-05,0.7071071218390036,-0.7071064404096369]}}","{""akita_black_bowl_1"":{""position"":[0.2347780788216946,-0.3550624900652371,0.8984070750980836],""quaternion_xyzw"":[-1.3874755319831323e-05,1.667300234282969e-06,0.7071067792293568,0.7071067830056482]},""alphabet_soup_1"":{""position"":[-0.07016637588833553,-0.2460905910658917,0.9383929103724435],""quaternion_xyzw"":[0.0022510880914926625,0.7077061030915409,0.7064997314595235,-0.002265766318701671]},""cream_cheese_1"":{""position"":[0.23480411193081904,0.3631950806995341,0.9089214774186077],""quaternion_xyzw"":[0.0,0.0,1.0,0.0]},""white_yellow_mug_1"":{""position"":[0.23469931136366778,-0.12328807240332978,0.9000940748299845],""quaternion_xyzw"":[-7.477883678152291e-06,-1.0947825020268748e-05,0.7071071218390034,-0.7071064404096367]}}",{},True,1,0.0,0.0,0.0,True,True,[],True,
libero_36_proxy_tabletop_draft_v4,libero_registered_object_36_proxy_tabletop,libero_36_oracle_goal_v1,gate4_terminal_goal_semantics,full,27,0,cream_cheese*put_on_top*left,cream_cheese,put_on_top,left,positive,0,460270,cream_cheese_1,plate_1,middle,/root/smolvla-libero-compositional-generalization/data/libero_36/bddl/task_027_layout_0_cream_cheese_put_on_top_left.bddl,dc0acdceb536948eca8d41bbaa9bbda07ac9f72475e33042057fb9dc8b6bbbb4,82e682d9e08c0e27fc5169cc5764a0a5cd09a3501db829f152fc2f53baed1061,"{""akita_black_bowl"":0,""alphabet_soup"":2,""cream_cheese"":3,""white_yellow_mug"":1}","[[""on"",""akita_black_bowl_1"",""main_table_source_slot_0_region""],[""on"",""white_yellow_mug_1"",""main_table_source_slot_1_region""],[""on"",""alphabet_soup_1"",""main_table_source_slot_2_region""],[""on"",""cream_cheese_1"",""plate_1""],[""on"",""plate_1"",""main_table_target_left_region""]]",deterministic_bddl_init_substitution_using_libero_conditional_and_table_region_samplers,1,"{""camera_id"":2,""camera_name"":""agentview"",""camera_protocol_version"":""libero_36_agentview_v1"",""fovy_deg"":75.0,""height"":128,""position_m"":[0.6586131746834771,0.0,1.6103500240372424],""pre_apply_fovy_deg"":45.0,""quaternion_wxyz"":[0.6380177212293417,0.30484971880648903,0.30484983801576876,0.6380177212293417],""width"":128}",True,True,True,True,True,False,not_applicable,True,10,"[false,false,false,false,true,true,true,true,true,true]","[true,true,true,true,true,true,true,true,true,true]","[false,false,false,false,true,true,true,true,true,true]","[true,true,true,true,true,true,true,true,true,true,true,true,true,true,true,true,true,true,true,true]","[true,true,true,true,true,true,true,true,true,true,true,true,true,true,true,true,true,true,true,true]","[true,true,true,true,true,true,true,true,true,true,true,true,true,true,true,true,true,true,true,true]","[true,true,true,true,true,true,true,true,true,true,true,true,true,true,true,true,true,true,true,true]","[true,true,true,true,true,true,true,true,true,true,true,true,true,true,true,true,true,true,true,true]","[[],[],[],[],[],[],[],[],[],[],[],[],[],[],[],[],[],[],[],[]]",True,True,True,True,True,True,True,True,4.439109063279765e-05,0.05631187978724473,True,"{""akita_black_bowl_1"":{""position"":[0.2340304348524468,-0.3616242091035783,0.8984070750975269],""quaternion_xyzw"":[-1.3874755277208688e-05,1.6673002283129544e-06,0.7071067792293568,0.7071067830056483]},""alphabet_soup_1"":{""position"":[0.2369960703136989,0.12170455086536687,0.9383929103724418],""quaternion_xyzw"":[0.0022510880914945303,0.7077061030915418,0.7064997314595227,-0.0022657663187032125]},""cream_cheese_1"":{""position"":[-0.12520320394435772,-0.19503417126848416,0.9196224013649156],""quaternion_xyzw"":[-0.006403315060382384,-0.00038689990062673986,0.999955875781492,0.006862532679248037]},""plate_1"":{""position"":[-0.127494305284394,-0.19528296739646042,0.9025027276124106],""quaternion_xyzw"":[-8.89486614631115e-06,1.8463524362896016e-05,0.7071058882083157,0.7071076738666529]},""white_yellow_mug_1"":{""position"":[0.23168990077920054,-0.12081356938725894,0.9000940748294017],""quaternion_xyzw"":[-7.477883618734728e-06,-1.0947824938111462e-05,0.7071071218390034,-0.7071064404096367]}}","{""akita_black_bowl_1"":{""position"":[0.23403043485244687,-0.3616242091035783,0.8984070750980836],""quaternion_xyzw"":[-1.3874755319757743e-05,1.6673002343034929e-06,0.7071067792293568,0.7071067830056483]},""alphabet_soup_1"":{""position"":[0.2369960703136988,0.12170455086536676,0.9383929103724437],""quaternion_xyzw"":[0.0022510880914927106,0.7077061030915407,0.7064997314595238,-0.0022657663187015263]},""cream_cheese_1"":{""position"":[-0.12459866191460622,-0.19508857143088504,0.919555098434251],""quaternion_xyzw"":[-0.00836453684015384,3.341070498735249e-05,0.9998769457132786,0.013271278697242548]},""plate_1"":{""position"":[-0.1274943001640658,-0.19528296626046757,0.9025027042970247],""quaternion_xyzw"":[-7.84172102156687e-06,1.9194958900997366e-05,0.7071060593775861,0.7071075026907596]},""white_yellow_mug_1"":{""position"":[0.23168990077920054,-0.12081356938725893,0.9000940748299845],""quaternion_xyzw"":[-7.477883678173642e-06,-1.094782502027533e-05,0.7071071218390034,-0.7071064404096367]}}",{},True,1,0.0,0.0,0.0,True,True,[],True,
libero_36_proxy_tabletop_draft_v4,libero_registered_object_36_proxy_tabletop,libero_36_oracle_goal_v1,gate4_terminal_goal_semantics,full,27,0,cream_cheese*put_on_top*left,cream_cheese,put_on_top,left,relation_negative,1,460271,cream_cheese_1,plate_1,middle,/root/smolvla-libero-compositional-generalization/data/libero_36/bddl/task_027_layout_0_cream_cheese_put_on_top_left.bddl,dc0acdceb536948eca8d41bbaa9bbda07ac9f72475e33042057fb9dc8b6bbbb4,95ccc0f5b955f75c27cb8a1f34182a573cc69ad6003966cd1470e17a5164a731,"{""akita_black_bowl"":0,""alphabet_soup"":2,""cream_cheese"":3,""white_yellow_mug"":1}","[[""on"",""akita_black_bowl_1"",""main_table_source_slot_0_region""],[""on"",""white_yellow_mug_1"",""main_table_source_slot_1_region""],[""on"",""alphabet_soup_1"",""main_table_source_slot_2_region""],[""on"",""cream_cheese_1"",""main_table_target_middle_region""],[""on"",""plate_1"",""main_table_target_left_region""]]",deterministic_bddl_init_substitution_using_libero_conditional_and_table_region_samplers,1,"{""camera_id"":2,""camera_name"":""agentview"",""camera_protocol_version"":""libero_36_agentview_v1"",""fovy_deg"":75.0,""height"":128,""position_m"":[0.6586131746834771,0.0,1.6103500240372424],""pre_apply_fovy_deg"":45.0,""quaternion_wxyz"":[0.6380177212293417,0.30484971880648903,0.30484983801576876,0.6380177212293417],""width"":128}",True,True,False,True,False,False,not_applicable,True,9,"[false,false,false,false,false,false,false,false,false]","[true,true,true,true,true,true,true,true,true]","[false,false,false,false,false,false,false,false,false]","[false,false,false,false,false,false,false,false,false,false,false,false,false,false,false,false,false,false,false,false]","[true,true,true,true,true,true,true,true,true,true,true,true,true,true,true,true,true,true,true,true]","[false,false,false,false,false,false,false,false,false,false,false,false,false,false,false,false,false,false,false,false]","[true,true,true,true,true,true,true,true,true,true,true,true,true,true,true,true,true,true,true,true]","[true,true,true,true,true,true,true,true,true,true,true,true,true,true,true,true,true,true,true,true]","[[],[],[],[],[],[],[],[],[],[],[],[],[],[],[],[],[],[],[],[]]",True,True,True,True,True,True,True,True,0.0,1.7075472925031877e-06,True,"{""akita_black_bowl_1"":{""position"":[0.23319847715800274,-0.35345336438404124,0.8984070750855586],""quaternion_xyzw"":[-1.387475437435763e-05,1.667300108091716e-06,0.7071067792293568,0.7071067830056483]},""alphabet_soup_1"":{""position"":[0.24466924468934337,0.1158148348818436,0.938392910372391],""quaternion_xyzw"":[0.00225108809153413,0.7077061030915652,0.7064997314594987,-0.0022657663187425846]},""cream_cheese_1"":{""position"":[-0.0872306575143221,0.032346226794954094,0.9089214774181752],""quaternion_xyzw"":[-8.981469626903963e-19,9.012744458887316e-18,1.0,8.026845319033757e-26]},""plate_1"":{""position"":[-0.07733995769981378,-0.2515346797376536,0.9025063385199519],""quaternion_xyzw"":[-1.3218929662258442e-05,5.905203457646543e-06,0.7071067522302278,0.7071068099946484]},""white_yellow_mug_1"":{""position"":[0.244685386793861,-0.11491102730497349,0.9000940748168837],""quaternion_xyzw"":[-7.477882464162441e-06,-1.0947823346016872e-05,0.7071071218390036,-0.7071064404096369]}}","{""akita_black_bowl_1"":{""position"":[0.23319847715800626,-0.3534533643840459,0.8984070750980836],""quaternion_xyzw"":[-1.3874755319820127e-05,1.6673002342329958e-06,0.7071067792293568,0.7071067830056483]},""alphabet_soup_1"":{""position"":[0.24466924468933907,0.11581483488184101,0.9383929103724435],""quaternion_xyzw"":[0.0022510880914927995,0.7077061030915408,0.7064997314595235,-0.002265766318701532]},""cream_cheese_1"":{""position"":[-0.0872306575143221,0.032346226794954094,0.9089214774186077],""quaternion_xyzw"":[1.5877567092513066e-17,1.1011972520603418e-17,1.0,-5.5008858656707594e-18]},""plate_1"":{""position"":[-0.07733995769981543,-0.25153467973764837,0.902506338529415],""quaternion_xyzw"":[-1.3218930757288233e-05,5.905204028500315e-06,0.7071067522302278,0.7071068099946484]},""white_yellow_mug_1"":{""position"":[0.24468538679386087,-0.11491102730497259,0.9000940748299845],""quaternion_xyzw"":[-7.477883678157782e-06,-1.094782502026782e-05,0.7071071218390034,-0.7071064404096367]}}",{},True,1,0.0,0.0,0.0,True,True,[],True,
libero_36_proxy_tabletop_draft_v4,libero_registered_object_36_proxy_tabletop,libero_36_oracle_goal_v1,gate4_terminal_goal_semantics,full,27,0,cream_cheese*put_on_top*left,cream_cheese,put_on_top,left,receiver_region_negative,2,460272,cream_cheese_1,plate_1,middle,/root/smolvla-libero-compositional-generalization/data/libero_36/bddl/task_027_layout_0_cream_cheese_put_on_top_left.bddl,dc0acdceb536948eca8d41bbaa9bbda07ac9f72475e33042057fb9dc8b6bbbb4,b9cb22f734dd584f562c09f36b670315ef6fda75024896e9672f303ddf50d478,"{""akita_black_bowl"":0,""alphabet_soup"":2,""cream_cheese"":3,""white_yellow_mug"":1}","[[""on"",""akita_black_bowl_1"",""main_table_source_slot_0_region""],[""on"",""white_yellow_mug_1"",""main_table_source_slot_1_region""],[""on"",""alphabet_soup_1"",""main_table_source_slot_2_region""],[""on"",""cream_cheese_1"",""plate_1""],[""on"",""plate_1"",""main_table_target_middle_region""]]",deterministic_bddl_init_substitution_using_libero_conditional_and_table_region_samplers,1,"{""camera_id"":2,""camera_name"":""agentview"",""camera_protocol_version"":""libero_36_agentview_v1"",""fovy_deg"":75.0,""height"":128,""position_m"":[0.6586131746834771,0.0,1.6103500240372424],""pre_apply_fovy_deg"":45.0,""quaternion_wxyz"":[0.6380177212293417,0.30484971880648903,0.30484983801576876,0.6380177212293417],""width"":128}",True,True,True,False,False,False,not_applicable,True,10,"[false,false,false,false,true,true,true,true,true,true]","[false,false,false,false,false,false,false,false,false,false]","[false,false,false,false,false,false,false,false,false,false]","[true,true,true,true,true,true,true,true,true,true,true,true,true,true,true,true,true,true,true,true]","[false,false,false,false,false,false,false,false,false,false,false,false,false,false,false,false,false,false,false,false]","[false,false,false,false,false,false,false,false,false,false,false,false,false,false,false,false,false,false,false,false]","[true,true,true,true,true,true,true,true,true,true,true,true,true,true,true,true,true,true,true,true]","[true,true,true,true,true,true,true,true,true,true,true,true,true,true,true,true,true,true,true,true]","[[],[],[],[],[],[],[],[],[],[],[],[],[],[],[],[],[],[],[],[]]",True,True,True,True,True,True,True,True,4.439109063288416e-05,0.05631187978724473,True,"{""akita_black_bowl_1"":{""position"":[0.23754528854558737,-0.35233716462632336,0.8984070750975269],""quaternion_xyzw"":[-1.3874755277180956e-05,1.667300228335792e-06,0.7071067792293568,0.7071067830056482]},""alphabet_soup_1"":{""position"":[0.23609920707561316,0.12013540998952697,0.9383929103724417],""quaternion_xyzw"":[0.002251088091494658,0.7077061030915417,0.7064997314595226,-0.0022657663187031834]},""cream_cheese_1"":{""position"":[-0.0804839775674781,-0.03913590307344806,0.9196224013649155],""quaternion_xyzw"":[-0.006403315060379984,-0.0003868999006341481,0.9999558757814919,0.006862532679267855]},""plate_1"":{""position"":[-0.08277507890751401,-0.03938469920142524,0.9025027276124107],""quaternion_xyzw"":[-8.894866146324696e-06,1.8463524363010192e-05,0.7071058882083212,0.7071076738666472]},""white_yellow_mug_1"":{""position"":[0.24087980029752193,-0.12059861451391732,0.9000940748294017],""quaternion_xyzw"":[-7.477883618670278e-06,-1.0947824937924549e-05,0.7071071218390034,-0.7071064404096367]}}","{""akita_black_bowl_1"":{""position"":[0.23754528854558746,-0.35233716462632336,0.8984070750980836],""quaternion_xyzw"":[-1.3874755319815865e-05,1.6673002342907067e-06,0.7071067792293568,0.7071067830056482]},""alphabet_soup_1"":{""position"":[0.23609920707561305,0.12013540998952686,0.9383929103724435],""quaternion_xyzw"":[0.0022510880914928502,0.7077061030915407,0.7064997314595236,-0.0022657663187014405]},""cream_cheese_1"":{""position"":[-0.07987943553772543,-0.039190303235847455,0.9195550984342503],""quaternion_xyzw"":[-0.008364536840147901,3.341070494805467e-05,0.999876945713278,0.013271278697291257]},""plate_1"":{""position"":[-0.08277507378718571,-0.03938469806543413,0.9025027042970247],""quaternion_xyzw"":[-7.84172102137226e-06,1.9194958901853174e-05,0.7071060593776001,0.7071075026907455]},""white_yellow_mug_1"":{""position"":[0.24087980029752193,-0.12059861451391728,0.9000940748299845],""quaternion_xyzw"":[-7.477883678127537e-06,-1.094782502029362e-05,0.7071071218390034,-0.7071064404096367]}}",{},True,1,0.0,0.0,0.0,True,True,[],True,
libero_36_proxy_tabletop_draft_v4,libero_registered_object_36_proxy_tabletop,libero_36_oracle_goal_v1,gate4_terminal_goal_semantics,full,28,0,cream_cheese*put_on_top*middle,cream_cheese,put_on_top,middle,positive,0,460280,cream_cheese_1,plate_1,right,/root/smolvla-libero-compositional-generalization/data/libero_36/bddl/task_028_layout_0_cream_cheese_put_on_top_middle.bddl,c678246e26c91b230b696e463b27e5be1e46798c3ca938bf35f625eb245e1ec7,ca2cb00f9eec76e03bf05de09c875b679e78dc5b2378eed14c699b1bdd40d8ab,"{""akita_black_bowl"":0,""alphabet_soup"":2,""cream_cheese"":3,""white_yellow_mug"":1}","[[""on"",""akita_black_bowl_1"",""main_table_source_slot_0_region""],[""on"",""white_yellow_mug_1"",""main_table_source_slot_1_region""],[""on"",""alphabet_soup_1"",""main_table_source_slot_2_region""],[""on"",""cream_cheese_1"",""plate_1""],[""on"",""plate_1"",""main_table_target_middle_region""]]",deterministic_bddl_init_substitution_using_libero_conditional_and_table_region_samplers,1,"{""camera_id"":2,""camera_name"":""agentview"",""camera_protocol_version"":""libero_36_agentview_v1"",""fovy_deg"":75.0,""height"":128,""position_m"":[0.6586131746834771,0.0,1.6103500240372424],""pre_apply_fovy_deg"":45.0,""quaternion_wxyz"":[0.6380177212293417,0.30484971880648903,0.30484983801576876,0.6380177212293417],""width"":128}",True,True,True,True,True,False,not_applicable,True,10,"[false,false,false,false,true,true,true,true,true,true]","[true,true,true,true,true,true,true,true,true,true]","[false,false,false,false,true,true,true,true,true,true]","[true,true,true,true,true,true,true,true,true,true,true,true,true,true,true,true,true,true,true,true]","[true,true,true,true,true,true,true,true,true,true,true,true,true,true,true,true,true,true,true,true]","[true,true,true,true,true,true,true,true,true,true,true,true,true,true,true,true,true,true,true,true]","[true,true,true,true,true,true,true,true,true,true,true,true,true,true,true,true,true,true,true,true]","[true,true,true,true,true,true,true,true,true,true,true,true,true,true,true,true,true,true,true,true]","[[],[],[],[],[],[],[],[],[],[],[],[],[],[],[],[],[],[],[],[]]",True,True,True,True,True,True,True,True,4.439109063298293e-05,0.05631187976135571,True,"{""akita_black_bowl_1"":{""position"":[0.2346562655914109,-0.3564611382648302,0.8984070750975269],""quaternion_xyzw"":[-1.3874755277147164e-05,1.6673002283113535e-06,0.7071067792293568,0.7071067830056483]},""alphabet_soup_1"":{""position"":[0.23421787844391767,0.1206650841010815,0.9383929103724417],""quaternion_xyzw"":[0.0022510880914946656,0.7077061030915417,0.7064997314595227,-0.0022657663187030893]},""cream_cheese_1"":{""position"":[-0.12379369786835065,0.005814216452094257,0.9196224013649157],""quaternion_xyzw"":[-0.006403315060380337,-0.0003868999006243114,0.999955875781492,0.006862532679240146]},""plate_1"":{""position"":[-0.12608479920838683,0.005565420324119378,0.9025027276124106],""quaternion_xyzw"":[-8.894866146461723e-06,1.846352436180431e-05,0.7071058882083133,0.7071076738666552]},""white_yellow_mug_1"":{""position"":[0.22854798528811673,-0.12004813259913011,0.9000940748294017],""quaternion_xyzw"":[-7.477883618766875e-06,-1.094782493801336e-05,0.7071071218390034,-0.7071064404096367]}}","{""akita_black_bowl_1"":{""position"":[0.23465626559141098,-0.3564611382648302,0.8984070750980836],""quaternion_xyzw"":[-1.387475531979687e-05,1.66730023425059e-06,0.7071067792293568,0.7071067830056483]},""alphabet_soup_1"":{""position"":[0.23421787844391756,0.12066508410108139,0.9383929103724435],""quaternion_xyzw"":[0.0022510880914928194,0.7077061030915408,0.7064997314595236,-0.0022657663187014817]},""cream_cheese_1"":{""position"":[-0.12318915583859842,0.005759816289694607,0.9195550984342507],""quaternion_xyzw"":[-0.008364536840152908,3.3410704977429874e-05,0.9998769457132785,0.01327127869726294]},""plate_1"":{""position"":[-0.12608479408805864,0.005565421460111132,0.9025027042970246],""quaternion_xyzw"":[-7.841721021638938e-06,1.9194958900732515e-05,0.7071060593775936,0.7071075026907522]},""white_yellow_mug_1"":{""position"":[0.22854798528811673,-0.12004813259913008,0.9000940748299845],""quaternion_xyzw"":[-7.477883678090828e-06,-1.0947825020264832e-05,0.7071071218390034,-0.7071064404096367]}}",{},True,1,0.0,0.0,0.0,True,True,[],True,
libero_36_proxy_tabletop_draft_v4,libero_registered_object_36_proxy_tabletop,libero_36_oracle_goal_v1,gate4_terminal_goal_semantics,full,28,0,cream_cheese*put_on_top*middle,cream_cheese,put_on_top,middle,relation_negative,1,460281,cream_cheese_1,plate_1,right,/root/smolvla-libero-compositional-generalization/data/libero_36/bddl/task_028_layout_0_cream_cheese_put_on_top_middle.bddl,c678246e26c91b230b696e463b27e5be1e46798c3ca938bf35f625eb245e1ec7,b4dad7a22902bacaad8a03b39ffcf7d968aa8201834fef4c54703f978cb50d7d,"{""akita_black_bowl"":0,""alphabet_soup"":2,""cream_cheese"":3,""white_yellow_mug"":1}","[[""on"",""akita_black_bowl_1"",""main_table_source_slot_0_region""],[""on"",""white_yellow_mug_1"",""main_table_source_slot_1_region""],[""on"",""alphabet_soup_1"",""main_table_source_slot_2_region""],[""on"",""cream_cheese_1"",""main_table_target_right_region""],[""on"",""plate_1"",""main_table_target_middle_region""]]",deterministic_bddl_init_substitution_using_libero_conditional_and_table_region_samplers,1,"{""camera_id"":2,""camera_name"":""agentview"",""camera_protocol_version"":""libero_36_agentview_v1"",""fovy_deg"":75.0,""height"":128,""position_m"":[0.6586131746834771,0.0,1.6103500240372424],""pre_apply_fovy_deg"":45.0,""quaternion_wxyz"":[0.6380177212293417,0.30484971880648903,0.30484983801576876,0.6380177212293417],""width"":128}",True,True,False,True,False,False,not_applicable,True,9,"[false,false,false,false,false,false,false,false,false]","[true,true,true,true,true,true,true,true,true]","[false,false,false,false,false,false,false,false,false]","[false,false,false,false,false,false,false,false,false,false,false,false,false,false,false,false,false,false,false,false]","[true,true,true,true,true,true,true,true,true,true,true,true,true,true,true,true,true,true,true,true]","[false,false,false,false,false,false,false,false,false,false,false,false,false,false,false,false,false,false,false,false]","[true,true,true,true,true,true,true,true,true,true,true,true,true,true,true,true,true,true,true,true]","[true,true,true,true,true,true,true,true,true,true,true,true,true,true,true,true,true,true,true,true]","[[],[],[],[],[],[],[],[],[],[],[],[],[],[],[],[],[],[],[],[]]",True,True,True,True,True,True,True,True,0.0,1.7075472925031877e-06,True,"{""akita_black_bowl_1"":{""position"":[0.23825574255635162,-0.36823958348806785,0.8984070750855586],""quaternion_xyzw"":[-1.3874754374372426e-05,1.667300108075247e-06,0.7071067792293568,0.7071067830056482]},""alphabet_soup_1"":{""position"":[0.24471594282546863,0.12664969228906378,0.938392910372391],""quaternion_xyzw"":[0.002251088091534174,0.7077061030915652,0.7064997314594988,-0.002265766318742562]},""cream_cheese_1"":{""position"":[-0.08882929515321551,0.22950813630373512,0.9089214774181752],""quaternion_xyzw"":[-3.583666718863558e-17,1.4531753333632842e-17,1.0,-4.440759373190818e-25]},""plate_1"":{""position"":[-0.09118619785372437,0.005910358483366312,0.9025063385199519],""quaternion_xyzw"":[-1.321892966228706e-05,5.905203457675586e-06,0.7071067522302278,0.7071068099946484]},""white_yellow_mug_1"":{""position"":[0.23721589668014437,-0.1169667016293012,0.9000940748168837],""quaternion_xyzw"":[-7.477882464142584e-06,-1.0947823346003125e-05,0.7071071218390036,-0.7071064404096369]}}","{""akita_black_bowl_1"":{""position"":[0.23825574255635515,-0.3682395834880725,0.8984070750980836],""quaternion_xyzw"":[-1.3874755319827198e-05,1.6673002342708052e-06,0.7071067792293568,0.7071067830056482]},""alphabet_soup_1"":{""position"":[0.24471594282546433,0.12664969228906123,0.9383929103724435],""quaternion_xyzw"":[0.0022510880914928303,0.7077061030915408,0.7064997314595235,-0.0022657663187014942]},""cream_cheese_1"":{""position"":[-0.08882929515321551,0.22950813630373512,0.9089214774186077],""quaternion_xyzw"":[-5.0917852492750573e-17,6.254419965161313e-18,1.0,6.316736509399606e-18]},""plate_1"":{""position"":[-0.09118619785372602,0.0059103584833715556,0.902506338529415],""quaternion_xyzw"":[-1.3218930757405374e-05,5.9052040284397994e-06,0.7071067522302278,0.7071068099946484]},""white_yellow_mug_1"":{""position"":[0.23721589668014423,-0.1169667016293003,0.9000940748299845],""quaternion_xyzw"":[-7.477883678163975e-06,-1.0947825020271722e-05,0.7071071218390034,-0.7071064404096367]}}",{},True,1,0.0,0.0,0.0,True,True,[],True,
libero_36_proxy_tabletop_draft_v4,libero_registered_object_36_proxy_tabletop,libero_36_oracle_goal_v1,gate4_terminal_goal_semantics,full,28,0,cream_cheese*put_on_top*middle,cream_cheese,put_on_top,middle,receiver_region_negative,2,460282,cream_cheese_1,plate_1,right,/root/smolvla-libero-compositional-generalization/data/libero_36/bddl/task_028_layout_0_cream_cheese_put_on_top_middle.bddl,c678246e26c91b230b696e463b27e5be1e46798c3ca938bf35f625eb245e1ec7,085451c361884b5f2b0e1892c335e5fc4e63c7a658b3995ea2d390ba0d4efd26,"{""akita_black_bowl"":0,""alphabet_soup"":2,""cream_cheese"":3,""white_yellow_mug"":1}","[[""on"",""akita_black_bowl_1"",""main_table_source_slot_0_region""],[""on"",""white_yellow_mug_1"",""main_table_source_slot_1_region""],[""on"",""alphabet_soup_1"",""main_table_source_slot_2_region""],[""on"",""cream_cheese_1"",""plate_1""],[""on"",""plate_1"",""main_table_target_right_region""]]",deterministic_bddl_init_substitution_using_libero_conditional_and_table_region_samplers,1,"{""camera_id"":2,""camera_name"":""agentview"",""camera_protocol_version"":""libero_36_agentview_v1"",""fovy_deg"":75.0,""height"":128,""position_m"":[0.6586131746834771,0.0,1.6103500240372424],""pre_apply_fovy_deg"":45.0,""quaternion_wxyz"":[0.6380177212293417,0.30484971880648903,0.30484983801576876,0.6380177212293417],""width"":128}",True,True,True,False,False,False,not_applicable,True,10,"[false,false,false,false,true,true,true,true,true,true]","[false,false,false,false,false,false,false,false,false,false]","[false,false,false,false,false,false,false,false,false,false]","[true,true,true,true,true,true,true,true,true,true,true,true,true,true,true,true,true,true,true,true]","[false,false,false,false,false,false,false,false,false,false,false,false,false,false,false,false,false,false,false,false]","[false,false,false,false,false,false,false,false,false,false,false,false,false,false,false,false,false,false,false,false]","[true,true,true,true,true,true,true,true,true,true,true,true,true,true,true,true,true,true,true,true]","[true,true,true,true,true,true,true,true,true,true,true,true,true,true,true,true,true,true,true,true]","[[],[],[],[],[],[],[],[],[],[],[],[],[],[],[],[],[],[],[],[]]",True,True,True,True,True,True,True,True,4.4391090633044597e-05,0.05631187976135571,True,"{""akita_black_bowl_1"":{""position"":[0.24406764138392276,-0.3627793649690708,0.8984070750975269],""quaternion_xyzw"":[-1.3874755277191161e-05,1.6673002283393768e-06,0.7071067792293568,0.7071067830056482]},""alphabet_soup_1"":{""position"":[0.22806213771171632,0.1221141153406804,0.9383929103724417],""quaternion_xyzw"":[0.002251088091494393,0.7077061030915417,0.7064997314595227,-0.0022657663187033187]},""cream_cheese_1"":{""position"":[-0.13146049492898376,0.25116296041106156,0.9196224013649158],""quaternion_xyzw"":[-0.006403315060381637,-0.0003868999006327215,0.999955875781492,0.006862532679245162]},""plate_1"":{""position"":[-0.1337515962690199,0.2509141642830846,0.9025027276124106],""quaternion_xyzw"":[-8.894866146319779e-06,1.8463524362827287e-05,0.7071058882083129,0.7071076738666556]},""white_yellow_mug_1"":{""position"":[0.24092933562710378,-0.1192689165583204,0.9000940748294017],""quaternion_xyzw"":[-7.47788361868343e-06,-1.0947824938019606e-05,0.7071071218390034,-0.7071064404096367]}}","{""akita_black_bowl_1"":{""position"":[0.24406764138392284,-0.3627793649690708,0.8984070750980836],""quaternion_xyzw"":[-1.3874755319819842e-05,1.6673002342573338e-06,0.7071067792293568,0.7071067830056482]},""alphabet_soup_1"":{""position"":[0.2280621377117162,0.1221141153406803,0.9383929103724435],""quaternion_xyzw"":[0.002251088091492507,0.7077061030915408,0.7064997314595236,-0.0022657663187017276]},""cream_cheese_1"":{""position"":[-0.1308559528992313,0.2511085602486621,0.9195550984342509],""quaternion_xyzw"":[-0.008364536840154925,3.341070495906242e-05,0.9998769457132785,0.01327127869725343]},""plate_1"":{""position"":[-0.1337515911486918,0.25091416541907585,0.9025027042970247],""quaternion_xyzw"":[-7.841721021767607e-06,1.91949589006177e-05,0.7071060593775863,0.7071075026907594]},""white_yellow_mug_1"":{""position"":[0.24092933562710378,-0.1192689165583204,0.9000940748299845],""quaternion_xyzw"":[-7.47788367814893e-06,-1.0947825020272138e-05,0.7071071218390034,-0.7071064404096367]}}",{},True,1,0.0,0.0,0.0,True,True,[],True,
libero_36_proxy_tabletop_draft_v4,libero_registered_object_36_proxy_tabletop,libero_36_oracle_goal_v1,gate4_terminal_goal_semantics,full,29,0,cream_cheese*put_on_top*right,cream_cheese,put_on_top,right,positive,0,460290,cream_cheese_1,plate_1,left,/root/smolvla-libero-compositional-generalization/data/libero_36/bddl/task_029_layout_0_cream_cheese_put_on_top_right.bddl,74c577b98690027628f99c939155c51cff4ffcc1c12b5a68a7d7c8c04dc787d4,cd40bd27c76bb7d59fe4a2c2f508e831f7c1fb2b96dc3f4ba6eb1e32b5210faf,"{""akita_black_bowl"":0,""alphabet_soup"":2,""cream_cheese"":3,""white_yellow_mug"":1}","[[""on"",""akita_black_bowl_1"",""main_table_source_slot_0_region""],[""on"",""white_yellow_mug_1"",""main_table_source_slot_1_region""],[""on"",""alphabet_soup_1"",""main_table_source_slot_2_region""],[""on"",""cream_cheese_1"",""plate_1""],[""on"",""plate_1"",""main_table_target_right_region""]]",deterministic_bddl_init_substitution_using_libero_conditional_and_table_region_samplers,1,"{""camera_id"":2,""camera_name"":""agentview"",""camera_protocol_version"":""libero_36_agentview_v1"",""fovy_deg"":75.0,""height"":128,""position_m"":[0.6586131746834771,0.0,1.6103500240372424],""pre_apply_fovy_deg"":45.0,""quaternion_wxyz"":[0.6380177212293417,0.30484971880648903,0.30484983801576876,0.6380177212293417],""width"":128}",True,True,True,True,True,False,not_applicable,True,10,"[false,false,false,false,true,true,true,true,true,true]","[true,true,true,true,true,true,true,true,true,true]","[false,false,false,false,true,true,true,true,true,true]","[true,true,true,true,true,true,true,true,true,true,true,true,true,true,true,true,true,true,true,true]","[true,true,true,true,true,true,true,true,true,true,true,true,true,true,true,true,true,true,true,true]","[true,true,true,true,true,true,true,true,true,true,true,true,true,true,true,true,true,true,true,true]","[true,true,true,true,true,true,true,true,true,true,true,true,true,true,true,true,true,true,true,true]","[true,true,true,true,true,true,true,true,true,true,true,true,true,true,true,true,true,true,true,true]","[[],[],[],[],[],[],[],[],[],[],[],[],[],[],[],[],[],[],[],[]]",True,True,True,True,True,True,True,True,4.439109063267483e-05,0.05631187978724473,True,"{""akita_black_bowl_1"":{""position"":[0.2312538281957456,-0.36255507474173565,0.8984070750975269],""quaternion_xyzw"":[-1.3874755277127857e-05,1.6673002283594557e-06,0.7071067792293568,0.7071067830056482]},""alphabet_soup_1"":{""position"":[0.23340641163687295,0.12401697949220587,0.9383929103724418],""quaternion_xyzw"":[0.0022510880914946383,0.7077061030915418,0.7064997314595227,-0.0022657663187031305]},""cream_cheese_1"":{""position"":[-0.1257801117333816,0.1867286648151343,0.9196224013649155],""quaternion_xyzw"":[-0.006403315060386353,-0.0003868999006337492,0.9999558757814919,0.006862532679259716]},""plate_1"":{""position"":[-0.1280712130734181,0.18647986868715585,0.9025027276124106],""quaternion_xyzw"":[-8.894866146293058e-06,1.8463524362896287e-05,0.7071058882083179,0.7071076738666505]},""white_yellow_mug_1"":{""position"":[0.23533249450257906,-0.11708524119938164,0.9000940748294017],""quaternion_xyzw"":[-7.4778836185949675e-06,-1.0947824937950056e-05,0.7071071218390034,-0.7071064404096367]}}","{""akita_black_bowl_1"":{""position"":[0.2312538281957457,-0.36255507474173565,0.8984070750980836],""quaternion_xyzw"":[-1.3874755319848347e-05,1.667300234250442e-06,0.7071067792293568,0.7071067830056482]},""alphabet_soup_1"":{""position"":[0.23340641163687284,0.12401697949220576,0.9383929103724437],""quaternion_xyzw"":[0.002251088091492734,0.7077061030915408,0.7064997314595237,-0.0022657663187015376]},""cream_cheese_1"":{""position"":[-0.12517556970362917,0.18667426465273404,0.9195550984342507],""quaternion_xyzw"":[-0.008364536840151761,3.341070494873603e-05,0.9998769457132783,0.01327127869726066]},""plate_1"":{""position"":[-0.12807120795308966,0.18647986982314696,0.9025027042970246],""quaternion_xyzw"":[-7.841721021605926e-06,1.9194958900841817e-05,0.7071060593775899,0.707107502690756]},""white_yellow_mug_1"":{""position"":[0.23533249450257906,-0.11708524119938164,0.9000940748299845],""quaternion_xyzw"":[-7.477883678126682e-06,-1.0947825020257928e-05,0.7071071218390034,-0.7071064404096367]}}",{},True,1,0.0,0.0,0.0,True,True,[],True,
libero_36_proxy_tabletop_draft_v4,libero_registered_object_36_proxy_tabletop,libero_36_oracle_goal_v1,gate4_terminal_goal_semantics,full,29,0,cream_cheese*put_on_top*right,cream_cheese,put_on_top,right,relation_negative,1,460291,cream_cheese_1,plate_1,left,/root/smolvla-libero-compositional-generalization/data/libero_36/bddl/task_029_layout_0_cream_cheese_put_on_top_right.bddl,74c577b98690027628f99c939155c51cff4ffcc1c12b5a68a7d7c8c04dc787d4,cb50488f346891a76f74c1e39ab48771cc3ef25c67fe18da6619d994fb779b73,"{""akita_black_bowl"":0,""alphabet_soup"":2,""cream_cheese"":3,""white_yellow_mug"":1}","[[""on"",""akita_black_bowl_1"",""main_table_source_slot_0_region""],[""on"",""white_yellow_mug_1"",""main_table_source_slot_1_region""],[""on"",""alphabet_soup_1"",""main_table_source_slot_2_region""],[""on"",""cream_cheese_1"",""main_table_target_left_region""],[""on"",""plate_1"",""main_table_target_right_region""]]",deterministic_bddl_init_substitution_using_libero_conditional_and_table_region_samplers,1,"{""camera_id"":2,""camera_name"":""agentview"",""camera_protocol_version"":""libero_36_agentview_v1"",""fovy_deg"":75.0,""height"":128,""position_m"":[0.6586131746834771,0.0,1.6103500240372424],""pre_apply_fovy_deg"":45.0,""quaternion_wxyz"":[0.6380177212293417,0.30484971880648903,0.30484983801576876,0.6380177212293417],""width"":128}",True,True,False,True,False,False,not_applicable,True,9,"[false,false,false,false,false,false,false,false,false]","[true,true,true,true,true,true,true,true,true]","[false,false,false,false,false,false,false,false,false]","[false,false,false,false,false,false,false,false,false,false,false,false,false,false,false,false,false,false,false,false]","[true,true,true,true,true,true,true,true,true,true,true,true,true,true,true,true,true,true,true,true]","[false,false,false,false,false,false,false,false,false,false,false,false,false,false,false,false,false,false,false,false]","[true,true,true,true,true,true,true,true,true,true,true,true,true,true,true,true,true,true,true,true]","[true,true,true,true,true,true,true,true,true,true,true,true,true,true,true,true,true,true,true,true]","[[],[],[],[],[],[],[],[],[],[],[],[],[],[],[],[],[],[],[],[]]",True,True,True,True,True,True,True,True,0.0,1.7075472925031877e-06,True,"{""akita_black_bowl_1"":{""position"":[0.23271294394196174,-0.36824388172267714,0.8984070750855586],""quaternion_xyzw"":[-1.3874754374376718e-05,1.6673001080747717e-06,0.7071067792293568,0.7071067830056482]},""alphabet_soup_1"":{""position"":[0.22699359080251147,0.12357272942980232,0.9383929103723911],""quaternion_xyzw"":[0.0022510880915341653,0.7077061030915653,0.7064997314594988,-0.002265766318742535]},""cream_cheese_1"":{""position"":[-0.16281261003331224,-0.22972004410454058,0.9089214774181752],""quaternion_xyzw"":[3.369624111607912e-17,6.81051599647705e-18,1.0,5.261744310620819e-25]},""plate_1"":{""position"":[-0.11402133982884086,0.23280821216387185,0.9025063385199519],""quaternion_xyzw"":[-1.3218929662282426e-05,5.905203457679024e-06,0.7071067522302278,0.7071068099946484]},""white_yellow_mug_1"":{""position"":[0.2434814666892391,-0.12181669847165925,0.9000940748168837],""quaternion_xyzw"":[-7.4778824641473345e-06,-1.0947823346006073e-05,0.7071071218390036,-0.7071064404096369]}}","{""akita_black_bowl_1"":{""position"":[0.23271294394196526,-0.3682438817226818,0.8984070750980836],""quaternion_xyzw"":[-1.387475531982951e-05,1.667300234270645e-06,0.7071067792293568,0.7071067830056482]},""alphabet_soup_1"":{""position"":[0.2269935908025072,0.12357272942979972,0.9383929103724437],""quaternion_xyzw"":[0.0022510880914928576,0.7077061030915407,0.7064997314595236,-0.0022657663187014127]},""cream_cheese_1"":{""position"":[-0.16281261003331224,-0.22972004410454058,0.9089214774186077],""quaternion_xyzw"":[4.007852913985702e-17,9.411555177713631e-18,1.0,-2.5988717766218442e-18]},""plate_1"":{""position"":[-0.11402133982884251,0.23280821216387693,0.902506338529415],""quaternion_xyzw"":[-1.3218930757343246e-05,5.905204028451017e-06,0.7071067522302278,0.7071068099946484]},""white_yellow_mug_1"":{""position"":[0.24348146668923895,-0.12181669847165835,0.9000940748299845],""quaternion_xyzw"":[-7.4778836781500395e-06,-1.0947825020265198e-05,0.7071071218390034,-0.7071064404096367]}}",{},True,1,0.0,0.0,0.0,True,True,[],True,
libero_36_proxy_tabletop_draft_v4,libero_registered_object_36_proxy_tabletop,libero_36_oracle_goal_v1,gate4_terminal_goal_semantics,full,29,0,cream_cheese*put_on_top*right,cream_cheese,put_on_top,right,receiver_region_negative,2,460292,cream_cheese_1,plate_1,left,/root/smolvla-libero-compositional-generalization/data/libero_36/bddl/task_029_layout_0_cream_cheese_put_on_top_right.bddl,74c577b98690027628f99c939155c51cff4ffcc1c12b5a68a7d7c8c04dc787d4,949a7a34e41bf3492b4afe9897b608c72268fba31554cb1e5170ced2cae5ecbc,"{""akita_black_bowl"":0,""alphabet_soup"":2,""cream_cheese"":3,""white_yellow_mug"":1}","[[""on"",""akita_black_bowl_1"",""main_table_source_slot_0_region""],[""on"",""white_yellow_mug_1"",""main_table_source_slot_1_region""],[""on"",""alphabet_soup_1"",""main_table_source_slot_2_region""],[""on"",""cream_cheese_1"",""plate_1""],[""on"",""plate_1"",""main_table_target_left_region""]]",deterministic_bddl_init_substitution_using_libero_conditional_and_table_region_samplers,1,"{""camera_id"":2,""camera_name"":""agentview"",""camera_protocol_version"":""libero_36_agentview_v1"",""fovy_deg"":75.0,""height"":128,""position_m"":[0.6586131746834771,0.0,1.6103500240372424],""pre_apply_fovy_deg"":45.0,""quaternion_wxyz"":[0.6380177212293417,0.30484971880648903,0.30484983801576876,0.6380177212293417],""width"":128}",True,True,True,False,False,False,not_applicable,True,10,"[false,false,false,false,true,true,true,true,true,true]","[false,false,false,false,false,false,false,false,false,false]","[false,false,false,false,false,false,false,false,false,false]","[true,true,true,true,true,true,true,true,true,true,true,true,true,true,true,true,true,true,true,true]","[false,false,false,false,false,false,false,false,false,false,false,false,false,false,false,false,false,false,false,false]","[false,false,false,false,false,false,false,false,false,false,false,false,false,false,false,false,false,false,false,false]","[true,true,true,true,true,true,true,true,true,true,true,true,true,true,true,true,true,true,true,true]","[true,true,true,true,true,true,true,true,true,true,true,true,true,true,true,true,true,true,true,true]","[[],[],[],[],[],[],[],[],[],[],[],[],[],[],[],[],[],[],[],[]]",True,True,True,True,True,True,True,True,4.4391090632862234e-05,0.05631187976135571,True,"{""akita_black_bowl_1"":{""position"":[0.2408231470360808,-0.36121300538988954,0.8984070750975269],""quaternion_xyzw"":[-1.3874755277131694e-05,1.6673002283771644e-06,0.7071067792293568,0.7071067830056482]},""alphabet_soup_1"":{""position"":[0.23711565551496994,0.11416903732372406,0.9383929103724418],""quaternion_xyzw"":[0.0022510880914946964,0.7077061030915417,0.7064997314595226,-0.0022657663187031856]},""cream_cheese_1"":{""position"":[-0.07979142528537458,-0.21500773059961292,0.9196224013649156],""quaternion_xyzw"":[-0.006403315060368734,-0.0003868999006315741,0.9999558757814921,0.006862532679253607]},""plate_1"":{""position"":[-0.08208252662540873,-0.21525652672758797,0.9025027276124106],""quaternion_xyzw"":[-8.894866146206956e-06,1.8463524363061058e-05,0.7071058882083179,0.7071076738666506]},""white_yellow_mug_1"":{""position"":[0.23670866916380423,-0.11458137806516575,0.9000940748294017],""quaternion_xyzw"":[-7.477883618603686e-06,-1.0947824937940826e-05,0.7071071218390034,-0.7071064404096367]}}","{""akita_black_bowl_1"":{""position"":[0.24082314703608088,-0.36121300538988954,0.8984070750980836],""quaternion_xyzw"":[-1.3874755319831504e-05,1.6673002342790987e-06,0.7071067792293568,0.7071067830056482]},""alphabet_soup_1"":{""position"":[0.23711565551496983,0.11416903732372395,0.9383929103724437],""quaternion_xyzw"":[0.0022510880914927813,0.7077061030915408,0.7064997314595235,-0.0022657663187015354]},""cream_cheese_1"":{""position"":[-0.07918688325562193,-0.21506213076201217,0.9195550984342507],""quaternion_xyzw"":[-0.008364536840146448,3.341070497349214e-05,0.9998769457132783,0.01327127869727221]},""plate_1"":{""position"":[-0.0820825215050804,-0.2152565255915963,0.9025027042970247],""quaternion_xyzw"":[-7.841721021277892e-06,1.9194958901939453e-05,0.7071060593775956,0.7071075026907501]},""white_yellow_mug_1"":{""position"":[0.23670866916380423,-0.11458137806516575,0.9000940748299845],""quaternion_xyzw"":[-7.4778836781256416e-06,-1.0947825020308374e-05,0.7071071218390034,-0.7071064404096367]}}",{},True,1,0.0,0.0,0.0,True,True,[],True,
libero_36_proxy_tabletop_draft_v4,libero_registered_object_36_proxy_tabletop,libero_36_oracle_goal_v1,gate4_terminal_goal_semantics,full,30,0,cream_cheese*put_inside*left,cream_cheese,put_inside,left,positive,0,460300,cream_cheese_1,basket_1,middle,/root/smolvla-libero-compositional-generalization/data/libero_36/bddl/task_030_layout_0_cream_cheese_put_inside_left.bddl,fadb38dd89bbb096ffb60c000e3c85ae55f8281664e393e69363b5b053e2d8d3,28a1c3e35fbca15c7ae437cc800e4f4953dca369ecb96e1a3b206f10830743d1,"{""akita_black_bowl"":0,""alphabet_soup"":2,""cream_cheese"":3,""white_yellow_mug"":1}","[[""on"",""akita_black_bowl_1"",""main_table_source_slot_0_region""],[""on"",""white_yellow_mug_1"",""main_table_source_slot_1_region""],[""on"",""alphabet_soup_1"",""main_table_source_slot_2_region""],[""in"",""cream_cheese_1"",""basket_1_contain_region""],[""on"",""basket_1"",""main_table_target_left_region""]]",deterministic_bddl_init_substitution_using_libero_conditional_and_table_region_samplers,1,"{""camera_id"":2,""camera_name"":""agentview"",""camera_protocol_version"":""libero_36_agentview_v1"",""fovy_deg"":75.0,""height"":128,""position_m"":[0.6586131746834771,0.0,1.6103500240372424],""pre_apply_fovy_deg"":45.0,""quaternion_wxyz"":[0.6380177212293417,0.30484971880648903,0.30484983801576876,0.6380177212293417],""width"":128}",True,True,True,True,True,False,not_applicable,True,10,"[true,true,true,true,true,true,true,true,true,true]","[true,true,true,true,true,true,true,true,true,true]","[true,true,true,true,true,true,true,true,true,true]","[true,true,true,true,true,true,true,true,true,true,true,true,true,true,true,true,true,true,true,true]","[true,true,true,true,true,true,true,true,true,true,true,true,true,true,true,true,true,true,true,true]","[true,true,true,true,true,true,true,true,true,true,true,true,true,true,true,true,true,true,true,true]","[true,true,true,true,true,true,true,true,true,true,true,true,true,true,true,true,true,true,true,true]","[true,true,true,true,true,true,true,true,true,true,true,true,true,true,true,true,true,true,true,true]","[[],[],[],[],[],[],[],[],[],[],[],[],[],[],[],[],[],[],[],[]]",True,True,True,True,True,True,True,True,7.180665668035748e-14,1.7075472925031877e-06,True,"{""akita_black_bowl_1"":{""position"":[0.23749833543970506,-0.3545050118267315,0.8984070750975269],""quaternion_xyzw"":[-1.3874755277169202e-05,1.6673002283280892e-06,0.7071067792293568,0.7071067830056483]},""alphabet_soup_1"":{""position"":[0.2429646512642268,0.1115247499936275,0.9383929103724418],""quaternion_xyzw"":[0.0022510880914945516,0.7077061030915417,0.7064997314595226,-0.0022657663187032793]},""basket_1"":{""position"":[-0.14076893808663377,-0.181387669023468,0.8954169933810915],""quaternion_xyzw"":[-0.001694110475337039,0.001693919264278827,0.7071047531681537,0.7071047508497081]},""cream_cheese_1"":{""position"":[-0.14076960862021123,-0.18136178985319742,0.9259207277222014],""quaternion_xyzw"":[-1.352023750912367e-07,-1.392342010954266e-06,0.9999999999990217,1.1163289794292556e-11]},""white_yellow_mug_1"":{""position"":[0.23862511385182636,-0.11305099636212426,0.9000940748294017],""quaternion_xyzw"":[-7.4778836187093745e-06,-1.0947824938054377e-05,0.7071071218390034,-0.7071064404096367]}}","{""akita_black_bowl_1"":{""position"":[0.23749833543970514,-0.3545050118267315,0.8984070750980836],""quaternion_xyzw"":[-1.3874755319829102e-05,1.6673002342472459e-06,0.7071067792293568,0.7071067830056483]},""alphabet_soup_1"":{""position"":[0.2429646512642267,0.1115247499936274,0.9383929103724437],""quaternion_xyzw"":[0.0022510880914926915,0.7077061030915407,0.7064997314595236,-0.0022657663187015888]},""basket_1"":{""position"":[-0.14076893808663377,-0.18138766902346962,0.89541699338179],""quaternion_xyzw"":[-0.001694110475467879,0.0016939192644076105,0.7071047531681535,0.7071047508497079]},""cream_cheese_1"":{""position"":[-0.14076960862035,-0.18136178985461793,0.9259207277228999],""quaternion_xyzw"":[-1.3520237655177056e-07,-1.3923418455922199e-06,0.9999999999990217,1.1163289993214196e-11]},""white_yellow_mug_1"":{""position"":[0.23862511385182636,-0.11305099636212426,0.9000940748299845],""quaternion_xyzw"":[-7.47788367816438e-06,-1.0947825020277671e-05,0.7071071218390034,-0.7071064404096367]}}",{},True,1,0.0,0.0,0.0,True,True,[],True,
libero_36_proxy_tabletop_draft_v4,libero_registered_object_36_proxy_tabletop,libero_36_oracle_goal_v1,gate4_terminal_goal_semantics,full,30,0,cream_cheese*put_inside*left,cream_cheese,put_inside,left,relation_negative,1,460301,cream_cheese_1,basket_1,middle,/root/smolvla-libero-compositional-generalization/data/libero_36/bddl/task_030_layout_0_cream_cheese_put_inside_left.bddl,fadb38dd89bbb096ffb60c000e3c85ae55f8281664e393e69363b5b053e2d8d3,3c3b5e9a69fe194b243b36c7ad86d196fdc4e71afc56f2df62fd320cd826f7bd,"{""akita_black_bowl"":0,""alphabet_soup"":2,""cream_cheese"":3,""white_yellow_mug"":1}","[[""on"",""akita_black_bowl_1"",""main_table_source_slot_0_region""],[""on"",""white_yellow_mug_1"",""main_table_source_slot_1_region""],[""on"",""alphabet_soup_1"",""main_table_source_slot_2_region""],[""on"",""cream_cheese_1"",""main_table_target_middle_region""],[""on"",""basket_1"",""main_table_target_left_region""]]",deterministic_bddl_init_substitution_using_libero_conditional_and_table_region_samplers,1,"{""camera_id"":2,""camera_name"":""agentview"",""camera_protocol_version"":""libero_36_agentview_v1"",""fovy_deg"":75.0,""height"":128,""position_m"":[0.6586131746834771,0.0,1.6103500240372424],""pre_apply_fovy_deg"":45.0,""quaternion_wxyz"":[0.6380177212293417,0.30484971880648903,0.30484983801576876,0.6380177212293417],""width"":128}",True,True,False,True,False,False,not_applicable,True,9,"[false,false,false,false,false,false,false,false,false]","[true,true,true,true,true,true,true,true,true]","[false,false,false,false,false,false,false,false,false]","[false,false,false,false,false,false,false,false,false,false,false,false,false,false,false,false,false,false,false,false]","[true,true,true,true,true,true,true,true,true,true,true,true,true,true,true,true,true,true,true,true]","[false,false,false,false,false,false,false,false,false,false,false,false,false,false,false,false,false,false,false,false]","[true,true,true,true,true,true,true,true,true,true,true,true,true,true,true,true,true,true,true,true]","[true,true,true,true,true,true,true,true,true,true,true,true,true,true,true,true,true,true,true,true]","[[],[],[],[],[],[],[],[],[],[],[],[],[],[],[],[],[],[],[],[]]",True,True,True,True,True,True,True,True,0.0,1.7075472925031877e-06,True,"{""akita_black_bowl_1"":{""position"":[0.22838988708790345,-0.3642956844971611,0.8984070750855586],""quaternion_xyzw"":[-1.3874754374375453e-05,1.6673001080751533e-06,0.7071067792293568,0.7071067830056482]},""alphabet_soup_1"":{""position"":[0.23066081846673386,0.11781592510709023,0.938392910372391],""quaternion_xyzw"":[0.0022510880915340772,0.7077061030915652,0.7064997314594987,-0.0022657663187426913]},""basket_1"":{""position"":[-0.14423196271894514,-0.19648228727531503,0.8954176546581495],""quaternion_xyzw"":[-0.001694211823302476,0.001694020659704074,0.7071047529253541,0.7071047506067798]},""cream_cheese_1"":{""position"":[-0.11852165897524863,0.001036673213945509,0.9089214774181752],""quaternion_xyzw"":[0.0,0.0,1.0,0.0]},""white_yellow_mug_1"":{""position"":[0.2326156207923514,-0.12227148361452571,0.9000940748168837],""quaternion_xyzw"":[-7.477882464146285e-06,-1.0947823346002256e-05,0.7071071218390036,-0.7071064404096369]}}","{""akita_black_bowl_1"":{""position"":[0.22838988708790697,-0.36429568449716576,0.8984070750980836],""quaternion_xyzw"":[-1.3874755319824884e-05,1.6673002342753235e-06,0.7071067792293568,0.7071067830056482]},""alphabet_soup_1"":{""position"":[0.2306608184667295,0.11781592510708762,0.9383929103724435],""quaternion_xyzw"":[0.0022510880914926898,0.7077061030915409,0.7064997314595235,-0.0022657663187016543]},""basket_1"":{""position"":[-0.14423196271894495,-0.19648228727535394,0.8954176546734635],""quaternion_xyzw"":[-0.0016942118263254787,0.0016940206626867294,0.707104752925347,0.7071047506067727]},""cream_cheese_1"":{""position"":[-0.11852165897524863,0.001036673213945509,0.9089214774186077],""quaternion_xyzw"":[0.0,0.0,1.0,0.0]},""white_yellow_mug_1"":{""position"":[0.23261562079235126,-0.1222714836145248,0.9000940748299845],""quaternion_xyzw"":[-7.477883678158727e-06,-1.0947825020272743e-05,0.7071071218390034,-0.7071064404096367]}}",{},True,1,0.0,0.0,0.0,True,True,[],True,
libero_36_proxy_tabletop_draft_v4,libero_registered_object_36_proxy_tabletop,libero_36_oracle_goal_v1,gate4_terminal_goal_semantics,full,30,0,cream_cheese*put_inside*left,cream_cheese,put_inside,left,receiver_region_negative,2,460302,cream_cheese_1,basket_1,middle,/root/smolvla-libero-compositional-generalization/data/libero_36/bddl/task_030_layout_0_cream_cheese_put_inside_left.bddl,fadb38dd89bbb096ffb60c000e3c85ae55f8281664e393e69363b5b053e2d8d3,bc1da383d79b2e18a9edc2932c6b45ee4f261a06a33012b66a7301085c7fe53f,"{""akita_black_bowl"":0,""alphabet_soup"":2,""cream_cheese"":3,""white_yellow_mug"":1}","[[""on"",""akita_black_bowl_1"",""main_table_source_slot_0_region""],[""on"",""white_yellow_mug_1"",""main_table_source_slot_1_region""],[""on"",""alphabet_soup_1"",""main_table_source_slot_2_region""],[""in"",""cream_cheese_1"",""basket_1_contain_region""],[""on"",""basket_1"",""main_table_target_middle_region""]]",deterministic_bddl_init_substitution_using_libero_conditional_and_table_region_samplers,1,"{""camera_id"":2,""camera_name"":""agentview"",""camera_protocol_version"":""libero_36_agentview_v1"",""fovy_deg"":75.0,""height"":128,""position_m"":[0.6586131746834771,0.0,1.6103500240372424],""pre_apply_fovy_deg"":45.0,""quaternion_wxyz"":[0.6380177212293417,0.30484971880648903,0.30484983801576876,0.6380177212293417],""width"":128}",True,True,True,False,False,False,not_applicable,True,10,"[true,true,true,true,true,true,true,true,true,true]","[false,false,false,false,false,false,false,false,false,false]","[false,false,false,false,false,false,false,false,false,false]","[true,true,true,true,true,true,true,true,true,true,true,true,true,true,true,true,true,true,true,true]","[false,false,false,false,false,false,false,false,false,false,false,false,false,false,false,false,false,false,false,false]","[false,false,false,false,false,false,false,false,false,false,false,false,false,false,false,false,false,false,false,false]","[true,true,true,true,true,true,true,true,true,true,true,true,true,true,true,true,true,true,true,true]","[true,true,true,true,true,true,true,true,true,true,true,true,true,true,true,true,true,true,true,true]","[[],[],[],[],[],[],[],[],[],[],[],[],[],[],[],[],[],[],[],[]]",True,True,True,True,True,True,True,True,7.173913053329745e-14,1.7075472925031877e-06,True,"{""akita_black_bowl_1"":{""position"":[0.24453016512653705,-0.36779421191266887,0.8984070750975269],""quaternion_xyzw"":[-1.3874755277177925e-05,1.6673002283298123e-06,0.7071067792293568,0.7071067830056482]},""alphabet_soup_1"":{""position"":[0.23399747046863292,0.1238621819377782,0.9383929103724417],""quaternion_xyzw"":[0.00225108809149466,0.7077061030915418,0.7064997314595227,-0.0022657663187031327]},""basket_1"":{""position"":[-0.06701218799264845,0.00013625665211885318,0.8954169933810915],""quaternion_xyzw"":[-0.0016941104753370408,0.0016939192642788264,0.7071047531681537,0.7071047508497081]},""cream_cheese_1"":{""position"":[-0.06701285852622846,0.0001621358223895478,0.9259207277222014],""quaternion_xyzw"":[-1.3520237507436767e-07,-1.392342010953771e-06,0.9999999999990217,1.1163362349417493e-11]},""white_yellow_mug_1"":{""position"":[0.24142461125045195,-0.11343974829113702,0.9000940748294017],""quaternion_xyzw"":[-7.477883618715221e-06,-1.0947824938058397e-05,0.7071071218390034,-0.7071064404096367]}}","{""akita_black_bowl_1"":{""position"":[0.24453016512653714,-0.36779421191266887,0.8984070750980836],""quaternion_xyzw"":[-1.387475531982725e-05,1.667300234266558e-06,0.7071067792293568,0.7071067830056482]},""alphabet_soup_1"":{""position"":[0.2339974704686328,0.12386218193777809,0.9383929103724437],""quaternion_xyzw"":[0.0022510880914928403,0.7077061030915408,0.7064997314595237,-0.0022657663187014383]},""basket_1"":{""position"":[-0.06701218799264845,0.00013625665211716614,0.89541699338179],""quaternion_xyzw"":[-0.001694110475467879,0.0016939192644076068,0.7071047531681535,0.7071047508497079]},""cream_cheese_1"":{""position"":[-0.06701285852636726,0.00016213582097033364,0.9259207277228999],""quaternion_xyzw"":[-1.3520237655382723e-07,-1.3923418455927122e-06,0.9999999999990217,1.1163362348718137e-11]},""white_yellow_mug_1"":{""position"":[0.24142461125045195,-0.11343974829113702,0.9000940748299845],""quaternion_xyzw"":[-7.477883678162475e-06,-1.0947825020268337e-05,0.7071071218390034,-0.7071064404096367]}}",{},True,1,0.0,0.0,0.0,True,True,[],True,
libero_36_proxy_tabletop_draft_v4,libero_registered_object_36_proxy_tabletop,libero_36_oracle_goal_v1,gate4_terminal_goal_semantics,full,31,0,cream_cheese*put_inside*middle,cream_cheese,put_inside,middle,positive,0,460310,cream_cheese_1,basket_1,right,/root/smolvla-libero-compositional-generalization/data/libero_36/bddl/task_031_layout_0_cream_cheese_put_inside_middle.bddl,a4e965943ad5f0e72868b9e0205d71d899a3d1aebc079f2036a34b3b870639c4,07f6827f6abe49e58a89f21518728971fa2c7b04107630f6b785c2a4ecf3adc2,"{""akita_black_bowl"":0,""alphabet_soup"":2,""cream_cheese"":3,""white_yellow_mug"":1}","[[""on"",""akita_black_bowl_1"",""main_table_source_slot_0_region""],[""on"",""white_yellow_mug_1"",""main_table_source_slot_1_region""],[""on"",""alphabet_soup_1"",""main_table_source_slot_2_region""],[""in"",""cream_cheese_1"",""basket_1_contain_region""],[""on"",""basket_1"",""main_table_target_middle_region""]]",deterministic_bddl_init_substitution_using_libero_conditional_and_table_region_samplers,1,"{""camera_id"":2,""camera_name"":""agentview"",""camera_protocol_version"":""libero_36_agentview_v1"",""fovy_deg"":75.0,""height"":128,""position_m"":[0.6586131746834771,0.0,1.6103500240372424],""pre_apply_fovy_deg"":45.0,""quaternion_wxyz"":[0.6380177212293417,0.30484971880648903,0.30484983801576876,0.6380177212293417],""width"":128}",True,True,True,True,True,False,not_applicable,True,10,"[true,true,true,true,true,true,true,true,true,true]","[true,true,true,true,true,true,true,true,true,true]","[true,true,true,true,true,true,true,true,true,true]","[true,true,true,true,true,true,true,true,true,true,true,true,true,true,true,true,true,true,true,true]","[true,true,true,true,true,true,true,true,true,true,true,true,true,true,true,true,true,true,true,true]","[true,true,true,true,true,true,true,true,true,true,true,true,true,true,true,true,true,true,true,true]","[true,true,true,true,true,true,true,true,true,true,true,true,true,true,true,true,true,true,true,true]","[true,true,true,true,true,true,true,true,true,true,true,true,true,true,true,true,true,true,true,true]","[[],[],[],[],[],[],[],[],[],[],[],[],[],[],[],[],[],[],[],[]]",True,True,True,True,True,True,True,True,7.17203269147428e-14,1.7075472925031877e-06,True,"{""akita_black_bowl_1"":{""position"":[0.24298713202787403,-0.35608178668676177,0.8984070750975269],""quaternion_xyzw"":[-1.3874755277177437e-05,1.6673002283301316e-06,0.7071067792293568,0.7071067830056482]},""alphabet_soup_1"":{""position"":[0.24008340870214503,0.11567515181906275,0.9383929103724418],""quaternion_xyzw"":[0.00225108809149458,0.7077061030915417,0.7064997314595226,-0.0022657663187031114]},""basket_1"":{""position"":[-0.0914964656758008,0.01883023678661571,0.8954169933810915],""quaternion_xyzw"":[-0.001694110475337036,0.001693919264278827,0.7071047531681537,0.7071047508497081]},""cream_cheese_1"":{""position"":[-0.09149713620937845,0.018856115956886244,0.9259207277222014],""quaternion_xyzw"":[-1.3520237510399381e-07,-1.3923420109452705e-06,0.9999999999990217,1.1163660340072411e-11]},""white_yellow_mug_1"":{""position"":[0.22786960519641694,-0.1104781472237357,0.9000940748294017],""quaternion_xyzw"":[-7.477883618704793e-06,-1.0947824938045768e-05,0.7071071218390034,-0.7071064404096367]}}","{""akita_black_bowl_1"":{""position"":[0.24298713202787411,-0.35608178668676177,0.8984070750980836],""quaternion_xyzw"":[-1.3874755319819966e-05,1.667300234262603e-06,0.7071067792293568,0.7071067830056482]},""alphabet_soup_1"":{""position"":[0.24008340870214492,0.11567515181906264,0.9383929103724437],""quaternion_xyzw"":[0.002251088091492786,0.7077061030915408,0.7064997314595235,-0.002265766318701514]},""basket_1"":{""position"":[-0.0914964656758008,0.018830236786614024,0.89541699338179],""quaternion_xyzw"":[-0.0016941104754678797,0.001693919264407606,0.7071047531681535,0.7071047508497079]},""cream_cheese_1"":{""position"":[-0.09149713620951726,0.018856115955467347,0.9259207277228999],""quaternion_xyzw"":[-1.3520237655449046e-07,-1.3923418455942708e-06,0.9999999999990217,1.1163660400304898e-11]},""white_yellow_mug_1"":{""position"":[0.22786960519641694,-0.1104781472237357,0.9000940748299845],""quaternion_xyzw"":[-7.4778836781496e-06,-1.0947825020283822e-05,0.7071071218390034,-0.7071064404096367]}}",{},True,1,0.0,0.0,0.0,True,True,[],True,
libero_36_proxy_tabletop_draft_v4,libero_registered_object_36_proxy_tabletop,libero_36_oracle_goal_v1,gate4_terminal_goal_semantics,full,31,0,cream_cheese*put_inside*middle,cream_cheese,put_inside,middle,relation_negative,1,460311,cream_cheese_1,basket_1,right,/root/smolvla-libero-compositional-generalization/data/libero_36/bddl/task_031_layout_0_cream_cheese_put_inside_middle.bddl,a4e965943ad5f0e72868b9e0205d71d899a3d1aebc079f2036a34b3b870639c4,68eb88a04a96b454ca067d2f0be38f564db412a8a444381adedfd9269f9ef318,"{""akita_black_bowl"":0,""alphabet_soup"":2,""cream_cheese"":3,""white_yellow_mug"":1}","[[""on"",""akita_black_bowl_1"",""main_table_source_slot_0_region""],[""on"",""white_yellow_mug_1"",""main_table_source_slot_1_region""],[""on"",""alphabet_soup_1"",""main_table_source_slot_2_region""],[""on"",""cream_cheese_1"",""main_table_target_right_region""],[""on"",""basket_1"",""main_table_target_middle_region""]]",deterministic_bddl_init_substitution_using_libero_conditional_and_table_region_samplers,1,"{""camera_id"":2,""camera_name"":""agentview"",""camera_protocol_version"":""libero_36_agentview_v1"",""fovy_deg"":75.0,""height"":128,""position_m"":[0.6586131746834771,0.0,1.6103500240372424],""pre_apply_fovy_deg"":45.0,""quaternion_wxyz"":[0.6380177212293417,0.30484971880648903,0.30484983801576876,0.6380177212293417],""width"":128}",True,True,False,True,False,False,not_applicable,True,9,"[false,false,false,false,false,false,false,false,false]","[true,true,true,true,true,true,true,true,true]","[false,false,false,false,false,false,false,false,false]","[false,false,false,false,false,false,false,false,false,false,false,false,false,false,false,false,false,false,false,false]","[true,true,true,true,true,true,true,true,true,true,true,true,true,true,true,true,true,true,true,true]","[false,false,false,false,false,false,false,false,false,false,false,false,false,false,false,false,false,false,false,false]","[true,true,true,true,true,true,true,true,true,true,true,true,true,true,true,true,true,true,true,true]","[true,true,true,true,true,true,true,true,true,true,true,true,true,true,true,true,true,true,true,true]","[[],[],[],[],[],[],[],[],[],[],[],[],[],[],[],[],[],[],[],[]]",True,True,True,True,True,True,True,True,0.0,1.7075472925031877e-06,True,"{""akita_black_bowl_1"":{""position"":[0.23843476646555145,-0.35168943576754685,0.8984070750855586],""quaternion_xyzw"":[-1.3874754374367274e-05,1.6673001080832518e-06,0.7071067792293568,0.7071067830056483]},""alphabet_soup_1"":{""position"":[0.22957940794420925,0.1104252749628171,0.9383929103723911],""quaternion_xyzw"":[0.002251088091534166,0.7077061030915653,0.7064997314594988,-0.002265766318742569]},""basket_1"":{""position"":[-0.15471651554351784,-0.01476679981645409,0.8954176546581495],""quaternion_xyzw"":[-0.0016942118233024767,0.0016940206597040762,0.7071047529253541,0.7071047506067798]},""cream_cheese_1"":{""position"":[-0.15808728546890374,0.1763586190119179,0.9089214774181752],""quaternion_xyzw"":[0.0,0.0,1.0,0.0]},""white_yellow_mug_1"":{""position"":[0.22569569231111303,-0.1202043914874833,0.9000940748168837],""quaternion_xyzw"":[-7.47788246414112e-06,-1.0947823345992483e-05,0.7071071218390036,-0.7071064404096369]}}","{""akita_black_bowl_1"":{""position"":[0.23843476646555498,-0.3516894357675515,0.8984070750980836],""quaternion_xyzw"":[-1.38747553198176e-05,1.6673002342345344e-06,0.7071067792293568,0.7071067830056483]},""alphabet_soup_1"":{""position"":[0.22957940794420495,0.11042527496281448,0.9383929103724437],""quaternion_xyzw"":[0.0022510880914927297,0.7077061030915409,0.7064997314595236,-0.0022657663187015376]},""basket_1"":{""position"":[-0.15471651554351765,-0.014766799816493106,0.8954176546734635],""quaternion_xyzw"":[-0.0016942118263254776,0.0016940206626867296,0.707104752925347,0.7071047506067727]},""cream_cheese_1"":{""position"":[-0.15808728546890374,0.1763586190119179,0.9089214774186077],""quaternion_xyzw"":[0.0,0.0,1.0,0.0]},""white_yellow_mug_1"":{""position"":[0.2256956923111129,-0.1202043914874824,0.9000940748299845],""quaternion_xyzw"":[-7.477883678155294e-06,-1.0947825020273544e-05,0.7071071218390034,-0.7071064404096367]}}",{},True,1,0.0,0.0,0.0,True,True,[],True,
libero_36_proxy_tabletop_draft_v4,libero_registered_object_36_proxy_tabletop,libero_36_oracle_goal_v1,gate4_terminal_goal_semantics,full,31,0,cream_cheese*put_inside*middle,cream_cheese,put_inside,middle,receiver_region_negative,2,460312,cream_cheese_1,basket_1,right,/root/smolvla-libero-compositional-generalization/data/libero_36/bddl/task_031_layout_0_cream_cheese_put_inside_middle.bddl,a4e965943ad5f0e72868b9e0205d71d899a3d1aebc079f2036a34b3b870639c4,90018ab17fd879f0cfc5f43505f5ff293ecf5c74619e55e38791930f7d56dd68,"{""akita_black_bowl"":0,""alphabet_soup"":2,""cream_cheese"":3,""white_yellow_mug"":1}","[[""on"",""akita_black_bowl_1"",""main_table_source_slot_0_region""],[""on"",""white_yellow_mug_1"",""main_table_source_slot_1_region""],[""on"",""alphabet_soup_1"",""main_table_source_slot_2_region""],[""in"",""cream_cheese_1"",""basket_1_contain_region""],[""on"",""basket_1"",""main_table_target_right_region""]]",deterministic_bddl_init_substitution_using_libero_conditional_and_table_region_samplers,1,"{""camera_id"":2,""camera_name"":""agentview"",""camera_protocol_version"":""libero_36_agentview_v1"",""fovy_deg"":75.0,""height"":128,""position_m"":[0.6586131746834771,0.0,1.6103500240372424],""pre_apply_fovy_deg"":45.0,""quaternion_wxyz"":[0.6380177212293417,0.30484971880648903,0.30484983801576876,0.6380177212293417],""width"":128}",True,True,True,False,False,False,not_applicable,True,10,"[true,true,true,true,true,true,true,true,true,true]","[false,false,false,false,false,false,false,false,false,false]","[false,false,false,false,false,false,false,false,false,false]","[true,true,true,true,true,true,true,true,true,true,true,true,true,true,true,true,true,true,true,true]","[false,false,false,false,false,false,false,false,false,false,false,false,false,false,false,false,false,false,false,false]","[false,false,false,false,false,false,false,false,false,false,false,false,false,false,false,false,false,false,false,false]","[true,true,true,true,true,true,true,true,true,true,true,true,true,true,true,true,true,true,true,true]","[true,true,true,true,true,true,true,true,true,true,true,true,true,true,true,true,true,true,true,true]","[[],[],[],[],[],[],[],[],[],[],[],[],[],[],[],[],[],[],[],[]]",True,True,True,True,True,True,True,True,7.180665668035748e-14,1.7075472925031877e-06,True,"{""akita_black_bowl_1"":{""position"":[0.2329081830511725,-0.3567862355463937,0.8984070750975269],""quaternion_xyzw"":[-1.3874755277177498e-05,1.6673002283304598e-06,0.7071067792293568,0.7071067830056482]},""alphabet_soup_1"":{""position"":[0.22699609652194708,0.1274821501836046,0.9383929103724418],""quaternion_xyzw"":[0.0022510880914946288,0.7077061030915417,0.7064997314595225,-0.002265766318703172]},""basket_1"":{""position"":[-0.08197454862262683,0.23357412890648327,0.8954169933810915],""quaternion_xyzw"":[-0.001694110475337041,0.0016939192642788285,0.7071047531681537,0.7071047508497081]},""cream_cheese_1"":{""position"":[-0.08197521915620536,0.23360000807675452,0.9259207277222014],""quaternion_xyzw"":[-1.3520237507168734e-07,-1.3923420109560236e-06,0.9999999999990217,1.1163996432899616e-11]},""white_yellow_mug_1"":{""position"":[0.2353080598253789,-0.12478293920427712,0.9000940748294017],""quaternion_xyzw"":[-7.477883618707458e-06,-1.0947824938056024e-05,0.7071071218390034,-0.7071064404096367]}}","{""akita_black_bowl_1"":{""position"":[0.23290818305117258,-0.3567862355463937,0.8984070750980836],""quaternion_xyzw"":[-1.3874755319826718e-05,1.6673002342700097e-06,0.7071067792293568,0.7071067830056482]},""alphabet_soup_1"":{""position"":[0.22699609652194697,0.1274821501836046,0.9383929103724437],""quaternion_xyzw"":[0.0022510880914928186,0.7077061030915408,0.7064997314595234,-0.0022657663187014903]},""basket_1"":{""position"":[-0.08197454862262683,0.23357412890648166,0.89541699338179],""quaternion_xyzw"":[-0.00169411047546788,0.0016939192644076081,0.7071047531681535,0.7071047508497079]},""cream_cheese_1"":{""position"":[-0.08197521915634416,0.23360000807533401,0.9259207277228999],""quaternion_xyzw"":[-1.3520237655692018e-07,-1.3923418455929163e-06,0.9999999999990217,1.1163997178055152e-11]},""white_yellow_mug_1"":{""position"":[0.2353080598253789,-0.12478293920427712,0.9000940748299845],""quaternion_xyzw"":[-7.477883678167448e-06,-1.0947825020278064e-05,0.7071071218390034,-0.7071064404096367]}}",{},True,1,0.0,0.0,0.0,True,True,[],True,
libero_36_proxy_tabletop_draft_v4,libero_registered_object_36_proxy_tabletop,libero_36_oracle_goal_v1,gate4_terminal_goal_semantics,full,32,0,cream_cheese*put_inside*right,cream_cheese,put_inside,right,positive,0,460320,cream_cheese_1,basket_1,left,/root/smolvla-libero-compositional-generalization/data/libero_36/bddl/task_032_layout_0_cream_cheese_put_inside_right.bddl,d2ede15d0dc190530b94d6d2ef7037a151ce304a1582baff71ed0e1c70ef2bb1,305d8ef03dfe6b1e52289e93106c01531cc2c7f8f97170b4580adc05c7e4d3bc,"{""akita_black_bowl"":0,""alphabet_soup"":2,""cream_cheese"":3,""white_yellow_mug"":1}","[[""on"",""akita_black_bowl_1"",""main_table_source_slot_0_region""],[""on"",""white_yellow_mug_1"",""main_table_source_slot_1_region""],[""on"",""alphabet_soup_1"",""main_table_source_slot_2_region""],[""in"",""cream_cheese_1"",""basket_1_contain_region""],[""on"",""basket_1"",""main_table_target_right_region""]]",deterministic_bddl_init_substitution_using_libero_conditional_and_table_region_samplers,1,"{""camera_id"":2,""camera_name"":""agentview"",""camera_protocol_version"":""libero_36_agentview_v1"",""fovy_deg"":75.0,""height"":128,""position_m"":[0.6586131746834771,0.0,1.6103500240372424],""pre_apply_fovy_deg"":45.0,""quaternion_wxyz"":[0.6380177212293417,0.30484971880648903,0.30484983801576876,0.6380177212293417],""width"":128}",True,True,True,True,True,False,not_applicable,True,10,"[true,true,true,true,true,true,true,true,true,true]","[true,true,true,true,true,true,true,true,true,true]","[true,true,true,true,true,true,true,true,true,true]","[true,true,true,true,true,true,true,true,true,true,true,true,true,true,true,true,true,true,true,true]","[true,true,true,true,true,true,true,true,true,true,true,true,true,true,true,true,true,true,true,true]","[true,true,true,true,true,true,true,true,true,true,true,true,true,true,true,true,true,true,true,true]","[true,true,true,true,true,true,true,true,true,true,true,true,true,true,true,true,true,true,true,true]","[true,true,true,true,true,true,true,true,true,true,true,true,true,true,true,true,true,true,true,true]","[[],[],[],[],[],[],[],[],[],[],[],[],[],[],[],[],[],[],[],[]]",True,True,True,True,True,True,True,True,7.180665668035748e-14,1.7075472925031877e-06,True,"{""akita_black_bowl_1"":{""position"":[0.2361084544526113,-0.36473711708013185,0.8984070750975269],""quaternion_xyzw"":[-1.3874755277177917e-05,1.6673002283312726e-06,0.7071067792293568,0.7071067830056482]},""alphabet_soup_1"":{""position"":[0.22793274674480948,0.1286393930803504,0.9383929103724417],""quaternion_xyzw"":[0.0022510880914946092,0.7077061030915417,0.7064997314595225,-0.002265766318703207]},""basket_1"":{""position"":[-0.127460113269048,0.18012676434246436,0.8954169933810915],""quaternion_xyzw"":[-0.0016941104753370392,0.001693919264278822,0.7071047531681537,0.7071047508497083]},""cream_cheese_1"":{""position"":[-0.12746078380262496,0.18015264351273458,0.9259207277222014],""quaternion_xyzw"":[-1.3520237505470288e-07,-1.3923420109402853e-06,0.9999999999990217,1.1163048316254915e-11]},""white_yellow_mug_1"":{""position"":[0.2385623579550357,-0.11795459641248618,0.9000940748294017],""quaternion_xyzw"":[-7.477883618713586e-06,-1.094782493805415e-05,0.7071071218390034,-0.7071064404096367]}}","{""akita_black_bowl_1"":{""position"":[0.2361084544526114,-0.36473711708013185,0.8984070750980836],""quaternion_xyzw"":[-1.3874755319825399e-05,1.6673002342702955e-06,0.7071067792293568,0.7071067830056482]},""alphabet_soup_1"":{""position"":[0.22793274674480937,0.1286393930803504,0.9383929103724435],""quaternion_xyzw"":[0.002251088091492726,0.7077061030915409,0.7064997314595235,-0.002265766318701613]},""basket_1"":{""position"":[-0.127460113269048,0.18012676434246275,0.89541699338179],""quaternion_xyzw"":[-0.0016941104754678795,0.0016939192644075311,0.7071047531681535,0.707104750849708]},""cream_cheese_1"":{""position"":[-0.12746078380276374,0.18015264351131408,0.9259207277228999],""quaternion_xyzw"":[-1.352023765290166e-07,-1.39234184559379e-06,0.9999999999990217,1.1163048440131117e-11]},""white_yellow_mug_1"":{""position"":[0.2385623579550357,-0.11795459641248618,0.9000940748299845],""quaternion_xyzw"":[-7.477883678159618e-06,-1.094782502027604e-05,0.7071071218390034,-0.7071064404096367]}}",{},True,1,0.0,0.0,0.0,True,True,[],True,
libero_36_proxy_tabletop_draft_v4,libero_registered_object_36_proxy_tabletop,libero_36_oracle_goal_v1,gate4_terminal_goal_semantics,full,32,0,cream_cheese*put_inside*right,cream_cheese,put_inside,right,relation_negative,1,460321,cream_cheese_1,basket_1,left,/root/smolvla-libero-compositional-generalization/data/libero_36/bddl/task_032_layout_0_cream_cheese_put_inside_right.bddl,d2ede15d0dc190530b94d6d2ef7037a151ce304a1582baff71ed0e1c70ef2bb1,8080ada2c9750127ad2c5cac87b6cf871c99b2e16d0aace065e2aec613563abe,"{""akita_black_bowl"":0,""alphabet_soup"":2,""cream_cheese"":3,""white_yellow_mug"":1}","[[""on"",""akita_black_bowl_1"",""main_table_source_slot_0_region""],[""on"",""white_yellow_mug_1"",""main_table_source_slot_1_region""],[""on"",""alphabet_soup_1"",""main_table_source_slot_2_region""],[""on"",""cream_cheese_1"",""main_table_target_left_region""],[""on"",""basket_1"",""main_table_target_right_region""]]",deterministic_bddl_init_substitution_using_libero_conditional_and_table_region_samplers,1,"{""camera_id"":2,""camera_name"":""agentview"",""camera_protocol_version"":""libero_36_agentview_v1"",""fovy_deg"":75.0,""height"":128,""position_m"":[0.6586131746834771,0.0,1.6103500240372424],""pre_apply_fovy_deg"":45.0,""quaternion_wxyz"":[0.6380177212293417,0.30484971880648903,0.30484983801576876,0.6380177212293417],""width"":128}",True,True,False,True,False,False,not_applicable,True,9,"[false,false,false,false,false,false,false,false,false]","[true,true,true,true,true,true,true,true,true]","[false,false,false,false,false,false,false,false,false]","[false,false,false,false,false,false,false,false,false,false,false,false,false,false,false,false,false,false,false,false]","[true,true,true,true,true,true,true,true,true,true,true,true,true,true,true,true,true,true,true,true]","[false,false,false,false,false,false,false,false,false,false,false,false,false,false,false,false,false,false,false,false]","[true,true,true,true,true,true,true,true,true,true,true,true,true,true,true,true,true,true,true,true]","[true,true,true,true,true,true,true,true,true,true,true,true,true,true,true,true,true,true,true,true]","[[],[],[],[],[],[],[],[],[],[],[],[],[],[],[],[],[],[],[],[]]",True,True,True,True,True,True,True,True,0.0,1.7075472925031877e-06,True,"{""akita_black_bowl_1"":{""position"":[0.2287704818498764,-0.3526596599971246,0.8984070750855586],""quaternion_xyzw"":[-1.3874754374359703e-05,1.6673001080929558e-06,0.7071067792293568,0.7071067830056483]},""alphabet_soup_1"":{""position"":[0.23165019544284798,0.11768930485250076,0.9383929103723911],""quaternion_xyzw"":[0.002251088091534104,0.7077061030915653,0.7064997314594988,-0.002265766318742605]},""basket_1"":{""position"":[-0.14913683292756488,0.1938413693005635,0.8954176546581495],""quaternion_xyzw"":[-0.0016942118233024784,0.0016940206597040755,0.7071047529253541,0.7071047506067798]},""cream_cheese_1"":{""position"":[-0.08175341083103274,-0.2215249002014393,0.9089214774181752],""quaternion_xyzw"":[0.0,0.0,1.0,0.0]},""white_yellow_mug_1"":{""position"":[0.22552073315851082,-0.11600795114125854,0.9000940748168837],""quaternion_xyzw"":[-7.477882464155481e-06,-1.0947823346006749e-05,0.7071071218390036,-0.7071064404096369]}}","{""akita_black_bowl_1"":{""position"":[0.22877048184987991,-0.3526596599971293,0.8984070750980836],""quaternion_xyzw"":[-1.387475531982008e-05,1.6673002342340656e-06,0.7071067792293568,0.7071067830056483]},""alphabet_soup_1"":{""position"":[0.23165019544284368,0.11768930485249814,0.9383929103724437],""quaternion_xyzw"":[0.0022510880914927943,0.7077061030915408,0.7064997314595237,-0.0022657663187014812]},""basket_1"":{""position"":[-0.1491368329275647,0.1938413693005246,0.8954176546734635],""quaternion_xyzw"":[-0.0016942118263254782,0.0016940206626867307,0.707104752925347,0.7071047506067727]},""cream_cheese_1"":{""position"":[-0.08175341083103274,-0.2215249002014393,0.9089214774186077],""quaternion_xyzw"":[0.0,0.0,1.0,0.0]},""white_yellow_mug_1"":{""position"":[0.22552073315851068,-0.11600795114125764,0.9000940748299845],""quaternion_xyzw"":[-7.477883678155289e-06,-1.0947825020273375e-05,0.7071071218390034,-0.7071064404096367]}}",{},True,1,0.0,0.0,0.0,True,True,[],True,
libero_36_proxy_tabletop_draft_v4,libero_registered_object_36_proxy_tabletop,libero_36_oracle_goal_v1,gate4_terminal_goal_semantics,full,32,0,cream_cheese*put_inside*right,cream_cheese,put_inside,right,receiver_region_negative,2,460322,cream_cheese_1,basket_1,left,/root/smolvla-libero-compositional-generalization/data/libero_36/bddl/task_032_layout_0_cream_cheese_put_inside_right.bddl,d2ede15d0dc190530b94d6d2ef7037a151ce304a1582baff71ed0e1c70ef2bb1,c659fa68718d63fde356e88ac4d523cc3fb2e4e6641e41ed8b2c4cdefa136db7,"{""akita_black_bowl"":0,""alphabet_soup"":2,""cream_cheese"":3,""white_yellow_mug"":1}","[[""on"",""akita_black_bowl_1"",""main_table_source_slot_0_region""],[""on"",""white_yellow_mug_1"",""main_table_source_slot_1_region""],[""on"",""alphabet_soup_1"",""main_table_source_slot_2_region""],[""in"",""cream_cheese_1"",""basket_1_contain_region""],[""on"",""basket_1"",""main_table_target_left_region""]]",deterministic_bddl_init_substitution_using_libero_conditional_and_table_region_samplers,1,"{""camera_id"":2,""camera_name"":""agentview"",""camera_protocol_version"":""libero_36_agentview_v1"",""fovy_deg"":75.0,""height"":128,""position_m"":[0.6586131746834771,0.0,1.6103500240372424],""pre_apply_fovy_deg"":45.0,""quaternion_wxyz"":[0.6380177212293417,0.30484971880648903,0.30484983801576876,0.6380177212293417],""width"":128}",True,True,True,False,False,False,not_applicable,True,10,"[true,true,true,true,true,true,true,true,true,true]","[false,false,false,false,false,false,false,false,false,false]","[false,false,false,false,false,false,false,false,false,false]","[true,true,true,true,true,true,true,true,true,true,true,true,true,true,true,true,true,true,true,true]","[false,false,false,false,false,false,false,false,false,false,false,false,false,false,false,false,false,false,false,false]","[false,false,false,false,false,false,false,false,false,false,false,false,false,false,false,false,false,false,false,false]","[true,true,true,true,true,true,true,true,true,true,true,true,true,true,true,true,true,true,true,true]","[true,true,true,true,true,true,true,true,true,true,true,true,true,true,true,true,true,true,true,true]","[[],[],[],[],[],[],[],[],[],[],[],[],[],[],[],[],[],[],[],[]]",True,True,True,True,True,True,True,True,7.180665668035748e-14,1.7075472925031877e-06,True,"{""akita_black_bowl_1"":{""position"":[0.2339161938097288,-0.35746376959976034,0.8984070750975269],""quaternion_xyzw"":[-1.3874755277170243e-05,1.6673002283277478e-06,0.7071067792293568,0.7071067830056483]},""alphabet_soup_1"":{""position"":[0.22848514125039035,0.12210523647860454,0.9383929103724417],""quaternion_xyzw"":[0.0022510880914946075,0.7077061030915417,0.7064997314595225,-0.002265766318703141]},""basket_1"":{""position"":[-0.1147407855283377,-0.23202825779220201,0.8954169933810915],""quaternion_xyzw"":[-0.0016941104753370414,0.0016939192642788264,0.7071047531681537,0.7071047508497081]},""cream_cheese_1"":{""position"":[-0.11474145606191721,-0.23200237862193127,0.9259207277222014],""quaternion_xyzw"":[-1.3520237507429898e-07,-1.3923420109544246e-06,0.9999999999990217,1.1164491427745807e-11]},""white_yellow_mug_1"":{""position"":[0.2444493982233625,-0.1248715051500859,0.9000940748294017],""quaternion_xyzw"":[-7.4778836187104545e-06,-1.0947824938051446e-05,0.7071071218390034,-0.7071064404096367]}}","{""akita_black_bowl_1"":{""position"":[0.2339161938097289,-0.35746376959976034,0.8984070750980836],""quaternion_xyzw"":[-1.3874755319817821e-05,1.667300234233734e-06,0.7071067792293568,0.7071067830056483]},""alphabet_soup_1"":{""position"":[0.22848514125039024,0.12210523647860443,0.9383929103724435],""quaternion_xyzw"":[0.0022510880914927514,0.7077061030915409,0.7064997314595235,-0.0022657663187015745]},""basket_1"":{""position"":[-0.1147407855283377,-0.23202825779220362,0.89541699338179],""quaternion_xyzw"":[-0.0016941104754678803,0.0016939192644076066,0.7071047531681535,0.7071047508497079]},""cream_cheese_1"":{""position"":[-0.11474145606205602,-0.23200237862335177,0.9259207277228999],""quaternion_xyzw"":[-1.3520237654176106e-07,-1.3923418455947495e-06,0.9999999999990217,1.1164491563659896e-11]},""white_yellow_mug_1"":{""position"":[0.2444493982233625,-0.1248715051500859,0.9000940748299845],""quaternion_xyzw"":[-7.47788367815628e-06,-1.0947825020274395e-05,0.7071071218390034,-0.7071064404096367]}}",{},True,1,0.0,0.0,0.0,True,True,[],True,
libero_36_proxy_tabletop_draft_v4,libero_registered_object_36_proxy_tabletop,libero_36_oracle_goal_v1,gate4_terminal_goal_semantics,full,33,0,cream_cheese*push_to*left,cream_cheese,push_to,left,positive,0,460330,cream_cheese_1,,middle,/root/smolvla-libero-compositional-generalization/data/libero_36/bddl/task_033_layout_0_cream_cheese_push_to_left.bddl,d53489174eb9e3b86ee15b7ea025acf26119238d46792a41307afefbce89735f,b8a421ff2232e35226b72f5bbd1e93214fd3cd2906c66c80da02d2ba6c557fdb,"{""akita_black_bowl"":0,""alphabet_soup"":2,""cream_cheese"":3,""white_yellow_mug"":1}","[[""on"",""akita_black_bowl_1"",""main_table_source_slot_0_region""],[""on"",""white_yellow_mug_1"",""main_table_source_slot_1_region""],[""on"",""alphabet_soup_1"",""main_table_source_slot_2_region""],[""on"",""cream_cheese_1"",""main_table_target_left_region""]]",deterministic_bddl_init_substitution_using_libero_conditional_and_table_region_samplers,1,"{""camera_id"":2,""camera_name"":""agentview"",""camera_protocol_version"":""libero_36_agentview_v1"",""fovy_deg"":75.0,""height"":128,""position_m"":[0.6586131746834771,0.0,1.6103500240372424],""pre_apply_fovy_deg"":45.0,""quaternion_wxyz"":[0.6380177212293417,0.30484971880648903,0.30484983801576876,0.6380177212293417],""width"":128}",True,True,True,True,True,False,not_evaluated_gate5_required,True,9,"[true,true,true,true,true,true,true,true,true]","[true,true,true,true,true,true,true,true,true]","[true,true,true,true,true,true,true,true,true]","[true,true,true,true,true,true,true,true,true,true,true,true,true,true,true,true,true,true,true,true]","[true,true,true,true,true,true,true,true,true,true,true,true,true,true,true,true,true,true,true,true]","[true,true,true,true,true,true,true,true,true,true,true,true,true,true,true,true,true,true,true,true]","[true,true,true,true,true,true,true,true,true,true,true,true,true,true,true,true,true,true,true,true]","[true,true,true,true,true,true,true,true,true,true,true,true,true,true,true,true,true,true,true,true]","[[],[],[],[],[],[],[],[],[],[],[],[],[],[],[],[],[],[],[],[]]",True,True,True,True,True,True,True,True,0.0,1.7075472925031877e-06,True,"{""akita_black_bowl_1"":{""position"":[0.241965187879523,-0.35300146615791655,0.8984070750855586],""quaternion_xyzw"":[-1.3874754374368236e-05,1.6673001080847555e-06,0.7071067792293568,0.7071067830056483]},""alphabet_soup_1"":{""position"":[0.23766367127443766,0.1130698560496864,0.938392910372391],""quaternion_xyzw"":[0.0022510880915341458,0.7077061030915652,0.7064997314594987,-0.0022657663187425647]},""cream_cheese_1"":{""position"":[-0.15709484222532655,-0.2404509688948541,0.9089214774181752],""quaternion_xyzw"":[0.0,0.0,1.0,0.0]},""white_yellow_mug_1"":{""position"":[0.24371984093354346,-0.1292791771347446,0.9000940748168837],""quaternion_xyzw"":[-7.477882464135984e-06,-1.0947823346002419e-05,0.7071071218390036,-0.7071064404096369]}}","{""akita_black_bowl_1"":{""position"":[0.24196518787952653,-0.3530014661579212,0.8984070750980836],""quaternion_xyzw"":[-1.3874755319818787e-05,1.6673002342325733e-06,0.7071067792293568,0.7071067830056483]},""alphabet_soup_1"":{""position"":[0.23766367127443336,0.11306985604968381,0.9383929103724435],""quaternion_xyzw"":[0.0022510880914927713,0.7077061030915409,0.7064997314595235,-0.0022657663187015554]},""cream_cheese_1"":{""position"":[-0.15709484222532655,-0.2404509688948541,0.9089214774186077],""quaternion_xyzw"":[0.0,0.0,1.0,0.0]},""white_yellow_mug_1"":{""position"":[0.24371984093354332,-0.12927917713474377,0.9000940748299845],""quaternion_xyzw"":[-7.4778836781567454e-06,-1.0947825020272384e-05,0.7071071218390034,-0.7071064404096367]}}",{},True,1,0.0,0.0,0.0,True,True,[],True,
libero_36_proxy_tabletop_draft_v4,libero_registered_object_36_proxy_tabletop,libero_36_oracle_goal_v1,gate4_terminal_goal_semantics,full,33,0,cream_cheese*push_to*left,cream_cheese,push_to,left,relation_negative,1,460331,cream_cheese_1,,middle,/root/smolvla-libero-compositional-generalization/data/libero_36/bddl/task_033_layout_0_cream_cheese_push_to_left.bddl,d53489174eb9e3b86ee15b7ea025acf26119238d46792a41307afefbce89735f,97eb20a6d2a8021c8b61fec3174a39f63343f87f048e0d3ef9cff1a3cc5424e7,"{""akita_black_bowl"":0,""alphabet_soup"":2,""cream_cheese"":3,""white_yellow_mug"":1}","[[""on"",""akita_black_bowl_1"",""main_table_source_slot_0_region""],[""on"",""white_yellow_mug_1"",""main_table_source_slot_1_region""],[""on"",""alphabet_soup_1"",""main_table_source_slot_2_region""],[""on"",""cream_cheese_1"",""main_table_target_middle_region""]]",deterministic_bddl_init_substitution_using_libero_conditional_and_table_region_samplers,1,"{""camera_id"":2,""camera_name"":""agentview"",""camera_protocol_version"":""libero_36_agentview_v1"",""fovy_deg"":75.0,""height"":128,""position_m"":[0.6586131746834771,0.0,1.6103500240372424],""pre_apply_fovy_deg"":45.0,""quaternion_wxyz"":[0.6380177212293417,0.30484971880648903,0.30484983801576876,0.6380177212293417],""width"":128}",True,True,False,True,False,False,not_evaluated_gate5_required,True,9,"[false,false,false,false,false,false,false,false,false]","[true,true,true,true,true,true,true,true,true]","[false,false,false,false,false,false,false,false,false]","[false,false,false,false,false,false,false,false,false,false,false,false,false,false,false,false,false,false,false,false]","[true,true,true,true,true,true,true,true,true,true,true,true,true,true,true,true,true,true,true,true]","[false,false,false,false,false,false,false,false,false,false,false,false,false,false,false,false,false,false,false,false]","[true,true,true,true,true,true,true,true,true,true,true,true,true,true,true,true,true,true,true,true]","[true,true,true,true,true,true,true,true,true,true,true,true,true,true,true,true,true,true,true,true]","[[],[],[],[],[],[],[],[],[],[],[],[],[],[],[],[],[],[],[],[]]",True,True,True,True,True,True,True,True,0.0,1.7075472925031877e-06,True,"{""akita_black_bowl_1"":{""position"":[0.23780857707016612,-0.3641385913655753,0.8984070750855586],""quaternion_xyzw"":[-1.3874754374372993e-05,1.6673001080755251e-06,0.7071067792293568,0.7071067830056482]},""alphabet_soup_1"":{""position"":[0.23264750425327468,0.12523657927513923,0.938392910372391],""quaternion_xyzw"":[0.0022510880915341362,0.7077061030915652,0.7064997314594987,-0.0022657663187426206]},""cream_cheese_1"":{""position"":[-0.07695509399393297,-0.028765771731803808,0.9089214774181752],""quaternion_xyzw"":[-1.5862438792861406e-17,8.538058985652488e-18,1.0,-1.056386622051992e-23]},""white_yellow_mug_1"":{""position"":[0.2283948392016632,-0.12506011279349777,0.9000940748168837],""quaternion_xyzw"":[-7.477882464161466e-06,-1.0947823346018399e-05,0.7071071218390036,-0.7071064404096369]}}","{""akita_black_bowl_1"":{""position"":[0.23780857707016964,-0.36413859136557997,0.8984070750980836],""quaternion_xyzw"":[-1.3874755319828936e-05,1.6673002342711195e-06,0.7071067792293568,0.7071067830056482]},""alphabet_soup_1"":{""position"":[0.23264750425327035,0.12523657927513668,0.9383929103724435],""quaternion_xyzw"":[0.0022510880914927344,0.7077061030915409,0.7064997314595235,-0.0022657663187015935]},""cream_cheese_1"":{""position"":[-0.07695509399393297,-0.028765771731803808,0.9089214774186077],""quaternion_xyzw"":[-2.2753596315811932e-17,1.3840287737958773e-17,1.0,2.03619370314069e-18]},""white_yellow_mug_1"":{""position"":[0.22839483920166306,-0.12506011279349694,0.9000940748299845],""quaternion_xyzw"":[-7.477883678153946e-06,-1.0947825020272047e-05,0.7071071218390034,-0.7071064404096367]}}",{},True,1,0.0,0.0,0.0,True,True,[],True,
libero_36_proxy_tabletop_draft_v4,libero_registered_object_36_proxy_tabletop,libero_36_oracle_goal_v1,gate4_terminal_goal_semantics,full,34,0,cream_cheese*push_to*middle,cream_cheese,push_to,middle,positive,0,460340,cream_cheese_1,,right,/root/smolvla-libero-compositional-generalization/data/libero_36/bddl/task_034_layout_0_cream_cheese_push_to_middle.bddl,d2a9e9dc0c2eb6dba5c462a7624a9ba215778e416b9ad2239b800033ce5b33c7,323d2c2333c54dd77945d1a5d83e67f18ca2529ca504f4e3ac682a11171ce06a,"{""akita_black_bowl"":0,""alphabet_soup"":2,""cream_cheese"":3,""white_yellow_mug"":1}","[[""on"",""akita_black_bowl_1"",""main_table_source_slot_0_region""],[""on"",""white_yellow_mug_1"",""main_table_source_slot_1_region""],[""on"",""alphabet_soup_1"",""main_table_source_slot_2_region""],[""on"",""cream_cheese_1"",""main_table_target_middle_region""]]",deterministic_bddl_init_substitution_using_libero_conditional_and_table_region_samplers,1,"{""camera_id"":2,""camera_name"":""agentview"",""camera_protocol_version"":""libero_36_agentview_v1"",""fovy_deg"":75.0,""height"":128,""position_m"":[0.6586131746834771,0.0,1.6103500240372424],""pre_apply_fovy_deg"":45.0,""quaternion_wxyz"":[0.6380177212293417,0.30484971880648903,0.30484983801576876,0.6380177212293417],""width"":128}",True,True,True,True,True,False,not_evaluated_gate5_required,True,9,"[true,true,true,true,true,true,true,true,true]","[true,true,true,true,true,true,true,true,true]","[true,true,true,true,true,true,true,true,true]","[true,true,true,true,true,true,true,true,true,true,true,true,true,true,true,true,true,true,true,true]","[true,true,true,true,true,true,true,true,true,true,true,true,true,true,true,true,true,true,true,true]","[true,true,true,true,true,true,true,true,true,true,true,true,true,true,true,true,true,true,true,true]","[true,true,true,true,true,true,true,true,true,true,true,true,true,true,true,true,true,true,true,true]","[true,true,true,true,true,true,true,true,true,true,true,true,true,true,true,true,true,true,true,true]","[[],[],[],[],[],[],[],[],[],[],[],[],[],[],[],[],[],[],[],[]]",True,True,True,True,True,True,True,True,0.0,1.7075472925031877e-06,True,"{""akita_black_bowl_1"":{""position"":[0.2323900030444634,-0.3545802992137121,0.8984070750855586],""quaternion_xyzw"":[-1.3874754374378304e-05,1.6673001080747582e-06,0.7071067792293568,0.7071067830056482]},""alphabet_soup_1"":{""position"":[0.22561342624228212,0.12527973067186926,0.9383929103723911],""quaternion_xyzw"":[0.002251088091534167,0.7077061030915653,0.7064997314594988,-0.0022657663187425642]},""cream_cheese_1"":{""position"":[-0.1601832390612343,-0.006101020592300652,0.9089214774181752],""quaternion_xyzw"":[0.0,0.0,1.0,0.0]},""white_yellow_mug_1"":{""position"":[0.23122484202503388,-0.12898815338153963,0.9000940748168837],""quaternion_xyzw"":[-7.477882464154346e-06,-1.0947823346010293e-05,0.7071071218390036,-0.7071064404096369]}}","{""akita_black_bowl_1"":{""position"":[0.23239000304446691,-0.35458029921371675,0.8984070750980836],""quaternion_xyzw"":[-1.3874755319818816e-05,1.667300234260458e-06,0.7071067792293568,0.7071067830056482]},""alphabet_soup_1"":{""position"":[0.22561342624227781,0.12527973067186668,0.9383929103724437],""quaternion_xyzw"":[0.002251088091492728,0.7077061030915409,0.7064997314595236,-0.0022657663187015393]},""cream_cheese_1"":{""position"":[-0.1601832390612343,-0.006101020592300652,0.9089214774186077],""quaternion_xyzw"":[0.0,0.0,1.0,0.0]},""white_yellow_mug_1"":{""position"":[0.23122484202503374,-0.1289881533815388,0.9000940748299845],""quaternion_xyzw"":[-7.47788367815623e-06,-1.094782502027278e-05,0.7071071218390034,-0.7071064404096367]}}",{},True,1,0.0,0.0,0.0,True,True,[],True,
libero_36_proxy_tabletop_draft_v4,libero_registered_object_36_proxy_tabletop,libero_36_oracle_goal_v1,gate4_terminal_goal_semantics,full,34,0,cream_cheese*push_to*middle,cream_cheese,push_to,middle,relation_negative,1,460341,cream_cheese_1,,right,/root/smolvla-libero-compositional-generalization/data/libero_36/bddl/task_034_layout_0_cream_cheese_push_to_middle.bddl,d2a9e9dc0c2eb6dba5c462a7624a9ba215778e416b9ad2239b800033ce5b33c7,71134a6a077ef27d1ff29e6795cbe85e9db5ba6d6b1880f67c77af8921bcff32,"{""akita_black_bowl"":0,""alphabet_soup"":2,""cream_cheese"":3,""white_yellow_mug"":1}","[[""on"",""akita_black_bowl_1"",""main_table_source_slot_0_region""],[""on"",""white_yellow_mug_1"",""main_table_source_slot_1_region""],[""on"",""alphabet_soup_1"",""main_table_source_slot_2_region""],[""on"",""cream_cheese_1"",""main_table_target_right_region""]]",deterministic_bddl_init_substitution_using_libero_conditional_and_table_region_samplers,1,"{""camera_id"":2,""camera_name"":""agentview"",""camera_protocol_version"":""libero_36_agentview_v1"",""fovy_deg"":75.0,""height"":128,""position_m"":[0.6586131746834771,0.0,1.6103500240372424],""pre_apply_fovy_deg"":45.0,""quaternion_wxyz"":[0.6380177212293417,0.30484971880648903,0.30484983801576876,0.6380177212293417],""width"":128}",True,True,False,True,False,False,not_evaluated_gate5_required,True,9,"[false,false,false,false,false,false,false,false,false]","[true,true,true,true,true,true,true,true,true]","[false,false,false,false,false,false,false,false,false]","[false,false,false,false,false,false,false,false,false,false,false,false,false,false,false,false,false,false,false,false]","[true,true,true,true,true,true,true,true,true,true,true,true,true,true,true,true,true,true,true,true]","[false,false,false,false,false,false,false,false,false,false,false,false,false,false,false,false,false,false,false,false]","[true,true,true,true,true,true,true,true,true,true,true,true,true,true,true,true,true,true,true,true]","[true,true,true,true,true,true,true,true,true,true,true,true,true,true,true,true,true,true,true,true]","[[],[],[],[],[],[],[],[],[],[],[],[],[],[],[],[],[],[],[],[]]",True,True,True,True,True,True,True,True,0.0,1.7075472925031877e-06,True,"{""akita_black_bowl_1"":{""position"":[0.24251873262159296,-0.3632494635385425,0.8984070750855586],""quaternion_xyzw"":[-1.3874754374374033e-05,1.667300108076789e-06,0.7071067792293568,0.7071067830056482]},""alphabet_soup_1"":{""position"":[0.23602296714331722,0.12017989315670471,0.9383929103723911],""quaternion_xyzw"":[0.002251088091534171,0.7077061030915653,0.7064997314594988,-0.0022657663187425265]},""cream_cheese_1"":{""position"":[-0.1300670733657167,0.19492882639194287,0.9089214774181752],""quaternion_xyzw"":[0.0,0.0,1.0,0.0]},""white_yellow_mug_1"":{""position"":[0.23681835507865867,-0.12051915021901805,0.9000940748168837],""quaternion_xyzw"":[-7.477882464133663e-06,-1.094782334600354e-05,0.7071071218390036,-0.7071064404096369]}}","{""akita_black_bowl_1"":{""position"":[0.24251873262159648,-0.36324946353854715,0.8984070750980836],""quaternion_xyzw"":[-1.3874755319831616e-05,1.667300234270238e-06,0.7071067792293568,0.7071067830056482]},""alphabet_soup_1"":{""position"":[0.23602296714331295,0.1201798931567021,0.9383929103724437],""quaternion_xyzw"":[0.002251088091492874,0.7077061030915407,0.7064997314595236,-0.0022657663187014066]},""cream_cheese_1"":{""position"":[-0.1300670733657167,0.19492882639194287,0.9089214774186077],""quaternion_xyzw"":[0.0,0.0,1.0,0.0]},""white_yellow_mug_1"":{""position"":[0.23681835507865853,-0.12051915021901714,0.9000940748299845],""quaternion_xyzw"":[-7.477883678152819e-06,-1.0947825020271905e-05,0.7071071218390034,-0.7071064404096367]}}",{},True,1,0.0,0.0,0.0,True,True,[],True,
libero_36_proxy_tabletop_draft_v4,libero_registered_object_36_proxy_tabletop,libero_36_oracle_goal_v1,gate4_terminal_goal_semantics,full,35,0,cream_cheese*push_to*right,cream_cheese,push_to,right,positive,0,460350,cream_cheese_1,,left,/root/smolvla-libero-compositional-generalization/data/libero_36/bddl/task_035_layout_0_cream_cheese_push_to_right.bddl,94084e79a0bf2e1630d18ae1c13a8f19efd60f2e060d3fcf9095718a5a52150d,1a582da170a531dcffc762265489a2b0d56d407efa74aa40504b6e69d2559d0c,"{""akita_black_bowl"":0,""alphabet_soup"":2,""cream_cheese"":3,""white_yellow_mug"":1}","[[""on"",""akita_black_bowl_1"",""main_table_source_slot_0_region""],[""on"",""white_yellow_mug_1"",""main_table_source_slot_1_region""],[""on"",""alphabet_soup_1"",""main_table_source_slot_2_region""],[""on"",""cream_cheese_1"",""main_table_target_right_region""]]",deterministic_bddl_init_substitution_using_libero_conditional_and_table_region_samplers,1,"{""camera_id"":2,""camera_name"":""agentview"",""camera_protocol_version"":""libero_36_agentview_v1"",""fovy_deg"":75.0,""height"":128,""position_m"":[0.6586131746834771,0.0,1.6103500240372424],""pre_apply_fovy_deg"":45.0,""quaternion_wxyz"":[0.6380177212293417,0.30484971880648903,0.30484983801576876,0.6380177212293417],""width"":128}",True,True,True,True,True,False,not_evaluated_gate5_required,True,9,"[true,true,true,true,true,true,true,true,true]","[true,true,true,true,true,true,true,true,true]","[true,true,true,true,true,true,true,true,true]","[true,true,true,true,true,true,true,true,true,true,true,true,true,true,true,true,true,true,true,true]","[true,true,true,true,true,true,true,true,true,true,true,true,true,true,true,true,true,true,true,true]","[true,true,true,true,true,true,true,true,true,true,true,true,true,true,true,true,true,true,true,true]","[true,true,true,true,true,true,true,true,true,true,true,true,true,true,true,true,true,true,true,true]","[true,true,true,true,true,true,true,true,true,true,true,true,true,true,true,true,true,true,true,true]","[[],[],[],[],[],[],[],[],[],[],[],[],[],[],[],[],[],[],[],[]]",True,True,True,True,True,True,True,True,0.0,1.7075472925031877e-06,True,"{""akita_black_bowl_1"":{""position"":[0.23758797197784148,-0.3667097647041982,0.8984070750855586],""quaternion_xyzw"":[-1.3874754374372171e-05,1.6673001080751838e-06,0.7071067792293568,0.7071067830056482]},""alphabet_soup_1"":{""position"":[0.24074180623307334,0.12162686542930533,0.938392910372391],""quaternion_xyzw"":[0.002251088091534112,0.7077061030915651,0.7064997314594988,-0.0022657663187426874]},""cream_cheese_1"":{""position"":[-0.08884999852450139,0.20245605199127967,0.9089214774181752],""quaternion_xyzw"":[-3.5263037610220996e-17,1.3558404588019125e-17,1.0,3.861513401447817e-25]},""white_yellow_mug_1"":{""position"":[0.23088183334488496,-0.12697379979956985,0.9000940748168837],""quaternion_xyzw"":[-7.477882464154194e-06,-1.0947823346009762e-05,0.7071071218390036,-0.7071064404096369]}}","{""akita_black_bowl_1"":{""position"":[0.237587971977845,-0.36670976470420286,0.8984070750980836],""quaternion_xyzw"":[-1.3874755319830725e-05,1.6673002342744083e-06,0.7071067792293568,0.7071067830056482]},""alphabet_soup_1"":{""position"":[0.24074180623306907,0.1216268654293027,0.9383929103724435],""quaternion_xyzw"":[0.002251088091492717,0.7077061030915407,0.7064997314595236,-0.0022657663187015914]},""cream_cheese_1"":{""position"":[-0.08884999852450139,0.20245605199127967,0.9089214774186077],""quaternion_xyzw"":[-4.0880893356675195e-17,6.796690715742479e-18,1.0,-5.2181036376284836e-18]},""white_yellow_mug_1"":{""position"":[0.23088183334488482,-0.12697379979956902,0.9000940748299845],""quaternion_xyzw"":[-7.477883678159574e-06,-1.094782502027704e-05,0.7071071218390034,-0.7071064404096367]}}",{},True,1,0.0,0.0,0.0,True,True,[],True,
libero_36_proxy_tabletop_draft_v4,libero_registered_object_36_proxy_tabletop,libero_36_oracle_goal_v1,gate4_terminal_goal_semantics,full,35,0,cream_cheese*push_to*right,cream_cheese,push_to,right,relation_negative,1,460351,cream_cheese_1,,left,/root/smolvla-libero-compositional-generalization/data/libero_36/bddl/task_035_layout_0_cream_cheese_push_to_right.bddl,94084e79a0bf2e1630d18ae1c13a8f19efd60f2e060d3fcf9095718a5a52150d,8ea23b5160f850c17d70439bebc0482436f03e2bcd54ff89d8792b1f9df79281,"{""akita_black_bowl"":0,""alphabet_soup"":2,""cream_cheese"":3,""white_yellow_mug"":1}","[[""on"",""akita_black_bowl_1"",""main_table_source_slot_0_region""],[""on"",""white_yellow_mug_1"",""main_table_source_slot_1_region""],[""on"",""alphabet_soup_1"",""main_table_source_slot_2_region""],[""on"",""cream_cheese_1"",""main_table_target_left_region""]]",deterministic_bddl_init_substitution_using_libero_conditional_and_table_region_samplers,1,"{""camera_id"":2,""camera_name"":""agentview"",""camera_protocol_version"":""libero_36_agentview_v1"",""fovy_deg"":75.0,""height"":128,""position_m"":[0.6586131746834771,0.0,1.6103500240372424],""pre_apply_fovy_deg"":45.0,""quaternion_wxyz"":[0.6380177212293417,0.30484971880648903,0.30484983801576876,0.6380177212293417],""width"":128}",True,True,False,True,False,False,not_evaluated_gate5_required,True,9,"[false,false,false,false,false,false,false,false,false]","[true,true,true,true,true,true,true,true,true]","[false,false,false,false,false,false,false,false,false]","[false,false,false,false,false,false,false,false,false,false,false,false,false,false,false,false,false,false,false,false]","[true,true,true,true,true,true,true,true,true,true,true,true,true,true,true,true,true,true,true,true]","[false,false,false,false,false,false,false,false,false,false,false,false,false,false,false,false,false,false,false,false]","[true,true,true,true,true,true,true,true,true,true,true,true,true,true,true,true,true,true,true,true]","[true,true,true,true,true,true,true,true,true,true,true,true,true,true,true,true,true,true,true,true]","[[],[],[],[],[],[],[],[],[],[],[],[],[],[],[],[],[],[],[],[]]",True,True,True,True,True,True,True,True,0.0,1.7075472925031877e-06,True,"{""akita_black_bowl_1"":{""position"":[0.23450237935248766,-0.35719920048017967,0.8984070750855586],""quaternion_xyzw"":[-1.3874754374368729e-05,1.6673001080837308e-06,0.7071067792293568,0.7071067830056483]},""alphabet_soup_1"":{""position"":[0.2287279024032496,0.11277314926266917,0.9383929103723911],""quaternion_xyzw"":[0.0022510880915340486,0.7077061030915653,0.7064997314594988,-0.0022657663187426796]},""cream_cheese_1"":{""position"":[-0.11761611166211763,-0.1785578751421153,0.9089214774181752],""quaternion_xyzw"":[0.0,0.0,1.0,0.0]},""white_yellow_mug_1"":{""position"":[0.22947691814357482,-0.1282295369775056,0.9000940748168837],""quaternion_xyzw"":[-7.477882464154594e-06,-1.0947823346014916e-05,0.7071071218390036,-0.7071064404096369]}}","{""akita_black_bowl_1"":{""position"":[0.23450237935249119,-0.35719920048018433,0.8984070750980836],""quaternion_xyzw"":[-1.3874755319819839e-05,1.6673002342328385e-06,0.7071067792293568,0.7071067830056483]},""alphabet_soup_1"":{""position"":[0.2287279024032453,0.11277314926266656,0.9383929103724437],""quaternion_xyzw"":[0.002251088091492692,0.7077061030915407,0.7064997314595236,-0.0022657663187015797]},""cream_cheese_1"":{""position"":[-0.11761611166211763,-0.1785578751421153,0.9089214774186077],""quaternion_xyzw"":[0.0,0.0,1.0,0.0]},""white_yellow_mug_1"":{""position"":[0.22947691814357468,-0.12822953697750478,0.9000940748299845],""quaternion_xyzw"":[-7.477883678152045e-06,-1.0947825020270102e-05,0.7071071218390034,-0.7071064404096367]}}",{},True,1,0.0,0.0,0.0,True,True,[],True,
